timestamp,machine_id,temperature_c,pressure_bar,vibration_mm_s,energy_kwh
2026-08-01 00:00:00,M-103,74.60561214189669,5.424497437645696,1.5790649722798027,36.00379498109532
2026-08-01 00:10:00,M-104,75.22607792975029,5.046033106992743,1.6534952001339014,44.73201212720056
2026-08-01 00:20:00,M-101,74.77802233001724,5.287784616440171,1.7112159450190665,45.4535082927309
2026-08-01 00:30:00,M-103,72.44790340627624,5.441865417072893,2.0162614456039663,42.60916624937773
2026-08-01 00:40:00,M-103,71.01330789846337,4.939693122005651,2.027260004443236,45.5580360196616
2026-08-01 00:50:00,M-104,71.24363358173244,5.165127565048156,2.5404324322334157,55.22793204252387
2026-08-01 01:00:00,M-101,71.0254585982366,5.17370644645113,2.134769308778242,43.002329614883124
2026-08-01 01:10:00,M-101,77.66885048433532,5.571881492798736,1.0523520072147623,51.815986156573786
2026-08-01 01:20:00,M-103,74.96778361140431,4.7202855227675435,2.0919246957550914,41.240452522748896
2026-08-01 01:30:00,M-102,57.2980568266786,5.176806006126557,1.4924942753413637,46.673502965255096
2026-08-01 01:40:00,M-103,75.27950388264881,6.060402461073714,1.6619101763859623,50.26687486429215
2026-08-01 01:50:00,M-103,72.97368097359387,5.723827068663672,1.7157406848957846,41.02430108367008
2026-08-01 02:00:00,M-103,71.90645621777051,5.807130571999918,1.7678315867706944,38.81795696962517
2026-08-01 02:10:00,M-103,70.05740773455557,5.210994328080115,1.5186977127858938,51.44314705405222
2026-08-01 02:20:00,M-104,77.62056359993007,5.34444890365871,2.0712187012083008,55.86156279538447
2026-08-01 02:30:00,M-101,76.73763231061429,5.651006275016316,1.5062192002181642,47.44654486358839
2026-08-01 02:40:00,M-104,68.13561166088195,5.902114988288919,2.1248336625374464,44.79880965410307
2026-08-01 02:50:00,M-104,,4.321778689202701,2.7829398769715703,49.08972771381871
2026-08-01 03:00:00,M-104,67.14171632729357,4.60805141182757,1.5347243293730777,48.388359431357664
2026-08-01 03:10:00,M-103,65.10190917605534,5.789249845631192,1.9004213934812721,49.70031778497876
2026-08-01 03:20:00,M-102,68.86641387705018,5.075399789904038,1.1167899231206357,30.302284297804
2026-08-01 03:30:00,M-101,76.31196736191379,4.897725644833866,1.8946726474604534,40.51626996183826
2026-08-01 03:40:00,M-102,76.76562522688043,4.635627555851978,2.2249510034210194,42.083389261942024
2026-08-01 03:50:00,M-104,74.56542710048646,4.950242484305151,2.2522237309750435,49.05607339958094
2026-08-01 04:00:00,M-104,75.62547893423998,4.568933822459279,2.027077305599434,49.301145185355864
2026-08-01 04:10:00,M-102,74.5808914355748,6.140992422729615,2.3112421986656413,52.453263420788254
2026-08-01 04:20:00,M-102,68.79259202388523,5.189903776608742,2.891119087579977,49.80307224447306
2026-08-01 04:30:00,M-102,74.1596127233697,5.173922256206778,2.5993066406031597,38.89485450728865
2026-08-01 04:40:00,M-104,76.0020476261384,5.464634503825525,1.817117674706627,58.12903232309542
2026-08-01 04:50:00,M-104,75.77145664906787,5.6330553261699565,1.4921136047366415,56.903428123956566
2026-08-01 05:00:00,M-101,77.94456685737322,5.6256496704495875,1.8578470041991688,39.19261896981152
2026-08-01 05:10:00,M-101,75.54151923600531,5.683129874758407,1.668556032033928,50.32893706061928
2026-08-01 05:20:00,M-104,73.75724103770791,4.916119502144115,2.1579716417526216,43.83202930329889
2026-08-01 05:30:00,M-102,77.35075119158213,5.065959937769413,1.5865822611996756,48.97204792440384
2026-08-01 05:40:00,M-102,71.8673937037547,5.546064244949024,1.9745121485933803,55.37317195749309
2026-08-01 05:50:00,M-101,67.5906267438614,4.962674922262171,2.2933049190877086,62.91072986424671
2026-08-01 06:00:00,M-104,71.18466518028119,5.197702015587749,1.964756444513988,53.258943935998275
2026-08-01 06:10:00,M-101,68.27548677596775,5.379443693991167,1.6687901620382712,50.064543145770955
2026-08-01 06:20:00,M-101,68.62410862512809,5.55333328703967,2.411184920154992,45.62125182184192
2026-08-01 06:30:00,M-103,71.2774066464224,4.40004356693341,1.3423566693361604,49.27494409707823
2026-08-01 06:40:00,M-103,68.0379003950002,5.521635542450025,1.8852717304428879,57.518403253298196
2026-08-01 06:50:00,M-103,70.46019235180479,5.094824173966724,1.9854189918165328,47.687038702682905
2026-08-01 07:00:00,M-102,62.53192666523107,5.5183559698889715,2.005568030439871,41.79721144056645
2026-08-01 07:10:00,M-104,73.06646853686469,5.549619261559673,2.0631736196273285,36.662170941383614
2026-08-01 07:20:00,M-104,72.00602737681112,,2.213653936933323,51.591335071871754
2026-08-01 07:30:00,M-104,67.91455684465905,5.809054141429542,1.9876073963341272,49.731016879394176
2026-08-01 07:40:00,M-104,75.29622834216202,5.805957248174633,1.8711796012497117,43.47864278716392
2026-08-01 07:50:00,M-103,76.6878506881328,5.849651643624807,1.8573437293691066,55.182098879951084
2026-08-01 08:00:00,M-102,63.96220067815513,5.3311205431671755,1.785969469286576,45.04756194928659
2026-08-01 08:10:00,M-102,68.18637610716893,5.214483289166578,2.275640163514403,47.05749135722643
2026-08-01 08:20:00,M-103,68.1542882510635,5.592767687430251,1.7737150321832198,47.88335106691439
2026-08-01 08:30:00,M-102,67.30048449445567,5.5294364281448605,2.2963698881528853,45.543330805033385
2026-08-01 08:40:00,M-103,76.14737420965874,5.060920193467783,2.006649678790955,49.651055460246994
2026-08-01 08:50:00,M-104,71.03086930613598,5.382170533963721,1.8175608176003546,56.06060602153101
2026-08-01 09:00:00,M-103,70.67742579344694,5.184206589946933,2.2164425255104474,40.00262671317104
2026-08-01 09:10:00,M-104,61.98068817796623,4.815730191192975,1.7453911263469086,51.41964096931806
2026-08-01 09:20:00,M-104,75.17709015104613,5.7807073336193575,2.2233644142548745,49.20511068724509
2026-08-01 09:30:00,M-101,65.80370802573263,5.22483965913854,2.0744541424171246,49.07634680681294
2026-08-01 09:40:00,M-103,72.29966315133164,6.121918715964483,1.7912863588178278,54.10291198911864
2026-08-01 09:50:00,M-101,73.38688468979096,4.468528478410075,2.185022185367096,48.34508197652011
2026-08-01 10:00:00,M-103,78.80329297919326,4.949449552220486,2.1913064039910237,51.36160483333992
2026-08-01 10:10:00,M-103,65.45589800440445,5.214687476510893,2.4051318620334854,53.01105240699803
2026-08-01 10:20:00,M-101,56.90243922089587,5.711821493933011,2.3381514543432536,44.469443597335754
2026-08-01 10:30:00,M-101,72.91924772376848,5.379761217670984,2.171945907254199,50.09428422569659
2026-08-01 10:40:00,M-103,81.00255590755427,5.339712739381338,1.605343167076933,46.24448674952558
2026-08-01 10:50:00,M-102,78.19473176469718,4.692731293350634,2.8570054458609198,47.07122754196073
2026-08-01 11:00:00,M-104,73.04829707637313,4.679376371246738,1.5087343261248665,45.74557022465168
2026-08-01 11:10:00,M-101,69.54181907183977,5.345127097130457,2.3322421109988083,51.2975628286782
2026-08-01 11:20:00,M-104,76.03561298318655,4.586152302781739,2.1509493359102043,48.57151296312777
2026-08-01 11:30:00,M-102,67.13226900147765,4.960655012369802,1.58905016963161,50.76180824021672
2026-08-01 11:40:00,M-102,74.38178884678109,5.425412798088636,1.9564946713925253,47.87737845972976
2026-08-01 11:50:00,M-102,74.52735079583313,4.757954077475451,1.9724364898143758,36.77115291270773
2026-08-01 12:00:00,M-101,77.30104953749439,5.922410183062813,2.4569539505336833,48.21957891269796
2026-08-01 12:10:00,M-102,85.7983001945554,5.750771354907051,1.750341184901926,48.44476568609772
2026-08-01 12:20:00,M-101,73.96207983589383,4.492861000747765,1.908319247751476,49.69817156007422
2026-08-01 12:30:00,M-102,69.4551818714625,4.780432940568106,1.1823756382425579,43.843895644199804
2026-08-01 12:40:00,M-104,71.87212843904003,4.171400239977273,2.607166977593252,39.63171198334142
2026-08-01 12:50:00,M-104,63.15462047555441,4.847833886853341,1.625336114942975,52.37224651425994
2026-08-01 13:00:00,M-103,68.52643434455472,5.54487481445758,2.114418802483711,46.08475410426082
2026-08-01 13:10:00,M-104,69.95358780943448,5.013747275976314,1.9645072595973476,49.19870833379497
2026-08-01 13:20:00,M-103,69.37955801032703,5.4073587596271855,1.965699661625831,46.02977944078193
2026-08-01 13:30:00,M-104,72.76177436016862,4.514949556773216,2.283451694704806,47.95756721958484
2026-08-01 13:40:00,M-101,67.887900338089,5.559088864561858,2.584941861106272,44.85500256444934
2026-08-01 13:50:00,M-104,77.60515333662235,4.950200847432242,2.0880227844796972,41.223414875923204
2026-08-01 14:00:00,M-103,72.00103532459099,5.205476357027307,2.229277306170684,51.3161216253806
2026-08-01 14:10:00,M-103,71.95349839430693,5.158206474373126,2.1151120378544643,43.77815938241716
2026-08-01 14:20:00,M-102,70.36052641743541,4.627803165598472,2.356135998375719,49.14766036626367
2026-08-01 14:30:00,M-101,72.7759534192949,4.681112050717098,1.8379792671797854,50.87322155331454
2026-08-01 14:40:00,M-104,76.12549132333817,5.635507511051542,2.376386694045745,43.89231099077843
2026-08-01 14:50:00,M-102,67.6643489214455,5.379546470875763,2.3886749529765843,39.57280055938911
2026-08-01 15:00:00,M-104,68.70941755462371,5.672522068699042,2.3788879530390186,64.98259929697137
2026-08-01 15:10:00,M-104,70.48136985611667,5.346096205976133,1.7689482464322335,44.30559686838202
2026-08-01 15:20:00,M-102,65.27064538263393,5.264345785664148,1.9410818280169833,52.363920110208106
2026-08-01 15:30:00,M-102,67.90371070139251,4.423295221599956,2.0838134460731523,61.57624484699087
2026-08-01 15:40:00,M-102,69.6188956322767,5.078334986457474,1.520205284309848,53.52935422797725
2026-08-01 15:50:00,M-102,76.37194590356364,5.187677055818315,2.5582220728301053,45.89690033820714
2026-08-01 16:00:00,M-102,73.31280664500963,6.078898239222658,1.9957032132742385,47.53018528725422
2026-08-01 16:10:00,M-104,72.96794955683772,5.509130484444405,2.0993747606616524,42.171749461828064
2026-08-01 16:20:00,M-102,76.25448981083986,5.891227531769288,1.7980484460954789,54.1718749887042
2026-08-01 16:30:00,M-101,71.31314105800301,5.4688919676526275,1.535592854221542,51.96389495641082
2026-08-01 16:40:00,M-103,73.95232424964445,4.879913547872734,1.78858954008383,44.3990192721678
2026-08-01 16:50:00,M-102,71.48389123533752,5.252705897267433,2.076721465671756,40.70477635031089
2026-08-01 17:00:00,M-102,73.32681174699815,5.306300640818905,2.235700084463793,38.75136383635416
2026-08-01 17:10:00,M-104,69.08620671194208,4.777379993603193,2.056627039210952,54.905598026629406
2026-08-01 17:20:00,M-102,59.80591420861786,5.027025680533185,2.121353405684683,48.84261190268892
2026-08-01 17:30:00,M-102,71.32860418906849,5.1074048528452725,1.8820407688615182,49.504891754329265
2026-08-01 17:40:00,M-102,79.1137406804997,5.922528924654303,2.1736869981858997,42.2393596189635
2026-08-01 17:50:00,M-104,76.63107701120796,4.26366676357406,2.5189915032350676,37.755478276869155
2026-08-01 18:00:00,M-102,76.82698742295585,5.74261828932222,2.2466763048536453,54.738295022981426
2026-08-01 18:10:00,M-103,78.18065360903108,4.778442144268278,2.283339660888529,48.29427325898062
2026-08-01 18:20:00,M-104,72.44328795480719,4.582564365728674,2.102905739757321,54.35064262040334
2026-08-01 18:30:00,M-103,72.98657853702798,5.730973958517309,1.4738957256401393,45.29846811439105
2026-08-01 18:40:00,M-104,68.91174052282825,5.529354131155472,1.6343667142790648,46.34227509874199
2026-08-01 18:50:00,M-102,70.41963571986476,5.764533416071536,2.1592065302323453,52.99308723634442
2026-08-01 19:00:00,M-103,75.0788557488557,5.56031587639551,1.99617133181397,53.126436557553674
2026-08-01 19:10:00,M-104,78.01942218584408,6.126930250781831,2.15394501026549,53.58295935880168
2026-08-01 19:20:00,M-101,71.302768621595,5.451425726625018,2.5867481962454257,45.933591228281124
2026-08-01 19:30:00,M-102,69.74905367574294,5.129585180744579,2.254112599730267,52.301830663556075
2026-08-01 19:40:00,M-104,72.00263979428298,5.354316869794604,2.4406101720099875,55.763696258337035
2026-08-01 19:50:00,M-101,75.00603374464558,5.759561107755684,2.0331384863147557,47.26659591822926
2026-08-01 20:00:00,M-104,64.7807259193323,4.849281103632947,1.717474512880446,44.405581453581625
2026-08-01 20:10:00,M-101,60.51909523431381,4.906650137860879,1.9797468442749806,57.39923322321736
2026-08-01 20:20:00,M-102,69.24731575254208,5.060967993430942,1.7183368651983018,43.41887986514085
2026-08-01 20:30:00,M-103,65.89643787042921,4.2529377405556,2.545403234870357,52.40633547980134
2026-08-01 20:40:00,M-101,69.45929901176345,5.262135283787896,2.276636876787414,47.59104382636097
2026-08-01 20:50:00,M-104,71.26109840591265,4.351242083222038,2.182179373819898,35.109040684608075
2026-08-01 21:00:00,M-102,69.73375795488494,5.2238766908196785,2.432580120779836,55.90015847235006
2026-08-01 21:10:00,M-101,79.26233767235372,5.589380390260863,1.2929802549168712,28.695024593168426
2026-08-01 21:20:00,M-104,73.63372382301161,4.985405592710274,2.2058482829699306,34.11110353269674
2026-08-01 21:30:00,M-104,73.50237179805414,5.954702141584092,1.5412739754934697,51.6913105563647
2026-08-01 21:40:00,M-104,75.111035720217,4.5427745952616805,1.9974605055370185,51.689498390746806
2026-08-01 21:50:00,M-101,66.30583441109616,5.736067306734325,1.8909023426364748,43.53694099485725
2026-08-01 22:00:00,M-101,77.19555893710134,5.5038116753831146,2.2316078142339317,49.03475463212271
2026-08-01 22:10:00,M-101,71.6211785673227,4.42778503826019,2.079865551136334,30.279989679553967
2026-08-01 22:20:00,M-103,75.35240308620607,6.4198574345682395,2.4707910107641258,52.948828251294195
2026-08-01 22:30:00,M-101,66.64071383479923,5.171314621523216,1.7893359936735853,49.74807840937518
2026-08-01 22:40:00,M-101,64.23120616991967,4.8051321900299655,2.2481900363716494,47.68050002666343
2026-08-01 22:50:00,M-101,76.08944829012515,4.566810762347193,2.056778125914591,48.1458903749644
2026-08-01 23:00:00,M-103,73.88204763048758,5.100991887553147,1.4276484054749567,51.45277923335122
2026-08-01 23:10:00,M-101,67.48974222821245,5.142666907424518,1.6784842395169386,47.797689335514974
2026-08-01 23:20:00,M-104,67.65168459362653,5.246190487842849,1.947542688267241,34.88161148088146
2026-08-01 23:30:00,M-101,77.62717392207385,5.065991729699218,2.3893023574621046,63.37432564165766
2026-08-01 23:40:00,M-104,66.05294053566337,5.484951389551792,2.16230307014499,56.40560573599916
2026-08-01 23:50:00,M-104,80.21336476627982,5.025566575301539,1.59137471164175,39.0053873663162
2026-08-02 00:00:00,M-104,67.49689632676066,4.329266147241788,1.950889320183494,45.58403938666387
2026-08-02 00:10:00,M-103,75.19195962804191,5.132787326957661,2.7062322570775605,46.34776066890771
2026-08-02 00:20:00,M-103,70.35690762125508,4.134635055982025,2.0389281671943005,55.55194696556274
2026-08-02 00:30:00,M-103,75.01593715541172,5.359196783901125,1.8854360487246615,32.88511745276163
2026-08-02 00:40:00,M-101,69.27942998942903,4.759314896372814,2.1721088742646772,44.50694214899148
2026-08-02 00:50:00,M-104,71.18603546963853,5.27351215971211,2.2671875778536896,35.675544896637476
2026-08-02 01:00:00,M-103,72.2045958769786,5.791333741686072,1.8403410783819794,46.00433138920163
2026-08-02 01:10:00,M-103,66.98906272109264,4.7730630871294,2.175901171030003,44.69249374840567
2026-08-02 01:20:00,M-101,75.70412172710063,5.677565316330453,1.8848886761652168,48.55785847167898
2026-08-02 01:30:00,M-103,69.43393216764207,5.0049746949912315,2.2517646606403035,43.765879206935715
2026-08-02 01:40:00,M-101,70.85700042329991,5.988937660929514,2.059392605289949,42.74283626026633
2026-08-02 01:50:00,M-102,67.02825312695744,5.035681324060804,2.168688739468512,52.33759684234204
2026-08-02 02:00:00,M-103,59.18833170602345,4.821778156521989,1.7342857588413736,51.18270918659806
2026-08-02 02:10:00,M-102,71.04486118699916,5.50925730267788,1.7125497655744992,51.859788399447694
2026-08-02 02:20:00,M-101,84.06307710806458,5.003894621669364,2.330924056630788,46.7616993665641
2026-08-02 02:30:00,M-104,75.92302143949011,4.821347718641946,1.9722112665150773,43.99782992442368
2026-08-02 02:40:00,M-103,71.90369810132803,4.984972067183294,2.0997621597347766,47.16803262585461
2026-08-02 02:50:00,M-101,70.68554585395866,5.17992706051765,1.892761600519718,51.508134490479165
2026-08-02 03:00:00,M-104,72.11232946406024,5.803981059060185,2.3145543709047756,32.76254209319706
2026-08-02 03:10:00,M-104,74.73559557587605,4.329660514543191,1.7872665069896199,50.758783512596004
2026-08-02 03:20:00,M-102,66.09593592345577,5.210386296527689,1.952539566034691,50.16396731134358
2026-08-02 03:30:00,M-101,77.57160847334436,5.48120661759432,2.2750974844460963,48.43505634260009
2026-08-02 03:40:00,M-104,75.57690657720622,5.287051858746309,2.410538694707493,46.95480604689828
2026-08-02 03:50:00,M-103,75.59092862853967,5.78943932624509,1.8166842481406609,30.037164298473105
2026-08-02 04:00:00,M-103,74.19237869404864,5.166544601608664,2.685889393684559,44.92102715829716
2026-08-02 04:10:00,M-102,72.09808328846995,5.116951851016325,2.1096345927927658,60.526070977541615
2026-08-02 04:20:00,M-104,75.3643061798341,5.466548296156005,1.634975108366942,48.09030906897814
2026-08-02 04:30:00,M-101,74.95907066870689,5.244691216728108,2.1291682170064887,45.848971129276975
2026-08-02 04:40:00,M-103,70.22979644529488,5.024316067773788,1.86595027493079,48.11834336913079
2026-08-02 04:50:00,M-104,69.13199113551549,5.432264817813871,2.1519239705141118,50.48341008039606
2026-08-02 05:00:00,M-104,72.50928147630994,4.90636226805251,1.9850003133188816,52.61174171282625
2026-08-02 05:10:00,M-102,79.74510075747594,4.924970281591303,2.0259957915665505,46.397838857894406
2026-08-02 05:20:00,M-103,65.80446462173049,4.962402690205474,1.680942318194849,50.97443721675579
2026-08-02 05:30:00,M-103,64.6623736712378,5.808881122074883,2.346521430750726,59.736555619329515
2026-08-02 05:40:00,M-101,72.82380420618259,3.750542639806429,1.5953554214971388,55.04375559602901
2026-08-02 05:50:00,M-103,72.25443850928009,5.378019475643324,1.6119322866082517,64.38210151099887
2026-08-02 06:00:00,M-101,72.86670832185204,5.2154223163901,2.12857612220162,43.402607491537985
2026-08-02 06:10:00,M-103,73.2197659895425,4.443608293342846,2.5609954865122893,59.73332655251411
2026-08-02 06:20:00,M-102,70.88398872682598,5.339377050611201,1.8765924160274574,42.465284520541836
2026-08-02 06:30:00,M-103,79.44931719301042,5.41408839632419,2.245340312946388,50.47496302718324
2026-08-02 06:40:00,M-101,63.995480107617425,5.46533765411083,2.375669061902241,53.12733570466669
2026-08-02 06:50:00,M-101,67.85751487609878,4.006677371629773,2.2851395530529244,44.42455965666869
2026-08-02 07:00:00,M-102,71.48372619925476,5.8148752353344975,1.8910770987892116,48.61574994231993
2026-08-02 07:10:00,M-103,63.784055944229166,4.868018482891822,1.618133648982074,54.37322771716289
2026-08-02 07:20:00,M-103,71.12072797783965,5.508955486038929,1.2273583520150257,43.02810371181664
2026-08-02 07:30:00,M-102,80.3073508286401,5.533483201307029,1.9080058251881624,59.68568421683353
2026-08-02 07:40:00,M-103,72.10443244147982,4.805486311471318,2.412330578996761,38.30782362690856
2026-08-02 07:50:00,M-103,73.15350452859342,5.497206978558198,1.606541905333323,61.577840099098694
2026-08-02 08:00:00,M-101,65.6991761741371,5.026528041589439,2.245073446631568,55.00928294359714
2026-08-02 08:10:00,M-103,68.91819295980261,4.267880269297829,1.6674466144818447,47.37192096570555
2026-08-02 08:20:00,M-103,70.12401809838032,5.725483866487501,2.0371254017353935,45.18132252134288
2026-08-02 08:30:00,M-102,70.41142451621883,4.8512297666426925,2.247727064954256,44.450802160462835
2026-08-02 08:40:00,M-102,78.40821897501884,4.815477941767876,1.7691765971065503,47.04943051820089
2026-08-02 08:50:00,M-104,74.78845530362562,5.018620359383475,2.05966963824392,47.660528969158214
2026-08-02 09:00:00,M-101,66.44271021531483,5.322506526397325,1.854718032146135,56.786583726442075
2026-08-02 09:10:00,M-103,73.23252389216002,5.174228315130054,2.246802030628362,61.78057870269209
2026-08-02 09:20:00,M-103,74.49110874248393,5.446630116118227,2.082361008969623,49.39565944457805
2026-08-02 09:30:00,M-104,77.70074519260633,4.597229785062104,2.0197776860502437,42.08060058407417
2026-08-02 09:40:00,M-103,79.90270343284186,4.86592613330617,2.5454224860496923,44.179917715546644
2026-08-02 09:50:00,M-101,66.92452904086066,5.14780131745531,2.2318071498289056,46.718364507721006
2026-08-02 10:00:00,M-104,67.94571244394831,6.054049281696418,1.7583768468557988,40.789145262922574
2026-08-02 10:10:00,M-101,65.71211070542692,5.148784357713809,1.9699476347207834,39.74741018524835
2026-08-02 10:20:00,M-104,70.82990070446509,5.688350018647735,1.9734354252221187,62.679890486611185
2026-08-02 10:30:00,M-104,74.33179187223168,5.217349825952943,2.0281118504188242,50.11829468162378
2026-08-02 10:40:00,M-102,76.9366725829455,4.982353613153094,2.883578246812623,42.16806806423757
2026-08-02 10:50:00,M-101,71.62024488178739,5.088974009148502,2.129798162448849,53.71622499250399
2026-08-02 11:00:00,M-103,70.40076238372578,5.124211129587004,1.2874341004633285,39.75157712635208
2026-08-02 11:10:00,M-103,72.7587899612437,5.471640582532332,1.8100203598990623,40.327915664902626
2026-08-02 11:20:00,M-101,67.82428549184988,5.81857507040945,1.3236697693764672,42.37870319255028
2026-08-02 11:30:00,M-103,82.44769360847387,5.3618563814588445,1.884570610033956,59.58159296605523
2026-08-02 11:40:00,M-103,63.96169486440971,5.73418495543379,1.30444141959575,46.229839539551385
2026-08-02 11:50:00,M-101,72.92370289447862,4.765844618066642,1.6949433351260503,30.908051091682594
2026-08-02 12:00:00,M-104,82.1180310961482,5.0134162710336865,1.467747464628058,56.47046153222915
2026-08-02 12:10:00,M-101,72.03399922279999,4.87406385960655,2.134456062288617,45.8553304508635
2026-08-02 12:20:00,M-104,71.04980482499253,5.341500065893684,2.0001887769201074,35.05414395885116
2026-08-02 12:30:00,M-103,70.21277288594787,5.038468726669264,2.1060368076245557,45.78321558425613
2026-08-02 12:40:00,M-103,71.09804159118796,5.528397821665388,1.9634070140010158,51.64702727623432
2026-08-02 12:50:00,M-103,78.86424237338265,4.781049229765402,1.5119957874284538,50.82834416573078
2026-08-02 13:00:00,M-102,60.940690443352466,5.219363937994577,2.1797324792391573,60.58890485415373
2026-08-02 13:10:00,M-104,79.66716850648163,5.509086059955515,2.6727785960943082,42.030624962010485
2026-08-02 13:20:00,M-102,64.88021423774927,4.270613751231726,2.1432244025122915,48.3270408418548
2026-08-02 13:30:00,M-102,70.66673835382792,6.154734088298592,1.850926390238852,43.10301504995105
2026-08-02 13:40:00,M-101,69.85377789850669,5.0725816518040565,1.5001764883630941,37.20464974068944
2026-08-02 13:50:00,M-102,74.9427663488536,4.288732038845723,1.6821765602340122,54.198691606141686
2026-08-02 14:00:00,M-101,64.00937824058126,5.271142254359554,2.1585638798002207,51.242886984032644
2026-08-02 14:10:00,M-101,74.31086333040972,5.215049560587918,2.3755913093797814,49.985749147891966
2026-08-02 14:20:00,M-102,82.12154811643427,5.163147529192378,2.0913031611526915,50.987531352810514
2026-08-02 14:30:00,M-104,65.18412997703595,5.646036000817,2.279960551397094,43.20169003118106
2026-08-02 14:40:00,M-104,72.94853083805198,5.536350237142175,2.247687385409535,40.960134388772644
2026-08-02 14:50:00,M-104,68.69008911101696,5.33404428596073,2.177287036985071,48.26353160518552
2026-08-02 15:00:00,M-104,74.12943603096518,5.402570035275992,1.7695342416585604,56.128479816881296
2026-08-02 15:10:00,M-104,72.09573888707877,5.153038697752861,2.0608732291913032,59.25653994817483
2026-08-02 15:20:00,M-102,68.79256545477845,5.998970882158022,1.7030677686412516,53.56802894765203
2026-08-02 15:30:00,M-102,74.43936142435537,4.5343617917390056,2.0061001335353357,48.20422098737667
2026-08-02 15:40:00,M-103,81.02174054893372,5.262843253397154,2.115802235873419,49.88848750579955
2026-08-02 15:50:00,M-104,71.0454810413635,5.229261084034952,2.5875743325853993,48.0811570152776
2026-08-02 16:00:00,M-102,75.5987897107409,5.565976182729067,1.5415938089713288,40.818396622104004
2026-08-02 16:10:00,M-103,65.53363521064418,4.820265755158795,2.1685276708469567,48.172531647473804
2026-08-02 16:20:00,M-104,67.21781811590995,4.415347328921559,2.5184328070682582,38.656212276880545
2026-08-02 16:30:00,M-101,74.36203138940189,5.270570357244187,2.2655967180435788,47.13145941727872
2026-08-02 16:40:00,M-103,79.42058014267982,5.326553721498372,2.2915309049887647,59.452735774174236
2026-08-02 16:50:00,M-102,73.7780667439283,5.870319734251442,2.205693215653734,53.760014559483466
2026-08-02 17:00:00,M-101,70.43470984738423,4.628337079153711,2.4544170714213958,41.538165710344295
2026-08-02 17:10:00,M-101,71.99645702711678,5.719612195022524,1.619382641160671,47.49299651250402
2026-08-02 17:20:00,M-101,65.74796133015141,6.265336463812205,1.5149256669104139,42.15936581771683
2026-08-02 17:30:00,M-103,75.02257663177683,5.030005800614886,1.9977830508371603,47.56240362275953
2026-08-02 17:40:00,M-102,76.41166531161704,4.619076001228049,1.2435932637499016,55.287754715671944
2026-08-02 17:50:00,M-101,69.7395483358346,5.016861535131983,2.430726031462304,52.57105556816933
2026-08-02 18:00:00,M-104,69.6497892612025,5.206302235317121,2.4272503184234044,65.38900856521735
2026-08-02 18:10:00,M-101,73.32939114826024,5.453704543753112,1.848327305720416,56.347341817553
2026-08-02 18:20:00,M-101,69.81640131979702,4.933872371572879,1.8702302911688216,49.42800266754384
2026-08-02 18:30:00,M-103,71.66933692687088,5.899839340366304,1.974678383697265,52.74004981893305
2026-08-02 18:40:00,M-103,82.49860894583257,4.698460458246372,2.0182072276538667,46.58289778071665
2026-08-02 18:50:00,M-102,70.76487149627002,4.41735768152224,2.044510871718,40.10747027039453
2026-08-02 19:00:00,M-104,70.20829923989389,5.698019690929293,2.195381237407406,57.140436048012646
2026-08-02 19:10:00,M-103,68.7622909718242,4.17642053595721,1.9395807764470328,55.062940338521535
2026-08-02 19:20:00,M-101,75.72095985749968,5.108141604007278,2.3301176562172277,46.31262049784225
2026-08-02 19:30:00,M-102,71.09387913390948,6.602956508143622,2.156081721993856,49.91755015851937
2026-08-02 19:40:00,M-101,68.75313480839287,5.194580401168031,1.7875627939445775,56.68657431169365
2026-08-02 19:50:00,M-101,78.60652016136505,4.695654557186688,2.467289433731434,53.92445998344214
2026-08-02 20:00:00,M-103,79.09801502256819,5.174171141295943,1.5246100548571295,37.75829124125211
2026-08-02 20:10:00,M-102,68.99788217130647,5.17713964512121,1.9677419662124833,49.70534015042877
2026-08-02 20:20:00,M-104,62.66730024319692,5.2722924731589025,2.3384210903764138,46.82657932158145
2026-08-02 20:30:00,M-104,77.0375684491846,5.498018341971829,1.7469244132807493,55.791004893970765
2026-08-02 20:40:00,M-103,68.57685087119998,4.732399974234518,2.108344476368503,55.21729917147863
2026-08-02 20:50:00,M-103,75.95312799581384,5.9593966248565575,2.190168858949667,57.23025479724632
2026-08-02 21:00:00,M-102,62.14948091144082,5.310301427967678,1.6988166462065664,40.17473962895855
2026-08-02 21:10:00,M-104,76.46298669149655,5.527057320880812,1.9746327981420877,42.51121926160633
2026-08-02 21:20:00,M-104,65.9441403535961,4.917332770109961,1.9452236594267764,55.79857705294807
2026-08-02 21:30:00,M-104,75.65382059533262,5.77887196164799,1.8068917518586975,43.85847929260288
2026-08-02 21:40:00,M-101,72.07136533918217,5.084326416034121,2.805586198217771,37.34996913359985
2026-08-02 21:50:00,M-104,67.23030290301678,5.32489863107209,1.7329127762940835,51.72817541329846
2026-08-02 22:00:00,M-101,69.9648184353661,4.780102265265801,2.351725602923759,44.16947091813819
2026-08-02 22:10:00,M-102,75.4315922847835,4.751380768119043,1.8625196440916003,60.5285353921588
2026-08-02 22:20:00,M-101,72.52947226557617,5.509692387903797,1.6196773338901513,50.073291877919246
2026-08-02 22:30:00,M-102,74.92206490236242,5.000376926406677,2.035984985104274,49.12181500649166
2026-08-02 22:40:00,M-104,81.88220292257742,4.81577961062303,2.227182684535625,45.4152927586897
2026-08-02 22:50:00,M-104,64.17879194144474,4.910567496087836,2.3221783512729877,59.1358473374888
2026-08-02 23:00:00,M-102,80.08606287484312,5.51452888227284,2.5467927887292743,50.509881219228745
2026-08-02 23:10:00,M-103,72.52177968761606,4.916932962458375,3.030836201477285,45.14050337290656
2026-08-02 23:20:00,M-102,67.50607975838436,5.147055280779027,2.087679971314459,42.441414053761875
2026-08-02 23:30:00,M-103,65.34843187130505,5.206762487629194,1.7679177391611143,47.485688618050474
2026-08-02 23:40:00,M-101,71.05439804611483,4.337193001295366,2.158506014378212,41.15647213991636
2026-08-02 23:50:00,M-101,76.60825055962229,4.537993117581917,1.9068254673577278,55.202142091752606
2026-08-03 00:00:00,M-101,71.36225439811233,5.351325050161403,2.3240881454482802,35.34160562183036
2026-08-03 00:10:00,M-104,79.55577465123673,4.868336787481287,1.5459924962719973,47.023401801668506
2026-08-03 00:20:00,M-101,64.7441215497422,5.675526210076189,2.8289170898401528,52.27093481561554
2026-08-03 00:30:00,M-103,71.93955526076972,5.635063196912745,2.2996168331714295,50.3948359407676
2026-08-03 00:40:00,M-101,65.73803277793441,5.523625899859947,1.4105985937713426,42.97901918889032
2026-08-03 00:50:00,M-102,73.81815941312485,6.018897304290669,1.7518398841897598,52.62181094694584
2026-08-03 01:00:00,M-102,76.4344369504865,5.162609802515568,2.2856283654398784,41.79772428129865
2026-08-03 01:10:00,M-104,69.89619103159474,5.491996866656728,2.4117204196600093,47.84330740452233
2026-08-03 01:20:00,M-102,58.978930716864326,4.937019560531787,1.5547168304688128,52.56289100386249
2026-08-03 01:30:00,M-103,72.99474073398247,6.303566460790925,2.249559047651532,51.240389456451794
2026-08-03 01:40:00,M-101,74.18369275866755,6.092635143596209,1.3184310445683267,43.27472692006373
2026-08-03 01:50:00,M-104,74.02147377480848,5.205346195533006,1.968732447085134,56.38246161595055
2026-08-03 02:00:00,M-101,78.17891095911077,5.373963803457337,2.3892163947361222,48.606862000398735
2026-08-03 02:10:00,M-101,66.64473160175476,5.811683919714163,1.806969494463957,53.20096787657406
2026-08-03 02:20:00,M-103,75.40108052725225,5.133787222833652,1.4725771953016953,58.70370704671273
2026-08-03 02:30:00,M-102,77.96253756238987,4.9045191681401334,2.0511751787321457,55.82264384142225
2026-08-03 02:40:00,M-102,63.10706207996742,5.5932953879530976,1.7883483966775826,55.840905844317305
2026-08-03 02:50:00,M-101,73.59825912959488,5.235297660737651,2.2203454281230424,49.34875950894631
2026-08-03 03:00:00,M-104,69.47910084496164,5.282347502340367,1.6901357487236788,53.55754584637357
2026-08-03 03:10:00,M-102,71.59238663449177,4.824577895619416,1.729577088621415,49.495176021950215
2026-08-03 03:20:00,M-104,73.73838241769168,4.427047533236472,1.2926491876933148,39.534728725551105
2026-08-03 03:30:00,M-102,69.56385717943223,5.306264084445596,2.059480648868019,50.1192065475353
2026-08-03 03:40:00,M-104,68.62145960419194,5.60723291867239,1.9436832716031904,49.79452688616926
2026-08-03 03:50:00,M-103,72.17076208744012,5.098386962915781,1.584065365240975,52.08610553065273
2026-08-03 04:00:00,M-104,66.56377030568599,5.84639328380149,2.067829549818482,47.10402117350623
2026-08-03 04:10:00,M-103,66.57087435557408,4.883237653563005,2.3594746052254485,42.66981110265304
2026-08-03 04:20:00,M-103,75.39686641478252,4.725382995265337,1.9245512198033676,52.59554258222659
2026-08-03 04:30:00,M-104,66.25602982420672,5.169746361761741,2.093858432437691,38.80709398923426
2026-08-03 04:40:00,M-103,75.33156250454606,5.162833341091919,2.0956589373548073,58.21173395099528
2026-08-03 04:50:00,M-101,74.31295646426976,5.54648592910085,1.5784845604873639,46.380073571565056
2026-08-03 05:00:00,M-103,,4.851266729171207,2.7198050372476583,49.71869720439318
2026-08-03 05:10:00,M-102,68.61217673832172,5.815642406566704,1.8352025594572006,51.909907072971
2026-08-03 05:20:00,M-104,77.97054701523686,6.085112633128714,2.229640670651095,52.13481631390934
2026-08-03 05:30:00,M-101,67.0941723443016,5.182385187864246,2.2692253470301673,38.137109900337855
2026-08-03 05:40:00,M-104,69.67797868845307,5.762369689082943,1.9511417055094868,53.76860606380985
2026-08-03 05:50:00,M-102,74.31030446625948,4.724576318218633,2.212378258770872,50.12207679863391
2026-08-03 06:00:00,M-102,75.91695254641297,5.6838496935318625,2.086036727635736,43.55317030808974
2026-08-03 06:10:00,M-102,70.74230556977753,5.671274383851759,1.503826084970408,42.7523313433786
2026-08-03 06:20:00,M-103,69.01244902654179,5.588546776085446,1.883704554562469,45.66162842560208
2026-08-03 06:30:00,M-103,79.11184930849254,5.192996610008368,1.7856071841760783,38.90880819372656
2026-08-03 06:40:00,M-104,80.6944983189879,3.870587976441086,1.8383892355288556,60.05587173690918
2026-08-03 06:50:00,M-104,76.89429025390898,4.911222785356542,1.543598887757177,58.40305927600341
2026-08-03 07:00:00,M-101,72.42659071282512,4.918337792041929,2.3942518008611104,51.161901406831575
2026-08-03 07:10:00,M-101,67.95867139179536,4.759785277872785,2.5606974291146942,46.436211085605365
2026-08-03 07:20:00,M-104,67.84777796721717,5.25500935204618,2.342301041599443,46.620244084438234
2026-08-03 07:30:00,M-103,74.61257052632878,5.011466449515445,2.4446852284515,53.306459943217774
2026-08-03 07:40:00,M-102,74.09199110444342,4.8289245956057405,1.8793778070471454,60.30478829651366
2026-08-03 07:50:00,M-104,79.00799296473215,4.723539933288481,1.7773101077548872,44.0072228228228
2026-08-03 08:00:00,M-101,75.25225046268069,4.878019156531647,1.7274945336159009,40.17689770163673
2026-08-03 08:10:00,M-103,64.48459849120091,5.704674645332468,2.225422723035028,58.8334854151669
2026-08-03 08:20:00,M-104,77.2597380886146,4.902538725417628,2.0794720686004524,35.49002988690884
2026-08-03 08:30:00,M-104,67.00969686342793,4.968277582105028,1.972972400940551,40.94028434223148
2026-08-03 08:40:00,M-103,70.08014364023825,4.994486073239539,2.45330199046837,46.27199475242403
2026-08-03 08:50:00,M-104,73.25100103125847,5.352547081214239,2.14172947383537,37.076965725364786
2026-08-03 09:00:00,M-103,81.97833744891982,5.4053122698378395,1.7064698268677954,55.78504343964619
2026-08-03 09:10:00,M-102,87.5495927800268,3.829904557340577,1.761681909802507,53.9983368935357
2026-08-03 09:20:00,M-103,75.03361529568092,5.659735846222424,2.2386976547389508,43.97644740949278
2026-08-03 09:30:00,M-103,71.08401690639806,5.84636561540969,2.364606498429109,56.957298834244234
2026-08-03 09:40:00,M-103,74.67252824240275,4.727416058187249,2.193088081289589,58.145046998826786
2026-08-03 09:50:00,M-104,76.43827712936918,4.762465789869324,2.663911061755228,47.207805461969556
2026-08-03 10:00:00,M-104,70.39666187221404,4.997385975499778,2.5722525080059966,44.84532275702395
2026-08-03 10:10:00,M-103,80.97605677956162,4.859798191244528,2.154362542197767,63.81721419419735
2026-08-03 10:20:00,M-104,73.15035379595702,5.300767093275973,1.706496769181474,53.04813275458908
2026-08-03 10:30:00,M-101,74.48871544545698,4.324063621138511,1.5415043708938814,49.79427257078197
2026-08-03 10:40:00,M-101,75.3296212602723,4.6969325763834675,1.8644163892448498,57.54482162647729
2026-08-03 10:50:00,M-104,74.10793305307227,5.892638740078708,2.263624706245655,50.11351444502115
2026-08-03 11:00:00,M-104,76.19470250234806,4.782301014693392,2.639326477759178,44.46065589856568
2026-08-03 11:10:00,M-103,68.91373406726538,5.759542725146316,2.1461064620437798,48.56111832341288
2026-08-03 11:20:00,M-102,69.20849123026984,5.359902188015562,2.4090529779809327,55.270580011238145
2026-08-03 11:30:00,M-104,66.49922883514152,4.385829528435284,1.9141423798342692,34.0547010355555
2026-08-03 11:40:00,M-101,74.19750615310113,5.485898137847293,2.2179691938296426,45.983784823925454
2026-08-03 11:50:00,M-103,75.89468251756057,5.1470497140132165,2.2881748903170105,57.681401790071234
2026-08-03 12:00:00,M-104,74.28886433075942,4.995039824687617,1.3071420034516152,44.41692119234538
2026-08-03 12:10:00,M-101,80.37246216673769,5.310230691927402,1.8552964191682215,58.822759923019866
2026-08-03 12:20:00,M-101,71.97201990585476,5.413585068505057,2.332395134497254,57.90320673551869
2026-08-03 12:30:00,M-102,75.34370827796256,5.518416319888579,2.0960639174727977,47.54129619157734
2026-08-03 12:40:00,M-103,66.54149561930343,5.730213781396602,1.5812197331471736,44.020224865776996
2026-08-03 12:50:00,M-103,70.064501487628,5.38366116075026,1.1494571684954253,45.98848788095256
2026-08-03 13:00:00,M-102,75.47768878782888,4.580964660046138,1.8719767391442979,66.65230144401005
2026-08-03 13:10:00,M-102,76.24551055371572,4.986859544056964,1.9749450074871424,61.12097112853271
2026-08-03 13:20:00,M-103,70.53016526167909,6.52437175087088,1.6906269675600791,48.87773680264717
2026-08-03 13:30:00,M-103,71.64200374070967,5.526020977171777,2.050079727959798,43.742925138657135
2026-08-03 13:40:00,M-104,64.41063126659596,6.266179285365174,2.177235361531513,48.81928724906884
2026-08-03 13:50:00,M-104,70.21485399596695,5.827945336989633,2.2347405097541815,49.70678848631735
2026-08-03 14:00:00,M-102,76.45191581759893,5.308810932200087,1.1754283762736872,39.296488836734525
2026-08-03 14:10:00,M-104,74.87602508053283,5.335633181401503,1.540000215767158,48.56028888450682
2026-08-03 14:20:00,M-101,74.50332860690605,5.18353898205542,1.8933820730758426,57.25683027368211
2026-08-03 14:30:00,M-104,72.2488684359048,4.4179879228690755,2.2002605958631123,35.40450323148468
2026-08-03 14:40:00,M-104,72.03531579314088,5.2081212636107015,2.1712319047425126,53.786087755960736
2026-08-03 14:50:00,M-101,68.69839430263276,5.744803548643989,2.1651544817568364,57.62358579038346
2026-08-03 15:00:00,M-102,75.49414210101267,4.930162002330459,1.865803720310874,44.07609858433942
2026-08-03 15:10:00,M-101,74.10486472194695,5.3853788495778145,1.8853282969415137,59.8592303073374
2026-08-03 15:20:00,M-104,74.460094239964,5.583215970651939,1.7450847560523908,43.167640562861585
2026-08-03 15:30:00,M-102,69.3698257866621,4.790643802309386,2.2688679448370466,51.08757863302283
2026-08-03 15:40:00,M-104,61.23328540064378,4.996913711045351,1.6778289242911477,45.852591207354585
2026-08-03 15:50:00,M-101,77.48576355876848,4.741939829285279,2.2975127383163496,45.85102549986178
2026-08-03 16:00:00,M-101,69.60581271995798,4.830025476989767,2.072748633348176,43.67890651169368
2026-08-03 16:10:00,M-104,67.6861211797844,4.620577622356123,1.9842344325406962,52.89002836603414
2026-08-03 16:20:00,M-103,75.46739455956997,4.794798192379888,1.7701513600782368,53.941638204120146
2026-08-03 16:30:00,M-103,70.03993680040435,5.838755056359028,1.5255603485925557,47.54904460295968
2026-08-03 16:40:00,M-101,77.29968192023311,4.788035336909369,1.773321535267684,38.48022250429408
2026-08-03 16:50:00,M-101,75.08502974788348,5.256906648577311,1.8844975959812897,50.82219116644073
2026-08-03 17:00:00,M-103,75.4178466160024,4.97370906084807,1.1708414909465619,50.954100515874856
2026-08-03 17:10:00,M-103,65.17022144399733,5.730489671666623,1.9309256956328675,46.482994920295006
2026-08-03 17:20:00,M-104,78.059719926932,5.790023033471628,2.323525078809102,61.07061901026566
2026-08-03 17:30:00,M-104,73.30625265616928,5.588831491962527,2.1985262669018555,37.052495145695424
2026-08-03 17:40:00,M-103,70.15361430376899,5.33776054889624,1.8263279434904724,32.47901402822502
2026-08-03 17:50:00,M-104,72.71694233671126,5.096023208421596,2.01642770444533,42.8841557021163
2026-08-03 18:00:00,M-104,63.1188238355084,4.6636563831139375,1.8053424007023002,52.97297173864015
2026-08-03 18:10:00,M-102,74.04326405740335,6.074587996504989,2.0520662566674934,40.60908753796311
2026-08-03 18:20:00,M-104,66.85314245908964,4.858147142011351,2.539037738310411,41.13320357031748
2026-08-03 18:30:00,M-101,65.23664857078232,5.498640856164779,2.3389745809187064,54.657149353247085
2026-08-03 18:40:00,M-104,64.38820406891054,5.676804507680529,2.1822780069924637,51.23783545958425
2026-08-03 18:50:00,M-104,77.56344187494963,4.950123776392602,1.8274902806656985,50.6394263673988
2026-08-03 19:00:00,M-103,68.85368303153605,5.667105637292183,2.2624784375306937,53.470002436258696
2026-08-03 19:10:00,M-101,79.6686385495825,5.543895941502485,1.4095930670194314,45.02364932708981
2026-08-03 19:20:00,M-104,69.32099268473851,5.977583725921795,1.9116762813031882,45.34711148159266
2026-08-03 19:30:00,M-104,63.463210212035264,4.98879409010798,2.2042989969383826,53.66845490792998
2026-08-03 19:40:00,M-102,66.4173778002567,4.6213611922241284,2.259147424916713,38.585792534531606
2026-08-03 19:50:00,M-104,78.1790581000347,4.97252961004997,2.2344595715755093,33.00096107521017
2026-08-03 20:00:00,M-104,71.22050911031667,5.293984094140449,2.103190741223393,44.96701078460502
2026-08-03 20:10:00,M-102,69.25856351754699,5.2261957271882755,1.931496257320641,54.51611302345984
2026-08-03 20:20:00,M-103,72.80009112926393,5.022952946676453,2.188291589439271,49.78891789290762
2026-08-03 20:30:00,M-104,74.50891368083772,4.340861143460241,1.6664986357947948,54.00104052886111
2026-08-03 20:40:00,M-102,77.58699407951231,5.411717348258098,1.7043629578473625,33.885939827037845
2026-08-03 20:50:00,M-101,79.24249614946463,6.08755501558699,2.0216071367611037,50.20847765826444
2026-08-03 21:00:00,M-103,70.20115677105457,5.408913057155352,2.060619174948062,52.57705153249665
2026-08-03 21:10:00,M-101,65.36976156958981,5.474110983574081,1.3610346875023738,38.54441804172521
2026-08-03 21:20:00,M-101,69.93267419438362,5.457600387769796,2.1593012333323314,54.03440313382581
2026-08-03 21:30:00,M-102,73.30140253291444,5.37867100144708,2.2704549322717877,47.21936772445945
2026-08-03 21:40:00,M-104,67.18120536894695,5.619249685090643,1.9729501668867966,69.49935691124202
2026-08-03 21:50:00,M-102,67.21424542552478,5.37791815653355,2.8310631991493973,32.75934751772285
2026-08-03 22:00:00,M-102,73.71893940774943,5.059295273656026,1.7609727127896848,57.58380057372325
2026-08-03 22:10:00,M-102,71.75673824214775,4.841804990496061,1.8736194928145957,45.24089332431748
2026-08-03 22:20:00,M-102,72.16398497705794,5.087961855123696,1.8617265828554768,36.6799379989197
2026-08-03 22:30:00,M-103,68.20752332649965,5.3413582734028,1.973334336048144,44.311313995045055
2026-08-03 22:40:00,M-104,70.84799642897116,5.0577626674946625,1.884946315461798,49.94235468936226
2026-08-03 22:50:00,M-101,67.37883427865847,5.341452407409144,1.507616309388295,55.2622666869553
2026-08-03 23:00:00,M-101,76.45099205562393,5.397617560165188,1.8087080963172335,60.05375001692523
2026-08-03 23:10:00,M-104,77.17624667361876,5.574930744071582,1.9658327564790734,57.9532516209304
2026-08-03 23:20:00,M-101,62.76906068880953,5.777257735977542,2.430000228721699,41.242325855068536
2026-08-03 23:30:00,M-104,67.35244569903794,5.235103338315486,2.7707851456805197,55.911152845862816
2026-08-03 23:40:00,M-101,64.51735372454961,4.611500545683553,2.4674158642477293,50.73899469984612
2026-08-03 23:50:00,M-102,68.74988032796551,5.044703156431365,1.7286173396145879,43.41777885349708
2026-08-04 00:00:00,M-101,71.58281015104819,5.21982815533297,1.756466636280842,46.516625845657636
2026-08-04 00:10:00,M-104,64.75177390150735,4.37390405972031,1.9442349978717273,43.031101383886934
2026-08-04 00:20:00,M-104,67.39070093437343,5.824899034046117,2.624595611098755,48.259646393555194
2026-08-04 00:30:00,M-104,66.98021313959251,5.26407006062971,1.9421015817363374,42.89239482394116
2026-08-04 00:40:00,M-104,73.03633664699473,5.371608775561128,1.5353723783118993,40.804041487477924
2026-08-04 00:50:00,M-104,72.34672168518125,5.81448690813682,1.8245880020664378,51.35383389447941
2026-08-04 01:00:00,M-103,68.39131223331373,4.916435726435944,2.264969600636796,52.40111383781746
2026-08-04 01:10:00,M-103,72.884104360697,5.4583188688978135,2.2414790969136305,46.686820999358716
2026-08-04 01:20:00,M-101,69.26659957706367,5.150561144604129,1.9299241667279203,57.5735591275518
2026-08-04 01:30:00,M-104,70.64172444836973,5.117160909842837,2.2391951357460105,46.176985894534205
2026-08-04 01:40:00,M-101,80.36726045149268,4.85251342548803,1.204389729108609,45.880578184121234
2026-08-04 01:50:00,M-104,78.70230525895174,5.949521446158937,2.0363402322614443,52.62342287641988
2026-08-04 02:00:00,M-104,65.50209381536202,5.031024981965993,2.3012398974790207,47.073020905396646
2026-08-04 02:10:00,M-103,76.14866208939587,5.514758911103066,1.7084978536959128,48.593584103183005
2026-08-04 02:20:00,M-103,76.05698277245796,4.356246675637629,1.7072815122262992,30.356930705666546
2026-08-04 02:30:00,M-102,66.2586835562369,5.730994838360404,1.3467431465327837,48.116951693165824
2026-08-04 02:40:00,M-103,76.09388821877431,5.673495020180677,2.556463458183743,35.20962843770118
2026-08-04 02:50:00,M-102,79.68965959206277,5.243845349633786,1.7479461080424517,39.45334600300791
2026-08-04 03:00:00,M-102,66.38727596877793,5.097875890237934,2.0843651472517393,38.65274222871147
2026-08-04 03:10:00,M-102,67.41248589492868,5.380000002526105,2.211370964519181,40.70191792526322
2026-08-04 03:20:00,M-102,77.08830733421752,6.22995579739613,2.5292237821995087,44.15802298257423
2026-08-04 03:30:00,M-102,73.35747655412824,4.406543485493432,1.9461357791050276,44.5945516911816
2026-08-04 03:40:00,M-101,74.75738137619761,5.551912324408358,1.8111995721775536,52.649926429799876
2026-08-04 03:50:00,M-103,73.70294608200248,4.789772214030744,2.060573676999694,49.556714698942876
2026-08-04 04:00:00,M-102,73.95347960464072,5.191036721665121,2.4494280967898003,34.6924789982741
2026-08-04 04:10:00,M-104,65.36763935844459,5.088453946414602,1.9404396140097258,48.583062462827655
2026-08-04 04:20:00,M-103,77.23658853310724,5.00725678399101,1.6657958214455733,50.22778672608399
2026-08-04 04:30:00,M-103,77.84794996213887,5.195290691926272,1.4607347670896234,45.70003438622929
2026-08-04 04:40:00,M-102,70.85304627965986,4.689622984624995,1.5725459153881711,47.57379816165308
2026-08-04 04:50:00,M-101,71.78261525093069,5.663131196257585,2.3025370240923326,49.3321708777794
2026-08-04 05:00:00,M-102,64.34446248722139,4.39263541996063,1.887781433292616,53.352197183449064
2026-08-04 05:10:00,M-101,74.57127378008917,5.442894030772754,1.7873676815277513,36.97584008776086
2026-08-04 05:20:00,M-104,74.86028720857072,5.053058866359443,1.7494114718856202,46.289780729522455
2026-08-04 05:30:00,M-103,71.68904491500345,4.673083797786646,2.0297660510700637,58.558352686404106
2026-08-04 05:40:00,M-104,77.62176679935251,5.291072516769413,1.9161907171820456,57.9166291580857
2026-08-04 05:50:00,M-101,70.3296138451003,4.499372010982085,1.9044037496982615,53.95655849443046
2026-08-04 06:00:00,M-101,74.823029629468,5.217871219773836,2.4722633747337586,51.75777278768973
2026-08-04 06:10:00,M-104,66.90167830653942,4.559705391484801,2.5383056986515715,59.58244323881462
2026-08-04 06:20:00,M-101,71.88223924562881,5.407572437943024,1.4364924144818514,61.42493601124666
2026-08-04 06:30:00,M-104,71.12822871048581,4.784039199866331,2.1146574559000353,47.096440083672036
2026-08-04 06:40:00,M-103,73.1265396102047,4.997052692336811,1.7280982654825128,41.21397289698176
2026-08-04 06:50:00,M-104,70.15236535583321,5.332277224574423,1.9131121101486173,46.107953776628534
2026-08-04 07:00:00,M-103,71.34263702164166,4.852356049670994,2.108247434794343,69.67686859640438
2026-08-04 07:10:00,M-104,76.13023585720754,5.1739162001492645,1.9255480290741782,37.01450560092364
2026-08-04 07:20:00,M-101,69.81617881380892,4.518776274439816,2.0806609582196716,44.70622602329408
2026-08-04 07:30:00,M-104,63.96711449630661,5.48389402161827,2.235539572111171,38.11116193255158
2026-08-04 07:40:00,M-101,80.7479195210271,5.994211212497847,2.103101880189112,48.873347040141695
2026-08-04 07:50:00,M-104,78.90727039345244,6.4564939905594825,1.7736072935413318,39.58116279773593
2026-08-04 08:00:00,M-104,65.53868652447191,5.2410256659998975,1.7797801375603868,47.238742840164676
2026-08-04 08:10:00,M-102,75.44853902622597,5.554691863358734,1.4961031461836876,34.34933387986869
2026-08-04 08:20:00,M-101,69.48512614724328,4.39871844719163,1.7011278958677485,52.32334465559255
2026-08-04 08:30:00,M-102,73.3174360766553,5.876230446837515,2.686723926664485,56.55641679527582
2026-08-04 08:40:00,M-101,73.47112064506747,5.549302827125848,1.7227987490666645,45.312394645555784
2026-08-04 08:50:00,M-102,70.82796099841839,4.982229949771945,1.582317415644663,47.054089950470086
2026-08-04 09:00:00,M-103,68.08117167206802,5.756731360130054,2.1119747516456706,46.856149384880815
2026-08-04 09:10:00,M-104,68.5472947384187,5.085485765509596,1.961372334247849,49.26637472657518
2026-08-04 09:20:00,M-101,67.41904042259378,4.99388866764345,1.9315423671027712,47.732812891235
2026-08-04 09:30:00,M-101,67.84088895884777,5.413900716442371,2.4931660882442315,53.37681866701486
2026-08-04 09:40:00,M-104,71.66410854975322,4.721490475076357,2.1921943364454277,56.63127393415662
2026-08-04 09:50:00,M-101,68.42120005444625,5.659731143979977,1.8145024739037836,42.301501442554724
2026-08-04 10:00:00,M-101,75.4102603285631,4.7248045846329205,1.851433428842877,45.834700550579925
2026-08-04 10:10:00,M-102,79.43623077667964,4.727475344579567,1.8240947201330102,54.311336142473216
2026-08-04 10:20:00,M-101,69.09973379314978,4.79063959521625,2.3061588675530897,38.048316663586775
2026-08-04 10:30:00,M-103,73.19702250267689,5.541775016882255,1.892148329691402,34.20495102708101
2026-08-04 10:40:00,M-103,74.49842555151467,4.922451087316132,1.3723962741410474,49.58421167028935
2026-08-04 10:50:00,M-104,74.36001135459637,4.5934018970347745,1.9830881124429796,51.47442487749345
2026-08-04 11:00:00,M-101,72.37977633958043,4.927444000028891,1.462040899605225,42.94389868432485
2026-08-04 11:10:00,M-104,75.71341209179862,5.185580933193781,2.7644807106142157,43.94944262115681
2026-08-04 11:20:00,M-103,74.41124476340329,4.668562382351027,1.662016230153469,42.67865374781371
2026-08-04 11:30:00,M-101,65.81168788836351,4.681743500934545,1.9433473321247943,41.93152332458896
2026-08-04 11:40:00,M-101,76.34578032194636,6.150083350344813,2.090370957145398,52.8544707442322
2026-08-04 11:50:00,M-104,76.4364541863337,4.812745568283751,1.8989696437622694,39.736510591016525
2026-08-04 12:00:00,M-103,68.18356947910709,5.054630934052147,1.8984893594868326,46.14133996996656
2026-08-04 12:10:00,M-101,72.18968917723801,5.034743349640322,2.147639550156307,41.66264682739603
2026-08-04 12:20:00,M-104,75.41664496405535,5.010389436503301,2.5341755855786974,37.81297716869149
2026-08-04 12:30:00,M-103,70.9534309021032,5.479606032986096,2.268628178636054,54.0912472232274
2026-08-04 12:40:00,M-104,77.36489023883006,5.626664327712422,2.51747985750074,44.361223444785225
2026-08-04 12:50:00,M-102,83.8193624730968,5.062320505810784,1.6336833121672742,49.319080562945295
2026-08-04 13:00:00,M-101,68.07006983682508,4.643584771033443,2.1110769216393765,37.44346884139293
2026-08-04 13:10:00,M-102,65.09477698423113,5.773498102532007,2.0543361182203976,42.80642382370467
2026-08-04 13:20:00,M-103,73.51909297802437,5.157096508961493,2.1228819520868574,53.29261516486504
2026-08-04 13:30:00,M-102,75.60781252563072,5.978644816685726,2.48168118972245,66.11090019091716
2026-08-04 13:40:00,M-102,70.84566813077616,4.189486346095677,1.9227237975727811,34.16648754926781
2026-08-04 13:50:00,M-103,79.26630331660517,5.287931449577495,1.8580738217060693,46.59224543297402
2026-08-04 14:00:00,M-104,65.30697100138376,6.063372850244294,2.1868932790965325,50.8859641870045
2026-08-04 14:10:00,M-102,75.46459311515805,5.041031139052829,1.3776290453519535,43.68729892732502
2026-08-04 14:20:00,M-104,68.97069589620553,5.098527959499414,1.9171017828072376,53.946653908958865
2026-08-04 14:30:00,M-102,80.59688953103648,5.332980261215653,1.9530308087500914,41.93287130537781
2026-08-04 14:40:00,M-104,81.9625767658406,4.948541881501769,1.6778744842925761,49.07693362151649
2026-08-04 14:50:00,M-103,68.16671706108326,5.059567630576271,2.3699706539748018,44.34549666851148
2026-08-04 15:00:00,M-102,69.2522143204571,5.047983207613869,1.6282158889298506,56.536017580683406
2026-08-04 15:10:00,M-103,76.297939434899,4.917660669508132,1.9524444330726713,43.26544847875076
2026-08-04 15:20:00,M-102,70.06434675105243,5.752985447590252,2.102605028863039,45.53688342599439
2026-08-04 15:30:00,M-103,71.77294391033881,5.4074851145333955,2.4737080465166414,54.61982326248008
2026-08-04 15:40:00,M-103,72.12694210271205,5.312782704446486,1.9963052477917014,40.80372938634996
2026-08-04 15:50:00,M-102,62.40163421901172,5.563856953100553,2.3276537579448737,48.48125039734501
2026-08-04 16:00:00,M-102,71.93081126952882,5.0810398750584405,2.2452083890469945,35.24225959419379
2026-08-04 16:10:00,M-102,68.55136112967914,4.8516082817411945,2.0432101446592,40.384465789596476
2026-08-04 16:20:00,M-101,69.53438588800114,4.928819062923449,1.6186703071042907,50.674918931235624
2026-08-04 16:30:00,M-104,79.21816001734408,5.200802368497074,1.497896698683478,41.06511743324637
2026-08-04 16:40:00,M-101,65.71746552860373,4.723354731232194,2.0372768904967153,44.18798947723346
2026-08-04 16:50:00,M-101,76.06602593373988,4.974882542535997,1.8100560941340853,51.45160481433557
2026-08-04 17:00:00,M-103,70.60518534834095,4.967747511157855,2.3217413820884523,43.94569701197149
2026-08-04 17:10:00,M-102,70.60119915752082,6.156050303423056,2.2610497813345023,53.75989451251451
2026-08-04 17:20:00,M-104,75.95185948025856,3.9517832770297376,1.9353861519470326,49.50963951240245
2026-08-04 17:30:00,M-103,73.70025647284446,5.119171125367465,1.5948004766205557,51.04978178347152
2026-08-04 17:40:00,M-101,74.85306498609765,5.976562206766647,2.1787574423625458,56.68675919116973
2026-08-04 17:50:00,M-102,76.84092330266431,5.254830008859605,1.6437176938526974,50.23876143829846
2026-08-04 18:00:00,M-103,70.34345808408338,5.539037863039492,1.7345376269741972,58.77193103328541
2026-08-04 18:10:00,M-102,68.93881632746125,5.244921841794896,1.657204491624696,54.378835981264764
2026-08-04 18:20:00,M-103,66.57424736721102,4.899699978452584,1.9515246423210162,44.3358329911588
2026-08-04 18:30:00,M-102,67.87294735010522,4.191137829470989,2.4095673169246963,57.0520365251489
2026-08-04 18:40:00,M-101,86.74547212654363,5.292455059166336,1.998235695421765,49.84706214632062
2026-08-04 18:50:00,M-104,78.22339790368393,4.850977027928924,1.8448734576503065,45.237242039376476
2026-08-04 19:00:00,M-101,65.24462816895989,4.839849067225614,1.4660347744841644,49.94869986724618
2026-08-04 19:10:00,M-104,65.38771021628214,4.9754557348094,2.193243604655445,55.78628777073184
2026-08-04 19:20:00,M-102,74.40933030859246,5.985187632980573,1.7268583879249804,51.185315659695554
2026-08-04 19:30:00,M-103,74.73632398688983,6.282176894014288,2.041131166705334,60.756749827859785
2026-08-04 19:40:00,M-101,74.74441917658682,5.29774357188778,1.8760234844291759,55.60571390529175
2026-08-04 19:50:00,M-104,70.72522103223152,4.990854749239722,2.2933620268598034,51.66212023381514
2026-08-04 20:00:00,M-101,71.3727286999855,4.670248112146956,1.9449672627900068,40.817523420811895
2026-08-04 20:10:00,M-104,73.63939762079679,5.410843072695731,1.979375775916932,46.74187240192916
2026-08-04 20:20:00,M-101,72.42946503146665,6.002307520029315,2.170011501609411,48.50164897825596
2026-08-04 20:30:00,M-104,60.90349813626233,5.08869682583868,2.737429063792115,52.87642050852423
2026-08-04 20:40:00,M-104,70.85100184712402,4.129451781661049,2.310956425625494,52.46133128890535
2026-08-04 20:50:00,M-102,67.74296782869843,5.501522352316986,1.9689878627779867,49.186782871528
2026-08-04 21:00:00,M-104,72.87605709454256,5.643429870152523,2.001119296715351,48.842449407640196
2026-08-04 21:10:00,M-102,86.92629501301705,4.486369461826369,1.816299188886448,53.04319826553249
2026-08-04 21:20:00,M-104,73.83740832737152,5.279417882648329,1.6675015037681067,41.9898964205901
2026-08-04 21:30:00,M-103,70.432351569138,5.403051707261245,1.8065372245267874,59.868610734749
2026-08-04 21:40:00,M-103,76.60900750988625,5.167101714095978,1.7297478627008203,33.6698318038557
2026-08-04 21:50:00,M-103,74.41343943604606,4.844153086411591,2.22867893432856,58.1878663752042
2026-08-04 22:00:00,M-104,74.10047245225921,5.657171750603601,1.6250817997458549,47.683701301023866
2026-08-04 22:10:00,M-102,75.03425296607836,5.018479114314093,2.4666236964830155,55.01805869990116
2026-08-04 22:20:00,M-102,82.28271782414771,4.531666226785031,2.2632162342665905,50.546883040048286
2026-08-04 22:30:00,M-104,66.34555782337043,4.277736481448644,2.0071756052786838,50.42224087637561
2026-08-04 22:40:00,M-103,74.36816038405728,5.767382283999689,2.000111514012774,51.879781332185644
2026-08-04 22:50:00,M-103,67.3680943500923,5.477498789412003,1.8049515416349062,53.66338002361445
2026-08-04 23:00:00,M-102,74.77756323171124,5.239588096208126,2.0945295439717175,45.69818421388932
2026-08-04 23:10:00,M-103,67.40656744256952,5.001876413417139,2.380832362123006,55.243593913683654
2026-08-04 23:20:00,M-101,69.91316593197458,4.961950713608593,1.7538952382104651,40.40870563494852
2026-08-04 23:30:00,M-102,70.52455042881047,4.715918508201275,1.4633127688784444,47.962685986717126
2026-08-04 23:40:00,M-103,76.87908359672355,5.005844959948052,2.24612638919986,53.85178946990594
2026-08-04 23:50:00,M-102,76.59227221971207,4.245960753195922,2.11352809098533,54.965123057311224
2026-08-05 00:00:00,M-101,65.77141311776808,4.8687713559391685,1.6079304194955872,51.22552193782981
2026-08-05 00:10:00,M-102,72.27467055499925,5.060078117642008,1.7433130201800586,45.24625293430985
2026-08-05 00:20:00,M-102,68.45210072625413,5.474446021235689,1.6993135040824507,54.27695444858092
2026-08-05 00:30:00,M-102,65.70747544662333,5.182033091481986,1.746413705838013,43.314436326168725
2026-08-05 00:40:00,M-102,70.91491474787814,5.5577154012440015,1.8867110360855843,60.259863516242376
2026-08-05 00:50:00,M-101,70.4575860577209,5.807110797301044,1.9067084435017385,47.40730371750235
2026-08-05 01:00:00,M-104,84.13358243172762,5.676176542220846,1.772222220726039,37.22262014055828
2026-08-05 01:10:00,M-102,74.16479912680349,5.41172943132035,1.7346426631750251,39.63721572388414
2026-08-05 01:20:00,M-102,65.11191249622881,5.205338205631353,1.9199254796282164,48.305505458157114
2026-08-05 01:30:00,M-103,69.17612997914529,4.758645396213899,2.0586920372008466,48.97877689928237
2026-08-05 01:40:00,M-102,77.106916477147,5.532974823120693,1.8892962122723045,61.78759679465767
2026-08-05 01:50:00,M-103,82.44221386434963,5.955886321999689,2.4055334581694554,40.73050463670042
2026-08-05 02:00:00,M-104,64.0700834388102,5.353947717842688,2.1778307000472754,48.276235395127514
2026-08-05 02:10:00,M-101,62.60037807430477,6.062766616791755,1.4432039500994565,40.584050150425604
2026-08-05 02:20:00,M-101,81.35482587685891,4.513492731372512,2.1833047178948486,44.55141602750618
2026-08-05 02:30:00,M-104,73.94807088685452,4.6806264768492065,2.211940393904954,59.78780421048536
2026-08-05 02:40:00,M-101,67.65853634061817,5.584840678486718,1.8478427611565331,40.04564643790806
2026-08-05 02:50:00,M-104,74.67314543061218,5.318930594568963,1.4766808444438957,52.10929696847484
2026-08-05 03:00:00,M-104,58.82126130491561,5.7912019794573135,2.0028233657938976,50.75035151310074
2026-08-05 03:10:00,M-104,72.0168775329858,5.193037761672968,1.9973019719812146,47.83080001549254
2026-08-05 03:20:00,M-101,73.63910586421542,4.809411059862251,1.607423817213382,51.63605636234216
2026-08-05 03:30:00,M-103,76.62135069768915,5.103883041007731,1.4920732743090226,39.87985732639698
2026-08-05 03:40:00,M-104,66.93052023853731,4.51029221308432,1.9693562587412963,59.5942575546249
2026-08-05 03:50:00,M-102,72.4284358070168,4.692134197106334,1.9184229827822123,61.47391846586465
2026-08-05 04:00:00,M-101,67.37287686970207,15.0,1.8539571221371622,48.32973288431519
2026-08-05 04:10:00,M-104,73.27691877837158,5.592754336511325,1.9708062428387034,64.96174291429487
2026-08-05 04:20:00,M-104,67.52326838818487,5.363351928162735,1.6140282691628882,45.206804479150556
2026-08-05 04:30:00,M-102,69.9594958041989,4.425515115567789,1.84781278549686,50.80302395699396
2026-08-05 04:40:00,M-103,67.02092302604885,5.0387183910192,2.1866637607150214,58.023223446421596
2026-08-05 04:50:00,M-103,75.25568120911828,4.6487500501029775,1.877510471877049,44.786968778439636
2026-08-05 05:00:00,M-103,76.29225558328332,5.729439964204494,1.414809634872607,38.32915658784393
2026-08-05 05:10:00,M-104,70.82689715021293,4.937325039896829,1.83455770279675,36.71798054066802
2026-08-05 05:20:00,M-104,72.19118997480014,4.711413530148303,1.6254445377725988,62.425785947318616
2026-08-05 05:30:00,M-104,64.75704292683228,5.2134082743046415,2.0934977037616056,44.29682744552856
2026-08-05 05:40:00,M-101,70.50161675996607,4.911930494424425,2.1115930911831486,46.69984265607051
2026-08-05 05:50:00,M-102,71.74897691479127,5.867684759591668,1.4194288812198892,40.21065145175262
2026-08-05 06:00:00,M-104,85.10396545514988,4.869335096109614,2.265654539703766,54.63837495530432
2026-08-05 06:10:00,M-102,66.44016487112918,4.570347283348916,1.6107347945525046,42.5290809854279
2026-08-05 06:20:00,M-102,79.32088619376219,4.231188917909118,2.545713801668823,44.56115880637075
2026-08-05 06:30:00,M-103,76.98429386732904,5.186146073913964,1.982928307424784,50.096642935913124
2026-08-05 06:40:00,M-101,73.40318202245068,4.947131448763933,1.5637622755112932,40.55167850928099
2026-08-05 06:50:00,M-104,80.79310242097567,4.556992927069723,1.6003048752575615,46.749924113400425
2026-08-05 07:00:00,M-103,73.86052736303431,5.735151907565103,2.1218333521255706,57.81546712652289
2026-08-05 07:10:00,M-103,73.94579597833965,5.500260316343159,1.863045038535568,50.997780782618044
2026-08-05 07:20:00,M-104,71.73439673491227,5.187301954478246,1.9661711316336508,48.913796046998506
2026-08-05 07:30:00,M-102,78.11784441209313,5.8139468098768905,2.5644730814439636,49.50405296624706
2026-08-05 07:40:00,M-103,77.48234616905442,5.498141215029376,1.7552645775198237,45.27605432816405
2026-08-05 07:50:00,M-102,68.87161356251895,4.8297148443167055,2.0209870001934975,61.97306623828448
2026-08-05 08:00:00,M-101,65.40376402700616,4.732350926204155,2.4969455705805688,42.31490008626153
2026-08-05 08:10:00,M-102,70.98509681302171,5.568091695004238,2.09467971641324,49.47648313374751
2026-08-05 08:20:00,M-101,67.99980717801176,5.378365130410308,1.437689042624698,48.80517896439965
2026-08-05 08:30:00,M-102,71.68237712692323,5.276386495586798,2.176886154106248,55.06133754993195
2026-08-05 08:40:00,M-103,78.1871906734207,4.819075988708992,1.5929489997757946,55.722217571555476
2026-08-05 08:50:00,M-103,69.71349172456605,5.473576405152589,2.4923826350565377,47.7758683685905
2026-08-05 09:00:00,M-101,71.78588309344212,4.860025502589723,1.7119963382507077,50.03466545179135
2026-08-05 09:10:00,M-104,72.29011367404198,5.154106005432845,3.0393283277109826,50.29974327739764
2026-08-05 09:20:00,M-101,76.24215441102642,5.851124865874141,2.513581595914687,32.09500841100575
2026-08-05 09:30:00,M-101,60.765553330076976,4.9026245938854345,1.7211856006302075,36.877072782655574
2026-08-05 09:40:00,M-102,68.96649852617351,4.492154834317213,2.0070048317505638,43.764554164946205
2026-08-05 09:50:00,M-102,73.05641846139736,4.726353763658451,2.2637754985717122,44.06880926536192
2026-08-05 10:00:00,M-101,78.00039478213431,5.64743447200943,2.274281165979348,39.60502304625108
2026-08-05 10:10:00,M-103,69.54048776246897,5.314629011821094,2.154817690991669,53.24707799961541
2026-08-05 10:20:00,M-102,62.617236469790626,5.142005179590061,2.4382556629381384,48.014828947122304
2026-08-05 10:30:00,M-104,75.09855722983067,4.970907787609794,1.9569608686779707,46.49713816829214
2026-08-05 10:40:00,M-102,68.82318805587185,5.418411958398936,1.8716488159983884,39.206913078448295
2026-08-05 10:50:00,M-102,66.0516667045482,4.817902817054399,1.8785976042263863,47.68818595028648
2026-08-05 11:00:00,M-104,68.87827305143388,5.337549505889168,2.3004306311902445,29.613206708009717
2026-08-05 11:10:00,M-101,71.07737321172075,4.87093544403417,2.127813364105926,46.85930582435911
2026-08-05 11:20:00,M-104,68.97627667730893,4.796053276626226,2.1019492829915896,48.44228568165429
2026-08-05 11:30:00,M-101,60.97216971450465,4.913130654328745,2.278331987240014,49.69340489025049
2026-08-05 11:40:00,M-101,76.48533098443566,5.031066649082217,1.2821316572511507,37.05128765564504
2026-08-05 11:50:00,M-101,78.37437520639361,5.1780265738298334,2.108524088356303,49.573717156840324
2026-08-05 12:00:00,M-104,75.25760995669754,5.305955107800002,2.0764991111058007,40.709981110948206
2026-08-05 12:10:00,M-101,66.31157164787592,3.5402356188572,2.5840828284552466,42.31271117395366
2026-08-05 12:20:00,M-103,70.99254233026241,4.836557249013956,1.4649942062077166,53.02551970075865
2026-08-05 12:30:00,M-104,71.96739342385271,5.023793510189782,2.5450153213318654,62.09879606351821
2026-08-05 12:40:00,M-103,74.99397194780956,5.877277917373749,2.026393195123633,48.35951131161876
2026-08-05 12:50:00,M-101,75.3417024435904,4.713998826228041,2.1711463357310157,42.28033178951837
2026-08-05 13:00:00,M-102,68.32913100610752,5.273258478144961,2.5865715756632817,49.32069313256999
2026-08-05 13:10:00,M-101,72.4099777820678,5.872763639381127,2.1962664438019504,54.57320410249402
2026-08-05 13:20:00,M-103,74.2864020230762,4.6091641615237275,2.1401289013118965,52.34698296110915
2026-08-05 13:30:00,M-103,79.27911161073384,5.377288851638982,2.0848019150308112,67.20179010724621
2026-08-05 13:40:00,M-104,75.52253269912362,4.838977674729466,1.8307826527519682,42.99263701633733
2026-08-05 13:50:00,M-102,75.94528343687759,4.972914815969845,1.9900288064213625,49.76562035943509
2026-08-05 14:00:00,M-104,72.4191331396468,4.838600124721008,1.749570531857038,58.84242567392742
2026-08-05 14:10:00,M-103,79.05229572601752,4.870664211212851,1.9844015852010812,58.40311465912973
2026-08-05 14:20:00,M-101,74.04881397979749,6.424860466557922,1.1824242560307163,34.34945451432934
2026-08-05 14:30:00,M-102,67.69456044913215,5.58000514243225,2.150163848648642,47.976496659720134
2026-08-05 14:40:00,M-101,79.01684985062596,5.695782037803794,1.957391961175731,58.3916453609409
2026-08-05 14:50:00,M-101,75.48951636269514,5.4213970690764235,1.8823286921666325,68.23450093279396
2026-08-05 15:00:00,M-102,69.78477989435758,4.477184445219119,2.07691532937905,52.92657118625573
2026-08-05 15:10:00,M-104,69.60253516300378,5.377731086645489,1.498252626962096,45.42495694412462
2026-08-05 15:20:00,M-101,73.48287772570382,5.682818326528306,2.675244498817449,40.93557793293827
2026-08-05 15:30:00,M-103,74.31592397633793,4.8159702366824,1.9640313884793401,63.53120350271595
2026-08-05 15:40:00,M-101,72.98646132815603,5.634397000222507,1.9489544484597336,53.10119110526031
2026-08-05 15:50:00,M-102,73.55654336721443,5.516951294434335,1.6621113264534773,42.063531511802076
2026-08-05 16:00:00,M-102,80.4997868728819,6.033418020166152,2.0083812338572415,46.57790543566353
2026-08-05 16:10:00,M-102,77.35771576117443,5.011997644368872,2.4854359615956483,50.171305617800925
2026-08-05 16:20:00,M-104,72.95317795632512,4.706075057975923,2.362570673301212,51.806646577216824
2026-08-05 16:30:00,M-101,76.70655290383742,5.037267350782354,2.2990532128991945,41.70266939717947
2026-08-05 16:40:00,M-104,66.8373804823623,5.84600694692363,2.191239633083545,43.70066707312155
2026-08-05 16:50:00,M-104,73.98963524973405,4.377217353621117,1.8745101153530865,36.429458063389276
2026-08-05 17:00:00,M-102,81.04653174866556,4.269230928056036,1.4924428915371544,55.27833602723347
2026-08-05 17:10:00,M-102,70.90977052303813,5.240227875519226,1.9296364298466777,45.608670732607784
2026-08-05 17:20:00,M-104,67.76183035690458,5.00083481825163,1.917444987413213,51.26425154428304
2026-08-05 17:30:00,M-101,68.73955555703469,5.203477551929058,2.367078053884934,57.95580956003429
2026-08-05 17:40:00,M-103,66.55183481328805,5.625390297056139,2.108286654860937,49.53909099661762
2026-08-05 17:50:00,M-104,68.07619045936148,4.951343794246516,2.564309034766242,47.20920666835652
2026-08-05 18:00:00,M-101,70.14745950704986,4.357147376081221,2.419120989013361,49.35745033818754
2026-08-05 18:10:00,M-102,64.97216490410679,6.120016700739975,1.8402265366735666,48.44235522695159
2026-08-05 18:20:00,M-102,72.07809166974802,4.751247270652551,1.371704781183046,56.72315498514561
2026-08-05 18:30:00,M-101,76.51138586893323,4.723433295094556,2.484951331879518,50.17586878277153
2026-08-05 18:40:00,M-103,67.46121909926539,5.696674006175169,2.4757848281307604,44.189192862947614
2026-08-05 18:50:00,M-102,79.59641961820884,5.026979895531317,1.521825943184221,55.334943398228255
2026-08-05 19:00:00,M-102,74.55396044263797,5.171474566584335,2.528234006939625,56.613390494508465
2026-08-05 19:10:00,M-102,77.15290292812028,5.417255555827143,2.1337410097073812,38.63168561225675
2026-08-05 19:20:00,M-101,68.71082723073931,5.687612396399498,2.0562399243439784,58.72948719337674
2026-08-05 19:30:00,M-104,76.27262613533308,5.049942688068203,2.5651741389865643,50.5529824124594
2026-08-05 19:40:00,M-102,66.54033049802344,5.883978402661435,2.4706398106307152,49.98288965102619
2026-08-05 19:50:00,M-104,76.45123750418254,4.238890068069337,2.227965833198321,55.046372421175604
2026-08-05 20:00:00,M-103,72.85919669896765,5.541904256628885,2.165625973034194,44.03116526297005
2026-08-05 20:10:00,M-102,74.76625609992392,4.822212598892055,2.215738001685626,54.679151599336464
2026-08-05 20:20:00,M-102,66.12202697187574,5.817522092473596,1.859979898141116,45.36257171183501
2026-08-05 20:30:00,M-103,67.52465078861698,5.2639200154737456,1.9807144925936877,37.67534524202763
2026-08-05 20:40:00,M-102,115.0,4.897192600595769,1.68418899589191,41.01570604625146
2026-08-05 20:50:00,M-104,67.258259978879,5.498278491859735,1.8834360784913784,51.969152830322585
2026-08-05 21:00:00,M-101,74.31603146049561,5.6019347562432635,1.8716781424658735,41.381721620037396
2026-08-05 21:10:00,M-104,65.16431096769877,5.4888523552863875,1.7776431206324175,59.27053286232754
2026-08-05 21:20:00,M-101,76.24087106333334,4.736636692165123,2.047861275926962,56.3249841740775
2026-08-05 21:30:00,M-101,65.83738342615746,4.982192294370062,1.8866067022547979,57.334074162230756
2026-08-05 21:40:00,M-104,74.76149968839762,5.198167223295354,2.175782152123191,48.873450057741884
2026-08-05 21:50:00,M-104,75.12815466823001,5.181433156307473,1.4321877853471823,49.80503132106472
2026-08-05 22:00:00,M-104,68.51614090785212,5.537385463947257,1.960325822062445,39.64401702029006
2026-08-05 22:10:00,M-104,74.91013283542364,4.293294445372027,2.0460430740621236,54.97048457110243
2026-08-05 22:20:00,M-103,73.30221131666778,5.3504471745490765,1.891279766057092,50.6588341852596
2026-08-05 22:30:00,M-102,69.30579071903631,5.069508390503512,1.939662555066769,51.97113937704582
2026-08-05 22:40:00,M-101,66.95722657961896,4.822674722627221,1.44516389624455,59.818182680170175
2026-08-05 22:50:00,M-104,62.1868715416371,4.86588095000368,2.1247669866343224,43.758259112367426
2026-08-05 23:00:00,M-104,73.74825023649846,5.103458050966917,2.2266620938984745,47.11700915085877
2026-08-05 23:10:00,M-104,64.17598614318972,3.579511702993217,2.1727380529713183,50.286696450795176
2026-08-05 23:20:00,M-103,72.47672099720654,4.884419693143803,2.3635544708047638,41.45195216178905
2026-08-05 23:30:00,M-104,70.68275891958875,4.805883328909168,2.070535362023876,46.686808251062125
2026-08-05 23:40:00,M-104,75.39571387719097,5.4397524441951814,2.167538413227828,51.45064867326879
2026-08-05 23:50:00,M-104,70.48977250255068,4.837512992870266,2.0546317584598985,45.72205110039018
2026-08-06 00:00:00,M-102,70.35276106826454,5.10319878992328,2.240642751857373,57.162925868103784
2026-08-06 00:10:00,M-103,75.65935352144147,5.894024482447586,1.4479696273537574,37.42352806728104
2026-08-06 00:20:00,M-104,73.67529014542059,5.647458183916941,1.6872466612076962,55.859398681633394
2026-08-06 00:30:00,M-101,73.58077978591389,5.606022129974554,2.5554148799615817,52.62829832371203
2026-08-06 00:40:00,M-101,74.34633794904263,4.975057406315117,1.138847462266328,44.01819988710386
2026-08-06 00:50:00,M-101,64.32213938396447,5.444364525680344,1.9509377245611297,41.52914002239001
2026-08-06 01:00:00,M-103,75.78394339993491,5.094745989795883,2.4102962358628237,33.438021679302835
2026-08-06 01:10:00,M-103,75.06234397006801,5.111758055195378,1.9673587670603825,42.433774913103164
2026-08-06 01:20:00,M-101,66.91658435711751,5.384358404685948,1.858246124992256,55.33023658502098
2026-08-06 01:30:00,M-104,70.77959763162899,4.931352885210581,2.045297586885355,47.60739991604928
2026-08-06 01:40:00,M-103,71.80346356186185,5.871851396999442,1.8764079369991438,56.14086616274289
2026-08-06 01:50:00,M-101,71.32751607799133,5.127941437180929,2.0107973224649287,43.66090250562814
2026-08-06 02:00:00,M-101,73.66929983284267,5.478262254816849,1.7608166372179546,52.949743120745936
2026-08-06 02:10:00,M-104,79.15683390915592,5.8550202156657845,2.3880360469845034,42.97750978540905
2026-08-06 02:20:00,M-102,77.40883363836414,5.664244198558829,2.4981427223729815,41.240974956531126
2026-08-06 02:30:00,M-103,65.43890403284297,4.565986403789264,1.953313387260932,47.25010947980527
2026-08-06 02:40:00,M-104,75.11034995153024,5.4002031527544485,1.514728702758065,43.34523442076002
2026-08-06 02:50:00,M-101,78.64466659767704,5.582823727507291,1.8166548903903117,37.20024495673951
2026-08-06 03:00:00,M-101,73.93404260344602,5.601338359972337,1.9356039689639626,46.723797094981045
2026-08-06 03:10:00,M-104,77.45490212592983,4.699017324648416,2.176938606916123,48.74504791501902
2026-08-06 03:20:00,M-103,82.06135222850382,4.904334143342204,1.6471953718902628,56.87851028047247
2026-08-06 03:30:00,M-102,77.11854773053491,5.64755120608373,1.7307931884752472,54.55763973993142
2026-08-06 03:40:00,M-102,73.24654297820864,4.85720783319281,2.1787366482505828,56.53960239462982
2026-08-06 03:50:00,M-101,77.22544237042376,5.065136774501059,2.328618091213845,53.04250248875456
2026-08-06 04:00:00,M-103,72.72443916548445,5.909144114275886,1.7824420841902606,50.32828931264982
2026-08-06 04:10:00,M-102,72.11951521642477,5.178490337326845,1.5333740311171513,39.39738565469675
2026-08-06 04:20:00,M-103,70.24292882143133,4.87295163797477,3.1494413704507593,49.04910538554692
2026-08-06 04:30:00,M-103,79.81706679416054,4.805072189411693,2.27415648298105,52.1775564413157
2026-08-06 04:40:00,M-101,67.90785667028999,5.349723698313335,1.906548683381539,58.20206564559305
2026-08-06 04:50:00,M-102,79.66183862339058,4.600083396185256,2.3041609464357937,52.804019792122695
2026-08-06 05:00:00,M-104,74.49932061870186,5.088698816246612,1.9564401795999522,56.68268404223795
2026-08-06 05:10:00,M-101,65.00346912599029,5.34995374074551,2.3035049111850654,40.776014760443324
2026-08-06 05:20:00,M-102,73.83824646495711,5.784617419246451,2.055787619221678,45.71507661696334
2026-08-06 05:30:00,M-102,61.49986746174188,5.500396636166498,2.0319451643586506,51.005454995628895
2026-08-06 05:40:00,M-102,75.12754008415519,4.87867069690802,1.9602463461192239,56.12666883519793
2026-08-06 05:50:00,M-102,76.42615741494495,5.730288692903674,1.4934165332879186,46.98339947912756
2026-08-06 06:00:00,M-102,69.03822022173973,5.065218233103636,2.6783332147875987,47.422878285955925
2026-08-06 06:10:00,M-103,72.61773847977791,4.643933640077766,1.6704631279062898,52.80998214202085
2026-08-06 06:20:00,M-101,81.77078716875143,5.122581388330538,1.523991748291292,40.11890420998413
2026-08-06 06:30:00,M-103,69.47126647869031,5.8471761405155664,1.9254990410352715,59.251831848764006
2026-08-06 06:40:00,M-104,66.705462064717,5.274358022529216,1.6634848652713226,41.84604734824621
2026-08-06 06:50:00,M-102,79.40831701231299,5.205634838948404,1.981900523303905,34.56987403508488
2026-08-06 07:00:00,M-101,81.81293595265397,5.936745240116284,2.240717346996619,48.070469059658066
2026-08-06 07:10:00,M-102,72.01847835923924,4.555890318825508,2.348356015185228,59.889210916628954
2026-08-06 07:20:00,M-101,77.05731517704179,4.621480398676253,2.2851557525675887,52.10517191233527
2026-08-06 07:30:00,M-103,78.70737957765441,4.472869088064925,1.893028780825012,53.257633801025435
2026-08-06 07:40:00,M-101,68.28757883730808,5.367691683916025,2.017357139681555,48.2897003361498
2026-08-06 07:50:00,M-104,69.57347082316066,5.274921907201806,2.142757667814122,46.93335751910176
2026-08-06 08:00:00,M-104,78.15437256577367,5.8942313652759,1.3847744016202745,37.18563441284819
2026-08-06 08:10:00,M-101,80.42507139354255,5.309563784711547,2.199704645041951,32.184296194670694
2026-08-06 08:20:00,M-101,74.81440430087177,5.018129278234314,1.4899452493456589,49.37390636908604
2026-08-06 08:30:00,M-101,67.60092823248974,5.2008076927951485,2.714121309617271,57.18784436038158
2026-08-06 08:40:00,M-101,81.9353055584972,5.252968338307431,1.8584197203754067,50.40893593379646
2026-08-06 08:50:00,M-104,69.34514551094017,4.447707427002325,1.9352936879818932,52.3651966893641
2026-08-06 09:00:00,M-102,70.32431109414274,6.419649239950703,1.7306025152667506,59.08602281947678
2026-08-06 09:10:00,M-101,73.7116891724481,5.43394195814586,1.7795104888505087,50.301367960087404
2026-08-06 09:20:00,M-101,79.77080210357387,5.294503738610166,2.795932749200134,47.141414297846666
2026-08-06 09:30:00,M-104,76.26987988276112,5.476823792925361,2.3291293910181543,42.270326360449545
2026-08-06 09:40:00,M-104,74.07432750180955,5.5192349412639725,1.4577791441982566,62.155487940804605
2026-08-06 09:50:00,M-103,74.31644265059053,5.136750931523906,2.5264745152398302,51.68583445407576
2026-08-06 10:00:00,M-101,72.21757334321732,4.915941488691685,2.417634796299501,41.39478798856469
2026-08-06 10:10:00,M-103,74.79069757259253,5.469752808844767,1.9015756381990991,39.801826325391346
2026-08-06 10:20:00,M-104,59.352199611528484,5.373569878239154,2.107343929710443,56.77144608850239
2026-08-06 10:30:00,M-104,70.51696270465101,4.835549455409766,1.994769572202624,40.73790812514172
2026-08-06 10:40:00,M-102,73.2066096745839,5.838566025115269,2.690402966556426,60.97683910251555
2026-08-06 10:50:00,M-101,66.24492958190247,5.332008416345342,1.7212984338527684,28.704760420365023
2026-08-06 11:00:00,M-103,73.9316165890578,5.528418713020434,2.0511037134215044,57.95816638452983
2026-08-06 11:10:00,M-104,70.97764389506939,5.826364399455963,1.8501491341525185,51.40826367813375
2026-08-06 11:20:00,M-104,80.77737849157745,5.209849969524176,1.498435858383751,48.83016096139812
2026-08-06 11:30:00,M-103,79.86509862607429,5.342628403142852,2.767073389269245,46.77179095470766
2026-08-06 11:40:00,M-102,69.67097215440918,5.564512257327753,1.5864516973141556,61.235108940158206
2026-08-06 11:50:00,M-104,71.24581144216653,4.873812512289977,2.0770452156207218,52.94941200880842
2026-08-06 12:00:00,M-101,71.63026217195804,5.224323248280701,1.3907547877668827,41.67757473773184
2026-08-06 12:10:00,M-104,69.74170261920189,5.256496863993017,1.8603253112649174,35.96763030779783
2026-08-06 12:20:00,M-101,72.97512492014063,4.769773651742472,2.14768908750171,49.24108049203116
2026-08-06 12:30:00,M-103,68.20858965556205,6.242936554903245,1.7113431071741732,47.9925020652381
2026-08-06 12:40:00,M-101,66.34692332531237,4.566717950428419,2.205380647757479,37.36092373837144
2026-08-06 12:50:00,M-103,75.11355611950134,4.615853243340779,1.905835617839171,47.61224532162365
2026-08-06 13:00:00,M-101,75.14764792110905,5.791401959066611,2.4060288793395146,43.9824575684806
2026-08-06 13:10:00,M-103,67.97842120170004,5.520969812858445,2.4766163196690782,48.06503047814686
2026-08-06 13:20:00,M-101,76.476777153813,4.73831583213365,9.0,53.08146528153881
2026-08-06 13:30:00,M-102,68.84211135417334,5.473280056795762,2.026856500787535,58.44826963224825
2026-08-06 13:40:00,M-101,73.26582619018991,5.86053270024879,2.0642089792652816,54.36222325458501
2026-08-06 13:50:00,M-101,76.10172006306227,5.186381624081356,2.2167722534021443,42.94991475118856
2026-08-06 14:00:00,M-102,71.83193717648143,6.369470305033563,2.005033698685493,50.582405901804364
2026-08-06 14:10:00,M-104,74.27370456070567,4.424172185109384,2.066573835769995,48.44174985044417
2026-08-06 14:20:00,M-104,69.41785178056215,5.512220554236596,1.9148077338217082,38.67509731758369
2026-08-06 14:30:00,M-101,71.01766708285952,5.724937751299452,2.0403339534402063,50.78762949284591
2026-08-06 14:40:00,M-102,70.9707028455983,5.601104755722361,2.4542790677372963,60.996706365424
2026-08-06 14:50:00,M-101,68.26710826729881,5.108039923009459,2.226129134424149,48.22698622930903
2026-08-06 15:00:00,M-103,71.11612918442108,5.069301333094983,2.2454394738051793,36.840721241922196
2026-08-06 15:10:00,M-103,64.25690850568127,5.399865326989266,2.253074613447452,48.211880697760336
2026-08-06 15:20:00,M-101,69.54423126428948,5.5670895189934315,1.9461669277416376,39.504014607187244
2026-08-06 15:30:00,M-104,70.57562253315164,5.471113046327064,2.1115894652528358,54.04523854820401
2026-08-06 15:40:00,M-104,70.7191012375231,5.6680260508570255,1.6201892125824893,51.6740549420759
2026-08-06 15:50:00,M-101,70.79251277064611,4.74150851931997,2.444082679710935,46.8036296256768
2026-08-06 16:00:00,M-101,71.69117900069935,5.097503059394365,1.025963848679873,45.68185013900925
2026-08-06 16:10:00,M-103,74.39720759043033,4.776992830544311,1.969498062682601,46.514359888691175
2026-08-06 16:20:00,M-104,76.37258537066262,5.026249250761237,2.399313592002596,48.057921460396244
2026-08-06 16:30:00,M-101,68.75117386575866,5.656849401316437,1.5226462232297304,42.59435485060921
2026-08-06 16:40:00,M-103,65.98399572305428,5.248592764326353,2.139922971165898,38.28572843298994
2026-08-06 16:50:00,M-104,66.78977793878448,6.373086623417397,1.7617317436973405,55.970892626862536
2026-08-06 17:00:00,M-102,69.56398539402537,5.287032865235373,1.870918857183896,45.30219316452129
2026-08-06 17:10:00,M-103,70.24039341091745,5.226861346260882,2.3310793362238034,49.169301729184006
2026-08-06 17:20:00,M-104,68.1500196690127,5.247782313748098,2.0693199240598026,49.99697365817246
2026-08-06 17:30:00,M-104,65.51941667875053,4.912986088213029,1.287975446240473,50.2541433575865
2026-08-06 17:40:00,M-103,69.71939586262906,5.173973524430083,1.6582510610939405,39.78327402031103
2026-08-06 17:50:00,M-102,72.90713310056985,5.707504612200241,2.341367507211066,36.26911884813707
2026-08-06 18:00:00,M-103,74.97514732917783,5.251286800657498,2.157129951367549,43.879152327156056
2026-08-06 18:10:00,M-104,69.2128847344584,4.842943121552438,2.6118474503834994,50.769980726918675
2026-08-06 18:20:00,M-101,69.93501088928284,4.783711920784614,2.588926657904654,42.90435092767981
2026-08-06 18:30:00,M-101,67.36650845576345,4.9974091487503705,1.880214204448623,45.515550524105365
2026-08-06 18:40:00,M-103,71.84280414812612,5.233238545484896,2.876133231774321,62.89108189624698
2026-08-06 18:50:00,M-104,67.75785682904592,5.737113940964318,2.0085678844481687,35.08203280636825
2026-08-06 19:00:00,M-101,74.865639066206,4.596780111385104,1.663066012956841,42.71476202862651
2026-08-06 19:10:00,M-104,63.070667540329445,5.05607817495006,1.778226046931298,61.276228480017494
2026-08-06 19:20:00,M-103,70.20185163773769,5.264939508745786,1.2101462131487035,47.687809296033436
2026-08-06 19:30:00,M-101,73.50553669595871,4.374832404566755,2.5624566528872483,43.058103841507624
2026-08-06 19:40:00,M-104,72.91917258161253,4.824880772665117,2.558166696165352,56.18138241907784
2026-08-06 19:50:00,M-101,85.46516831990249,4.894050157118716,1.6445723964153376,48.38661305536778
2026-08-06 20:00:00,M-103,73.74900012283953,4.841813331767276,1.9202404990663329,45.561841234691954
2026-08-06 20:10:00,M-104,66.97972701578995,5.286350295259742,2.033462640439402,49.34658248926258
2026-08-06 20:20:00,M-101,71.52267876455464,5.127748175724191,1.6638764317502601,43.393238334320635
2026-08-06 20:30:00,M-103,63.11876833266774,4.950121253829534,1.3857142890550935,40.87756255978345
2026-08-06 20:40:00,M-101,71.5970012535162,5.392583181948686,1.9263748386780808,47.20482150655676
2026-08-06 20:50:00,M-101,67.83471971499621,5.975383622940813,1.8876221996892637,40.923021279467946
2026-08-06 21:00:00,M-102,76.57695137780081,5.937665432533788,1.8640560656539287,48.07485318257536
2026-08-06 21:10:00,M-102,69.25229862702233,4.334752702571949,2.0779506219103374,50.480845972320374
2026-08-06 21:20:00,M-103,71.41617042102376,5.459682482725813,2.5003318804840973,53.97142319236128
2026-08-06 21:30:00,M-102,68.82221079297798,5.119889519471273,1.8939175481078958,55.89547489861779
2026-08-06 21:40:00,M-103,80.69425675926665,5.2698199042894105,2.059655049552477,45.15984448857424
2026-08-06 21:50:00,M-102,70.39378616941045,5.020772634905853,2.2544046833107276,51.49590225557348
2026-08-06 22:00:00,M-101,81.162785217396,5.252914883449241,2.193950024279462,51.4476641234445
2026-08-06 22:10:00,M-103,76.07075881059133,5.268133328232409,1.7849517664432553,50.294731010711885
2026-08-06 22:20:00,M-103,74.41033363667692,4.9394717091929845,2.0337319930899125,44.64378412334679
2026-08-06 22:30:00,M-101,73.8436657365876,4.796634603478669,2.1916389370591687,40.803525312751226
2026-08-06 22:40:00,M-103,73.96898649108125,4.9980869428212324,1.605077031871228,51.514013223465916
2026-08-06 22:50:00,M-103,62.361637103271946,5.305416669005544,2.442238653778778,36.05196206464865
2026-08-06 23:00:00,M-102,70.60558302924622,5.469548353757919,2.501056116824939,46.125123972021825
2026-08-06 23:10:00,M-103,76.2257898559216,5.584007039803066,1.7470269105944272,30.124582890459813
2026-08-06 23:20:00,M-104,71.75551408262947,4.9776144896198895,2.067784506421859,38.645183036492156
2026-08-06 23:30:00,M-101,64.97405076598213,5.3277300552862314,2.224797389834861,41.86006243086803
2026-08-06 23:40:00,M-102,71.73797774711265,5.633126166378984,1.8090350452849366,55.67706945340499
2026-08-06 23:50:00,M-102,80.52052758127746,5.7245177028148575,2.168564845990833,52.81675617082988
2026-08-07 00:00:00,M-104,78.23445857767359,5.173525215640815,2.0571394692022578,44.122457213104305
2026-08-07 00:10:00,M-101,71.68997995316984,5.100580723777174,1.4862286378264198,53.105588565908256
2026-08-07 00:20:00,M-101,76.75724638529043,5.286005905226377,2.1607064605924955,54.213360743662776
2026-08-07 00:30:00,M-102,70.16746489815974,4.682631637196168,1.6149501543051374,46.87534606137695
2026-08-07 00:40:00,M-103,63.480642065866405,5.112875720034022,2.3287209980817165,38.309352990504166
2026-08-07 00:50:00,M-102,67.37767005935223,5.535063879312909,1.765076123703139,46.5446138295372
2026-08-07 01:00:00,M-101,79.81444384254098,5.488876208249666,1.9435500982185991,47.31475316379505
2026-08-07 01:10:00,M-104,70.63003459085348,5.07837957803625,2.480297619706301,39.37281926418842
2026-08-07 01:20:00,M-102,70.78308010312492,5.297973190489225,2.173733576285096,50.569327550509776
2026-08-07 01:30:00,M-101,70.5008090186256,4.82890734686919,1.622184128148909,49.958682980116485
2026-08-07 01:40:00,M-102,81.52068294786504,5.5165714667012615,1.6447792002203208,51.11529889925931
2026-08-07 01:50:00,M-103,80.12979457681031,5.164980353738588,1.7902440239816961,49.95246168017211
2026-08-07 02:00:00,M-102,83.09390116724067,5.075821846736738,2.138125429174833,53.10890124580488
2026-08-07 02:10:00,M-102,71.20477394799974,5.037224273757976,2.125404935226469,46.74470380488878
2026-08-07 02:20:00,M-101,73.47812244373547,5.171697759895064,1.7049141933679959,49.41249575159667
2026-08-07 02:30:00,M-101,64.41678725289604,4.9984550597806185,1.5914766800349742,45.215818010281275
2026-08-07 02:40:00,M-101,79.38467213059137,5.496164366201153,2.098554191780042,43.90850549064635
2026-08-07 02:50:00,M-102,66.16110224366032,5.022122403392719,1.9363489769734432,57.367747415334534
2026-08-07 03:00:00,M-103,73.08387781881315,5.916833843212322,2.755025560606708,33.693619089314524
2026-08-07 03:10:00,M-104,66.51348736183579,5.859344726566622,2.0128112797970776,54.13731992407985
2026-08-07 03:20:00,M-104,69.05566586630653,4.798805429565473,2.634988489695096,43.656213871880375
2026-08-07 03:30:00,M-101,67.8136878447515,5.231366921243176,1.590365740663481,42.749732756498155
2026-08-07 03:40:00,M-101,68.96062369662091,4.907204520398713,1.4493754711534024,49.83104238845785
2026-08-07 03:50:00,M-102,69.3043864842551,5.053008596565125,1.607970203616063,37.57273271354298
2026-08-07 04:00:00,M-104,69.25865602537462,6.101092360440159,2.416195423508713,42.28783849637658
2026-08-07 04:10:00,M-101,76.16666955890153,5.061592862297891,2.614635556392737,42.056022474409055
2026-08-07 04:20:00,M-103,66.4756860346874,5.362101716684843,1.7262371911165781,46.450212192704335
2026-08-07 04:30:00,M-103,73.10270713506934,5.443594582303725,1.838801889584155,42.37103618287518
2026-08-07 04:40:00,M-101,78.0897957615278,4.749716782382542,1.590856681425625,59.207830799474884
2026-08-07 04:50:00,M-101,69.43401817743302,4.815207036515858,1.3659260535085647,60.57911561548568
2026-08-07 05:00:00,M-104,68.41040554626198,4.657289932866346,2.2514440942218203,33.84604534076356
2026-08-07 05:10:00,M-104,70.84737687409874,4.801313169746001,2.078057106036757,51.81025893336015
2026-08-07 05:20:00,M-102,77.89862604180355,3.917486450807268,2.0036707939358562,54.01064407354302
2026-08-07 05:30:00,M-104,72.97053815476679,5.445062080357133,1.5099802119928172,51.800896416737736
2026-08-07 05:40:00,M-103,69.343928526962,6.124387228565231,2.573984838640031,43.39320554835814
2026-08-07 05:50:00,M-103,74.4193832559402,5.266519332566437,1.8238251416826845,46.29133106489021
2026-08-07 06:00:00,M-101,66.48853925081788,4.5626790132967265,2.1867692486857666,42.76207741655613
2026-08-07 06:10:00,M-104,75.40679755221474,4.910750627695023,1.4909035081643465,45.0581517818882
2026-08-07 06:20:00,M-102,74.04303653850884,4.993505419738751,1.9333161836329869,39.530244799329765
2026-08-07 06:30:00,M-103,70.46095764430558,4.7420868502539815,2.1019810596835042,47.19647824855815
2026-08-07 06:40:00,M-103,67.80707100776385,5.5870821872778205,2.1144763263186577,37.48038802086451
2026-08-07 06:50:00,M-102,67.56659538858271,5.5646170199689005,2.054126990132819,46.599058120403036
2026-08-07 07:00:00,M-102,74.67408668172955,4.680046692782053,2.1730828722170705,39.25992817630165
2026-08-07 07:10:00,M-103,78.14490251244531,5.526286470001379,1.6043178403884637,49.44771453253983
2026-08-07 07:20:00,M-103,68.81346126485603,5.88706569860977,2.069080411903881,43.244063073399765
2026-08-07 07:30:00,M-102,74.29193351775743,6.056151192353302,2.039815189218097,50.03406243512176
2026-08-07 07:40:00,M-103,61.564864906989655,6.489345410388683,2.0810854394682714,55.571065098553476
2026-08-07 07:50:00,M-101,,4.794103307750562,2.0253208260617135,59.12612855273296
2026-08-07 08:00:00,M-101,71.84470533564549,6.470899191877842,1.554375529130311,30.303967876856568
2026-08-07 08:10:00,M-102,67.45158291509082,5.040607125171046,1.5387700867618592,42.16064134288352
2026-08-07 08:20:00,M-104,67.31746812605202,4.933390545078769,1.2250061349404069,45.8783974602159
2026-08-07 08:30:00,M-102,68.66110221765557,5.347182568695031,2.2861370784458543,51.222294728670384
2026-08-07 08:40:00,M-102,73.46096364163186,4.938072399658145,2.2896801284073196,36.4475184709183
2026-08-07 08:50:00,M-104,71.06335490796813,5.379569863290937,2.2952426019277423,41.12535315239849
2026-08-07 09:00:00,M-104,60.808843833375136,4.605965265518215,2.107376486861508,48.91250041859977
2026-08-07 09:10:00,M-104,61.39649923682467,5.092561329071454,1.2534082737986614,48.59421769068667
2026-08-07 09:20:00,M-101,68.96567411071412,5.778512005462756,1.6406513278751569,50.64332884494065
2026-08-07 09:30:00,M-103,74.28843293026776,5.17432241885598,2.059645396157589,51.105730088216816
2026-08-07 09:40:00,M-101,58.26247578637383,5.2637181040329475,2.0474313009771286,50.37016103181104
2026-08-07 09:50:00,M-103,69.50134911924185,5.41386637212279,1.9220381253967926,49.355587216420446
2026-08-07 10:00:00,M-101,69.3687607174129,5.726797733192948,2.129121021017886,48.39017841328457
2026-08-07 10:10:00,M-103,78.94168889104223,4.455148879514756,2.004078097689836,52.653341628070535
2026-08-07 10:20:00,M-101,70.07489094143568,5.4630358233268455,2.0422696629429766,32.32474133405042
2026-08-07 10:30:00,M-104,73.91494492370464,5.079337387341207,1.7763271335087945,58.81033440879864
2026-08-07 10:40:00,M-102,72.70628570043732,5.274987052890327,2.3437038451425565,32.568625643837734
2026-08-07 10:50:00,M-101,61.347167600964,5.676977576393069,1.8492299369618657,40.445867281668555
2026-08-07 11:00:00,M-103,75.84103608315868,4.6626160068646705,1.534272820942781,46.41267442344899
2026-08-07 11:10:00,M-104,73.07698252728144,4.74431000135061,1.730150345513445,52.708290237628894
2026-08-07 11:20:00,M-101,74.54134319837294,4.3290565181287874,1.8780368330233068,27.033131764402686
2026-08-07 11:30:00,M-101,91.63118853218162,4.952878476206301,2.3479009759290963,47.80312973240716
2026-08-07 11:40:00,M-104,61.57943530250706,5.798694554970467,1.9852062005478224,53.54676527591014
2026-08-07 11:50:00,M-101,80.62348324880554,5.145735765186939,1.934848123362023,54.96162681219934
2026-08-07 12:00:00,M-102,70.56276240299822,4.596943796955347,1.5629678013330803,43.118692390517786
2026-08-07 12:10:00,M-101,73.43664452201504,4.981444564941229,2.2749189064403517,45.894152991314776
2026-08-07 12:20:00,M-102,71.77243877349379,4.53046223342922,1.771816746091815,43.68696309775161
2026-08-07 12:30:00,M-102,69.87881833300978,4.693666254220977,1.9649902493705325,45.25127742531741
2026-08-07 12:40:00,M-104,69.1508353588062,5.374968509618671,2.5180640769086526,40.77721414490095
2026-08-07 12:50:00,M-101,73.64754367786504,4.671757003162287,2.1780671658672563,41.77523486270357
2026-08-07 13:00:00,M-104,64.4141315166416,5.700685437341486,1.430111083299689,51.04063845419858
2026-08-07 13:10:00,M-101,75.75289583760883,5.167995869126349,1.3806714172766348,48.921307612909196
2026-08-07 13:20:00,M-101,69.91902797557373,5.238517616775036,1.9774913424582639,51.44110555313331
2026-08-07 13:30:00,M-103,66.34965330479821,5.074732164576448,1.5755407847938183,49.49810072790586
2026-08-07 13:40:00,M-101,69.74993571002094,5.547781527344676,2.226991361671549,52.93037020803317
2026-08-07 13:50:00,M-104,78.28574608431286,5.552421949499655,2.014792072737743,54.14749798708496
2026-08-07 14:00:00,M-102,69.32332456491889,5.350774458360477,2.057884669158352,35.80798366093727
2026-08-07 14:10:00,M-101,73.7922680910481,5.454155097658441,1.7526398864251764,42.01983244709946
2026-08-07 14:20:00,M-103,68.34521862142263,5.104559648535808,2.609484279350347,46.38036829756973
2026-08-07 14:30:00,M-104,75.7896092496181,5.443991353109072,2.9949078048036606,47.841257321588614
2026-08-07 14:40:00,M-101,75.42753869395102,5.0479550010367875,1.90249534668515,43.309365983273764
2026-08-07 14:50:00,M-104,81.24304416648206,5.201004229973081,2.1235637369452505,54.38416569691814
2026-08-07 15:00:00,M-103,71.12218027250393,5.076410312785167,2.0340960700725095,61.85963857803419
2026-08-07 15:10:00,M-103,75.34327402378953,4.9942516573063624,1.909109597795626,49.30313368907214
2026-08-07 15:20:00,M-104,72.49033769769473,4.889899691025194,1.7087753362935212,48.59038722538748
2026-08-07 15:30:00,M-101,78.47935890931507,5.410460546736498,1.620261204381833,53.946193785730316
2026-08-07 15:40:00,M-102,68.40583806195635,5.789772660766059,1.6025409570660665,34.93912171357594
2026-08-07 15:50:00,M-103,75.72502656438641,5.726995887251302,2.141834008942201,48.19928258306887
2026-08-07 16:00:00,M-101,71.0265135194166,4.6345455988245545,1.8181139326287277,54.85325077827262
2026-08-07 16:10:00,M-101,71.67905911445752,5.780141373133093,1.0975975024508144,43.49792201959222
2026-08-07 16:20:00,M-102,72.45876242224186,5.056828674271932,2.155700377209413,39.414075940686246
2026-08-07 16:30:00,M-103,73.26120198213339,5.470329856815517,1.9866085511375455,46.69936072930155
2026-08-07 16:40:00,M-103,71.4188547843902,4.792203100578755,2.471335550490401,47.57520196758656
2026-08-07 16:50:00,M-101,73.07356591585263,5.263890961243303,2.1305928389818534,41.63943402659179
2026-08-07 17:00:00,M-101,79.89059028781092,5.341175432303609,1.482464241291396,62.673128932356654
2026-08-07 17:10:00,M-102,76.9272484280761,4.531927843636156,1.2196131757445068,44.64912533294438
2026-08-07 17:20:00,M-102,76.34577296248449,5.473720224854885,1.748184665481722,39.92438454001402
2026-08-07 17:30:00,M-103,69.72230236988065,5.805670753527242,1.7812124027572216,47.34465076650572
2026-08-07 17:40:00,M-104,67.55379585885838,5.121408424443268,2.3301057203500584,54.355024463931436
2026-08-07 17:50:00,M-103,76.77650279118876,5.812075658872606,1.9968951736986493,48.121899742987615
2026-08-07 18:00:00,M-101,76.38023396264897,5.114637927946417,2.396790974334478,51.39915744030802
2026-08-07 18:10:00,M-103,79.36335337875491,5.582313038970978,1.536308430504078,41.8994258396679
2026-08-07 18:20:00,M-104,68.98009687015386,4.201643515322005,2.3378425345331566,58.4138191248246
2026-08-07 18:30:00,M-102,70.85225672319827,6.288450000691059,2.2523462037008217,51.931977195429106
2026-08-07 18:40:00,M-104,63.80257918737283,5.872956210359331,1.2936180609990813,55.333910982143266
2026-08-07 18:50:00,M-104,70.03764446969564,5.071918523085845,2.46291624444127,50.55612442732618
2026-08-07 19:00:00,M-104,76.98285255289724,4.312559938010282,2.0327104721182234,53.77418826410149
2026-08-07 19:10:00,M-102,69.66752310385901,5.32961276573747,2.137215576353977,41.888632082259406
2026-08-07 19:20:00,M-104,75.20239897600412,4.550233503816809,1.6972863606500521,44.560127083173064
2026-08-07 19:30:00,M-104,71.04748447001094,5.4001840919008695,2.44633645452269,57.42536416889221
2026-08-07 19:40:00,M-104,73.6202851411078,5.385204573623927,1.5849516847663956,58.918193630987744
2026-08-07 19:50:00,M-101,66.26154305092166,4.776368573949089,2.291232206430881,39.970540801966465
2026-08-07 20:00:00,M-104,72.42604724816951,5.7044351606264705,2.287212616568035,49.74815247504669
2026-08-07 20:10:00,M-102,57.044320145496386,5.562508616262778,1.6590414001397222,44.98339339660341
2026-08-07 20:20:00,M-104,71.06551920919007,5.639120501779853,2.694180759797901,43.120779714445966
2026-08-07 20:30:00,M-104,63.8476337814243,5.203985966651003,2.0810349680761315,49.99387786748815
2026-08-07 20:40:00,M-102,78.02997258273408,4.563014169888833,2.2288624135948583,55.98674052655785
2026-08-07 20:50:00,M-104,75.88703676382255,5.640042522495012,1.4655077216324854,51.161637312989356
2026-08-07 21:00:00,M-102,74.3333549098304,5.078332870388894,2.7412055010529977,45.76341285056675
2026-08-07 21:10:00,M-104,79.6050311357969,4.574598935563299,1.5714050709212186,51.60402825954612
2026-08-07 21:20:00,M-102,67.25541739587581,5.808417714688447,2.3587102514680756,45.480166784933694
2026-08-07 21:30:00,M-104,80.73681598957779,6.14473338422613,1.6518298987239066,50.884800105114216
2026-08-07 21:40:00,M-104,76.66095782130192,5.181438341959359,1.7833539190033112,57.77525990319013
2026-08-07 21:50:00,M-101,70.81722356390527,6.171604519571481,2.2760639153599067,33.45988238489421
2026-08-07 22:00:00,M-101,77.67810073591473,5.241091627875107,2.3596434497863052,53.580766089780234
2026-08-07 22:10:00,M-104,66.46853243794183,5.028794843125143,1.5550505128100642,37.22661554900672
2026-08-07 22:20:00,M-104,67.87742919236163,4.9162936956165355,2.3816652591699476,56.59829397381123
2026-08-07 22:30:00,M-103,68.9570513838015,5.936687083596734,2.365743173296618,43.540820730889976
2026-08-07 22:40:00,M-102,69.35511145967992,4.848935253375503,1.6717163069042877,39.476300356754614
2026-08-07 22:50:00,M-103,66.71721178619873,5.530871189488744,2.5595266577568885,52.86688458962123
2026-08-07 23:00:00,M-101,78.11541533547663,4.948376274223357,1.4900998301131867,50.54919044199688
2026-08-07 23:10:00,M-101,70.70572799815085,4.992861956841537,1.7813295960278346,41.005691679268395
2026-08-07 23:20:00,M-101,73.7625248417844,5.6636123622863055,2.167650918432196,39.22900169982124
2026-08-07 23:30:00,M-101,69.1482431679316,5.028983419169791,1.7012518003540877,46.68762958756103
2026-08-07 23:40:00,M-104,62.896983497257416,5.017842079260868,2.092336679987769,39.571391348801626
2026-08-07 23:50:00,M-101,73.35028679195712,5.709762113728663,2.0843766275811535,40.56968918953461
2026-08-08 00:00:00,M-104,62.43872512290112,5.91882878194973,1.9345240055270478,48.80934553295003
2026-08-08 00:10:00,M-104,71.65682976957265,5.490110411477906,2.291340188506696,41.238898560214324
2026-08-08 00:20:00,M-101,65.15842480583595,4.905353600969223,1.9200737225698263,50.9857750301858
2026-08-08 00:30:00,M-101,81.93637999615405,4.970226175316089,2.081039374084832,58.43100517118434
2026-08-08 00:40:00,M-102,76.5568136108736,5.235961868683017,2.4012651571207657,46.960112095695926
2026-08-08 00:50:00,M-103,72.5287689563574,5.344418527866546,2.2767401735090442,48.91105743389909
2026-08-08 01:00:00,M-101,78.31853338827334,4.755460340437103,2.275106051784973,62.12667712984841
2026-08-08 01:10:00,M-102,67.76842011267132,5.525367072810939,1.597787139224127,39.68679217835857
2026-08-08 01:20:00,M-102,74.71739689335047,5.2384809983378195,2.1836774014254625,56.338646366265195
2026-08-08 01:30:00,M-103,72.99905216859356,4.427931256612842,1.6925254231606734,55.49600318538737
2026-08-08 01:40:00,M-104,73.32010040666835,4.781983082892672,1.5515047570776908,53.980221374216484
2026-08-08 01:50:00,M-101,78.36176750053384,4.973142096856751,1.974902778800261,57.04223495512842
2026-08-08 02:00:00,M-103,75.662460513899,5.167214040021525,1.6834966846719435,49.964024761710334
2026-08-08 02:10:00,M-101,73.44361831412512,6.050175457976798,2.276716201593992,43.91949353080513
2026-08-08 02:20:00,M-102,63.72556281885852,5.307177087762833,2.2850874108933636,55.662013038543975
2026-08-08 02:30:00,M-102,67.19976852360269,4.821652649545619,1.3340808172489953,55.929895481990265
2026-08-08 02:40:00,M-104,71.38645533202138,5.299283861938224,1.7100941111480885,55.73719731045301
2026-08-08 02:50:00,M-102,72.46686187138326,5.041560513645754,1.4890746648287005,48.31151457623466
2026-08-08 03:00:00,M-102,66.34898137663038,5.346141207790094,1.8380797531924884,42.98663840470672
2026-08-08 03:10:00,M-103,84.05838337789211,5.4612554591660265,2.1593114844540886,49.339535778781276
2026-08-08 03:20:00,M-101,79.58197027626787,5.744153791250772,1.915199165637564,54.59561012297485
2026-08-08 03:30:00,M-101,75.01059160196242,5.189071076948489,1.7935842657665027,55.17046252901976
2026-08-08 03:40:00,M-103,72.36018430641873,5.937532237419925,2.4550617843845988,44.99226711047783
2026-08-08 03:50:00,M-104,70.93895515049424,5.608610198141286,1.193299989591299,50.20761027289173
2026-08-08 04:00:00,M-101,67.24040769988882,4.8816522048345155,2.4329051627313785,38.83855186859831
2026-08-08 04:10:00,M-102,72.38740259259431,6.194435049586809,1.80949909739558,54.89465072104096
2026-08-08 04:20:00,M-101,73.28876270071375,5.347147530971544,1.9726618464605237,42.51683870292456
2026-08-08 04:30:00,M-102,65.79119712259188,4.824193973212495,1.815422831797962,53.49678751700083
2026-08-08 04:40:00,M-104,73.67088208622448,5.94381087305369,2.5400108369386913,39.95486795826886
2026-08-08 04:50:00,M-103,71.22370475587626,6.1349999133393,1.5691575261181592,55.21991134503806
2026-08-08 05:00:00,M-101,62.46096221061305,5.185138631326198,2.0041077294026777,50.25284633015939
2026-08-08 05:10:00,M-103,67.6980749461025,4.973357382830982,2.184603528150999,42.53049613068138
2026-08-08 05:20:00,M-101,69.93197233289177,5.122431269145852,1.4361490312401914,52.83949466756368
2026-08-08 05:30:00,M-102,81.43843828670096,5.521629277382965,1.6780356403438463,43.86746815736269
2026-08-08 05:40:00,M-103,74.78276562266879,5.775035494763731,1.9481375132756198,53.246885262115896
2026-08-08 05:50:00,M-101,65.32259215450054,5.456719298888609,1.689667237860469,46.08121967233495
2026-08-08 06:00:00,M-102,74.43018144708819,5.245775443812296,1.7145428800732976,35.95267012059236
2026-08-08 06:10:00,M-103,64.26348005530818,5.874105296636992,1.877548067923247,41.12308631663344
2026-08-08 06:20:00,M-103,77.41345526943536,5.059223587126815,2.2273534660761607,44.98709703918901
2026-08-08 06:30:00,M-101,69.6443767409106,5.663913702265108,1.8800487780926494,57.57732316624005
2026-08-08 06:40:00,M-101,71.53181905630414,5.070371740741924,2.377449168065531,54.30800541370458
2026-08-08 06:50:00,M-101,78.62898323771095,5.3939603311049025,1.6507847760692258,59.367029886255
2026-08-08 07:00:00,M-102,65.56418215707875,5.148896845844297,1.5618272088342917,59.575446512209005
2026-08-08 07:10:00,M-101,65.01440907443504,5.174866517806235,2.674220892002397,44.2567443678636
2026-08-08 07:20:00,M-103,69.08200336826998,5.030176067142006,1.769714655317071,46.680591981688195
2026-08-08 07:30:00,M-103,77.19189425509659,5.805184314031313,1.541180797524744,45.12104052968623
2026-08-08 07:40:00,M-101,64.4032696226158,4.870183282851159,1.3902811203798593,43.29942576289246
2026-08-08 07:50:00,M-101,57.839222009447155,4.866895486353082,2.3762862088331285,35.10953703464479
2026-08-08 08:00:00,M-104,69.744205707955,6.154447104630299,1.8805434198689792,47.896765973882104
2026-08-08 08:10:00,M-103,74.7587039995546,5.640031404094449,1.9112015927267605,39.00104084402223
2026-08-08 08:20:00,M-102,78.00130874869414,4.126698835588134,1.9442794009446762,47.76079682925971
2026-08-08 08:30:00,M-104,69.68419318957301,4.945633567355318,2.3545300096344235,62.81039566694089
2026-08-08 08:40:00,M-101,69.94286696441999,4.384604798097076,1.9371645581084278,44.43458432568504
2026-08-08 08:50:00,M-101,77.76950367127874,4.772189187963136,2.820418822591419,49.36341803939647
2026-08-08 09:00:00,M-103,62.6512915015229,3.7876684001946823,2.0468162009189803,54.34653870066498
2026-08-08 09:10:00,M-101,70.05739612408496,5.138354690037726,2.3716246684354125,49.96203904376135
2026-08-08 09:20:00,M-102,72.95211944962529,4.68612618137741,2.2818339502665426,50.04738931559607
2026-08-08 09:30:00,M-103,74.24609360642518,5.226957365558397,1.9872434379096868,45.46318296418344
2026-08-08 09:40:00,M-101,69.45096653404559,4.468695433502864,1.7945601548928378,46.37685417457137
2026-08-08 09:50:00,M-103,72.1722050585292,5.237310333927418,2.116187374998294,41.2799263446852
2026-08-08 10:00:00,M-101,59.55836323293505,5.013287674845853,2.1785345559225457,53.922315062225856
2026-08-08 10:10:00,M-101,68.70875793833076,5.875878834334868,1.7995948831557156,35.80955840370133
2026-08-08 10:20:00,M-101,74.26754356277233,5.835110587785532,2.0582186030827296,54.797618368675415
2026-08-08 10:30:00,M-102,67.0885298287266,5.553405521354628,2.4326717423908586,38.1741113067833
2026-08-08 10:40:00,M-102,72.29492110794799,5.053023798702455,2.7244817086743875,54.738250918536565
2026-08-08 10:50:00,M-103,74.23436250401349,6.093421177867132,2.2990292621222976,45.52327731651473
2026-08-08 11:00:00,M-101,70.28725399571117,4.501134124972081,2.6519658902330985,39.37691918306844
2026-08-08 11:10:00,M-101,72.85231885498285,4.568398616696352,1.7797190260777405,52.05509051555745
2026-08-08 11:20:00,M-102,67.18633717357694,5.162297605049921,2.245658788220753,54.501372745530425
2026-08-08 11:30:00,M-101,70.96694360151977,6.214317149014504,2.468481828003445,44.933449463275245
2026-08-08 11:40:00,M-102,75.05108084794611,5.108947491908461,1.6862833334598015,53.04427384075253
2026-08-08 11:50:00,M-101,72.78486480484217,5.117539640555823,1.8300434607842468,32.004408537314546
2026-08-08 12:00:00,M-103,69.06734365218033,4.551140339749686,2.6082666666423373,38.755825971773795
2026-08-08 12:10:00,M-101,73.12108202145396,5.62566831337167,1.658715400474571,57.0468625132811
2026-08-08 12:20:00,M-101,75.57304895318309,5.628929314448209,1.5306044885705012,46.43431508061459
2026-08-08 12:30:00,M-104,61.75029360711261,5.55508384062996,2.534793550773829,34.96450671485807
2026-08-08 12:40:00,M-102,77.79537032477948,4.916850697218687,2.4188671287431536,43.10793673690604
2026-08-08 12:50:00,M-101,70.31872630659464,4.881981954232147,2.1512420853943195,41.53619669232444
2026-08-08 13:00:00,M-101,74.12744966620116,4.618094987317764,1.9840012358739605,46.838267879689525
2026-08-08 13:10:00,M-104,77.98623461822613,5.2377426257924204,1.8465164230382562,45.40474311334647
2026-08-08 13:20:00,M-104,65.14163151384767,4.713816701824674,2.0986821058331677,49.25252210256713
2026-08-08 13:30:00,M-102,68.45279498786226,4.67016257263782,2.5529324350905425,47.51373763871198
2026-08-08 13:40:00,M-104,70.55725652062148,5.009339177390196,2.0834981441497264,57.518174785259134
2026-08-08 13:50:00,M-103,68.08123239437786,4.979879721167103,2.758435743536438,50.97184019803768
2026-08-08 14:00:00,M-104,80.67468287918405,4.95790966203012,1.6857203050259193,51.203701278355105
2026-08-08 14:10:00,M-103,67.71613953086603,5.409900068578118,1.9931117359851058,56.15609986726165
2026-08-08 14:20:00,M-102,69.22226610256567,5.235571510967626,1.8694294663176296,45.278618746992926
2026-08-08 14:30:00,M-102,73.02194515801489,5.070329786269998,1.6202004598931836,39.166857896490605
2026-08-08 14:40:00,M-102,65.98925236961955,5.282355817740167,1.9464206934466206,56.44879227242575
2026-08-08 14:50:00,M-102,70.02159644121868,4.753812831502915,2.1460652555811537,48.950892236756786
2026-08-08 15:00:00,M-102,73.58726630625088,5.2473753807593555,2.1834805629832106,48.9754584552925
2026-08-08 15:10:00,M-103,70.33569797808744,5.267771121780085,2.7596582626305945,43.566690549288346
2026-08-08 15:20:00,M-103,71.53306570550026,4.523628913289134,2.162563614403246,43.68201266827496
2026-08-08 15:30:00,M-102,69.35333943775815,5.648062189466663,2.4025478812878656,53.927056371395906
2026-08-08 15:40:00,M-104,64.42764845409616,4.803354832647853,2.0231329862046414,54.89259058696327
2026-08-08 15:50:00,M-101,73.6079660566962,5.240639409642896,2.587319460158408,53.48676384022661
2026-08-08 16:00:00,M-102,80.7746653582362,5.7239852832408715,2.8394572499558244,53.550731238118324
2026-08-08 16:10:00,M-104,72.09200815391719,5.616554540971242,2.1858797958415823,51.98320676081831
2026-08-08 16:20:00,M-101,73.12632058623775,5.2154500248559765,1.6525693445919465,48.9206591105471
2026-08-08 16:30:00,M-102,75.46361377558429,5.03687544870307,1.8079182420279911,46.772342209753134
2026-08-08 16:40:00,M-102,65.65334751726651,5.626380358859006,2.0986770061218065,56.472266949590875
2026-08-08 16:50:00,M-103,80.51257329064802,5.503612740013879,2.159774312337726,45.383953906566965
2026-08-08 17:00:00,M-101,73.01164398211401,4.921735740980141,2.24444879703453,50.58985449716523
2026-08-08 17:10:00,M-101,80.15928449544555,4.842297858849239,2.161069188430514,42.37190901432027
2026-08-08 17:20:00,M-104,68.33483502238005,4.267440168236801,2.0024447206895784,43.384906742046844
2026-08-08 17:30:00,M-103,81.09030961278913,5.2693143287576145,1.777330545579255,46.34691802499941
2026-08-08 17:40:00,M-103,75.87577747017392,5.16278601474172,2.1403983914424805,42.37243136290986
2026-08-08 17:50:00,M-103,74.7652004292618,5.711286118589144,2.64924557511823,53.5849627783481
2026-08-08 18:00:00,M-103,73.17012227176573,5.361574792066166,2.3569750118997144,38.563760239184795
2026-08-08 18:10:00,M-101,70.75735690962776,5.800403137377711,2.1871463823726693,48.69460736366751
2026-08-08 18:20:00,M-101,78.00265829236936,4.886186097437723,2.360348423337963,48.92755667789527
2026-08-08 18:30:00,M-102,72.70179934924023,5.712167648935429,1.8701275898847016,35.32440295176224
2026-08-08 18:40:00,M-102,62.16465148206424,4.9619876294029055,1.822107198870838,44.912833256334736
2026-08-08 18:50:00,M-103,66.414067691465,5.549918227806523,1.7382752134719064,49.789896766337
2026-08-08 19:00:00,M-103,71.07077123903626,4.543558723361188,1.9561496820306967,51.001095953058474
2026-08-08 19:10:00,M-103,73.54999491582778,5.305810884714785,1.852297936151822,46.56984953979884
2026-08-08 19:20:00,M-102,71.71705755550052,4.306890426349341,2.4228961592282485,52.73821743136501
2026-08-08 19:30:00,M-104,78.09485394896832,5.079788131326211,1.8336368038112338,47.23478619934772
2026-08-08 19:40:00,M-104,62.24449067980687,5.398159297245061,1.7190473993212794,48.095570384525395
2026-08-08 19:50:00,M-102,72.7179396825258,4.965564151946007,2.679902012590721,49.76157708290587
2026-08-08 20:00:00,M-102,62.91010387306423,4.727303067059815,1.8420186691215297,54.48899740113918
2026-08-08 20:10:00,M-102,75.79856147742085,5.58075331118317,2.0537349600376227,43.269973983091276
2026-08-08 20:20:00,M-102,71.52770642778998,5.153441744568885,2.157962988660194,44.59224689237192
2026-08-08 20:30:00,M-102,74.0980498601206,4.979693208836198,1.6021574083777148,43.317724557895495
2026-08-08 20:40:00,M-102,67.68058519705117,5.218853164519425,2.4324193193260744,45.67461598700647
2026-08-08 20:50:00,M-103,78.39732465828875,6.386501113875515,2.2229916641439296,57.98363980655835
2026-08-08 21:00:00,M-103,77.20862332029425,5.719076282401695,2.5454344041582737,52.00907723530875
2026-08-08 21:10:00,M-103,74.91772151505944,5.723158150684529,1.762272321973665,40.082371783818104
2026-08-08 21:20:00,M-103,71.3524137656828,5.395995843546564,2.034694027366656,43.79687124087928
2026-08-08 21:30:00,M-102,74.89928642647565,5.274918372659716,2.0137745142479684,50.60937056993482
2026-08-08 21:40:00,M-104,68.46553716006325,4.1217629702513126,2.0923609730225077,41.65444553347061
2026-08-08 21:50:00,M-101,76.27777829510356,4.894458844091591,1.4908848379979935,42.9226197142967
2026-08-08 22:00:00,M-102,80.2474044716196,4.983741514058886,2.038792732542278,57.414717663219044
2026-08-08 22:10:00,M-101,77.35305279989593,4.35629857117861,1.500737631001689,43.70637060068769
2026-08-08 22:20:00,M-104,68.35198765096295,4.6791628944030546,2.1254169249189223,54.682667712205706
2026-08-08 22:30:00,M-103,73.80708658636551,4.3086235880848145,1.2549728064185182,56.78726232671657
2026-08-08 22:40:00,M-104,65.53429228120676,5.182754273936182,1.3519446079982949,42.86576536181725
2026-08-08 22:50:00,M-102,74.86195155587838,5.568444686881968,2.286492050753999,41.77026210410001
2026-08-08 23:00:00,M-103,74.2530170643127,5.698048533380948,1.8086065406818261,46.06707539463184
2026-08-08 23:10:00,M-102,62.65091830233918,5.386653007935658,1.6542496742287156,40.379605955284624
2026-08-08 23:20:00,M-103,66.19108078043818,4.766471646460644,2.4447959673764417,48.847237149519195
2026-08-08 23:30:00,M-101,70.58430551628116,4.330570678666018,2.1146691760649454,46.5604366170263
2026-08-08 23:40:00,M-101,70.49570126429587,4.409409085269324,2.3052315684368243,50.52406011120411
2026-08-08 23:50:00,M-101,65.95261532290597,4.628957840235476,1.9418152746877093,57.77860419362975
2026-08-09 00:00:00,M-104,73.94489364676092,4.800013135883947,2.937870042865001,53.72239486539223
2026-08-09 00:10:00,M-102,73.25736804470256,5.128113175903787,1.7884201488040716,51.42467842788649
2026-08-09 00:20:00,M-104,71.02865434010741,4.743626101842865,2.6105734422759608,34.237661109224575
2026-08-09 00:30:00,M-101,68.22104249920818,5.352539152150718,1.9785218859650304,51.103631874716626
2026-08-09 00:40:00,M-102,77.24353563208282,5.095476923740238,1.420921361780539,60.058393624931846
2026-08-09 00:50:00,M-101,80.27703556544148,5.204745570283461,2.168997061011838,26.926342385805384
2026-08-09 01:00:00,M-104,69.58219258076731,5.713112748702042,2.110166896509307,52.825677800829375
2026-08-09 01:10:00,M-104,68.9391654142259,4.668895719609834,1.6320373650162696,46.88448997670475
2026-08-09 01:20:00,M-104,74.45603832705999,5.388417060231566,1.67722325300285,42.05143497883939
2026-08-09 01:30:00,M-101,70.20985310126507,5.193712047185767,1.9913558249202528,53.607900087383676
2026-08-09 01:40:00,M-102,71.30301399668383,5.049931173563637,2.1224117353367937,59.96794130425131
2026-08-09 01:50:00,M-102,75.69826575862336,5.598365344389682,1.1352678509922098,53.42661510186428
2026-08-09 02:00:00,M-101,62.45321956246354,5.595556369550653,2.368592508383331,45.401656341169314
2026-08-09 02:10:00,M-102,78.59151162426335,4.774079141805208,1.826925709164758,41.395711229142904
2026-08-09 02:20:00,M-101,72.36340262164671,5.118027737263934,1.5338883804606382,49.01239343652681
2026-08-09 02:30:00,M-102,69.9425342771891,5.32654525716283,2.329373293008176,54.112185046671115
2026-08-09 02:40:00,M-103,71.55382922889275,5.077146963389837,1.9917337072035404,45.290628816363906
2026-08-09 02:50:00,M-103,71.81214677510259,5.4632595995295095,2.425658021873789,45.967319058444424
2026-08-09 03:00:00,M-104,63.343993482775375,5.326536408059624,2.1532832920429144,67.75400174886879
2026-08-09 03:10:00,M-103,79.47469113726618,6.024652558160206,1.999469923968184,55.550563621718084
2026-08-09 03:20:00,M-103,72.2066281613531,4.511374388831595,1.9465445192569453,56.050900748755424
2026-08-09 03:30:00,M-103,74.21501065223687,5.144903804613671,2.1689494661946482,37.77799865758831
2026-08-09 03:40:00,M-101,76.75774885287021,4.791173869819514,1.8552640594167344,43.04967924494578
2026-08-09 03:50:00,M-103,66.8941877121985,5.47184835494757,1.7015995939387252,48.52277147617967
2026-08-09 04:00:00,M-103,74.36735949517615,4.472272649479505,2.2134681929291253,40.992037094803955
2026-08-09 04:10:00,M-104,70.66179454550603,5.355840719601199,1.9494292554944497,59.20278109222506
2026-08-09 04:20:00,M-103,76.23385387608246,4.916478205893247,2.011748676824152,57.87218614613452
2026-08-09 04:30:00,M-103,61.36386289824252,4.869627160245543,2.3812829426541127,44.26518263831162
2026-08-09 04:40:00,M-102,71.50452849879366,4.549075808406691,1.9601431872924906,60.487430246252394
2026-08-09 04:50:00,M-104,68.9858967210802,4.9907158242095475,2.005261873939627,47.970235322960406
2026-08-09 05:00:00,M-104,74.16131475317077,5.6880252386309165,1.7901226709921738,66.12572802172335
2026-08-09 05:10:00,M-104,74.35022093684101,5.188665092411735,2.150758976893648,49.01280291367526
2026-08-09 05:20:00,M-104,68.46187052588986,5.482456188043514,2.1224397694380306,52.033349252298954
2026-08-09 05:30:00,M-104,68.43913067911978,5.949088819884824,2.3152712961266952,57.79932408818691
2026-08-09 05:40:00,M-104,71.44667315721335,5.318690013170159,1.7973049070475935,56.943433448654666
2026-08-09 05:50:00,M-101,67.51678886342395,4.948540192571947,1.839764060643435,51.57512446295125
2026-08-09 06:00:00,M-103,76.20991847726063,5.410263496832256,2.2772480897009144,47.01201776389315
2026-08-09 06:10:00,M-104,70.15396399776277,4.955066734158569,2.088274551177002,51.59892889995184
2026-08-09 06:20:00,M-103,57.46505890339179,4.973009792516274,1.6828236558325569,42.2867107968672
2026-08-09 06:30:00,M-103,70.12588971689097,4.5160482401714575,2.4572939237070752,49.06493603204881
2026-08-09 06:40:00,M-101,66.80728089578014,5.616815870987977,1.4055423010599122,40.23484727251404
2026-08-09 06:50:00,M-104,63.84362092269527,5.026298840957752,2.274499663642313,35.53382851943789
2026-08-09 07:00:00,M-102,65.81286680888714,5.281944210617138,1.5571757874006313,48.3529873489761
2026-08-09 07:10:00,M-101,72.54704235916485,4.733817132127013,2.6600259807699347,56.835945234701704
2026-08-09 07:20:00,M-102,78.64320414124116,5.396176433371963,1.459390095583032,54.480632491172415
2026-08-09 07:30:00,M-103,73.5659223693249,4.8571264428392125,2.403287728155462,47.42661392992074
2026-08-09 07:40:00,M-103,68.9674830589213,5.136231075234179,1.9714279739960645,60.22892788722847
2026-08-09 07:50:00,M-101,74.27952097585352,5.595021714057607,1.8716891005564396,44.016570264073984
2026-08-09 08:00:00,M-101,69.70454844890504,,2.0648888297637162,34.57517136741384
2026-08-09 08:10:00,M-102,68.52699815418427,5.190086467367377,2.2211651187052346,32.72529094059327
2026-08-09 08:20:00,M-104,66.22818665883509,4.404341035281977,1.6834598241841956,39.731663415829985
2026-08-09 08:30:00,M-102,63.240855966241405,6.546764756527288,1.7144742961909998,53.7163732028356
2026-08-09 08:40:00,M-101,70.05038146720277,5.985636536622911,2.22736170278951,43.556381215728294
2026-08-09 08:50:00,M-102,72.79026744960066,5.525203671199734,1.40242996622264,51.226710493001114
2026-08-09 09:00:00,M-101,71.51688164992555,4.861058298284063,1.7955198173827702,59.52398368508784
2026-08-09 09:10:00,M-102,69.92016536026321,5.1488835272341165,3.0642404339558045,40.299321261955356
2026-08-09 09:20:00,M-101,67.2712696965161,4.955460806600567,1.6611954623937517,51.34949812257123
2026-08-09 09:30:00,M-101,75.04123095842485,5.768735172593375,2.401730977115913,51.77274150859006
2026-08-09 09:40:00,M-101,65.41434040026708,5.318126300883326,1.7949172309501658,41.974834080688275
2026-08-09 09:50:00,M-104,75.88013956921738,4.847126263738075,2.1781658006790003,57.47947647671558
2026-08-09 10:00:00,M-102,66.98891490536637,4.988160205393848,2.229024491708676,45.986050611153665
2026-08-09 10:10:00,M-102,68.23782381323483,5.704534664156458,2.3951348573140314,45.31372913360894
2026-08-09 10:20:00,M-102,64.66607404692161,5.9200440310692155,1.9299111606155286,62.78129252892581
2026-08-09 10:30:00,M-101,69.49298926557182,5.887749203568811,2.6961096235641984,51.659367196567025
2026-08-09 10:40:00,M-102,76.87656229238989,5.54066442927429,1.793732202395187,54.47703384779849
2026-08-09 10:50:00,M-102,74.57814044221978,5.086318809038813,2.081977144759846,57.48425052065287
2026-08-09 11:00:00,M-101,76.89211056014018,3.741318778601896,2.0858469262761625,43.44668200378548
2026-08-09 11:10:00,M-103,74.61071272966969,5.3337220107137,1.6073111580177046,56.748747679375754
2026-08-09 11:20:00,M-101,66.48165085734816,5.199177058520155,1.8999447107573078,44.48674119501631
2026-08-09 11:30:00,M-102,70.34605387836221,5.262991943344609,2.0565297247334424,44.18763627463192
2026-08-09 11:40:00,M-101,68.09900435441268,5.224253806164943,1.848757634904703,46.09600019384305
2026-08-09 11:50:00,M-103,78.6528745201952,4.603182027122879,2.854323387909787,43.64554615538532
2026-08-09 12:00:00,M-101,66.01605676786845,5.450833850583034,1.7064817142401643,53.75509502860014
2026-08-09 12:10:00,M-102,76.46848844694556,5.4844973413143325,2.4127985638491496,49.87047458601539
2026-08-09 12:20:00,M-103,76.46476935054385,5.507052451926847,2.2997609346020753,44.56142909768021
2026-08-09 12:30:00,M-104,81.14810100858044,5.625959651608024,1.995148252923505,52.72153523208375
2026-08-09 12:40:00,M-102,69.95156703685251,5.47182324021473,1.6971768311517135,46.073722938295575
2026-08-09 12:50:00,M-103,75.56161079790081,5.01548676480749,1.7311106378628804,45.70350740744726
2026-08-09 13:00:00,M-103,83.40825918269421,5.16812341843776,1.8187114452742217,48.340787194310806
2026-08-09 13:10:00,M-104,68.91179161533152,5.24100619026402,1.3749905513188079,51.24422248966352
2026-08-09 13:20:00,M-101,64.3247987623382,5.248464752097979,1.6487871009702484,50.72893354564194
2026-08-09 13:30:00,M-101,62.599949830461185,5.649197945187279,1.4811332196227252,45.45725572423019
2026-08-09 13:40:00,M-102,75.56356014430666,5.489650938860121,2.4710562511122007,53.929778452075816
2026-08-09 13:50:00,M-104,62.58424895970708,6.134804547806479,2.2164618373358764,46.44324094244241
2026-08-09 14:00:00,M-101,70.13840473531039,6.192911040948102,2.275090934602911,43.41510857973897
2026-08-09 14:10:00,M-104,74.1865659351948,5.235842312176266,2.206091183039682,37.72384845862854
2026-08-09 14:20:00,M-101,72.92587768414957,3.473505003193284,2.058438668166957,54.88224936699315
2026-08-09 14:30:00,M-103,74.12722432092086,5.75657460975727,2.511238116245198,48.08673053335805
2026-08-09 14:40:00,M-101,73.11144927900428,4.956830647455826,1.786233070493892,49.476106509573604
2026-08-09 14:50:00,M-104,78.39432906656697,4.839332235176047,2.0373343793784655,55.320620409896605
2026-08-09 15:00:00,M-103,67.23841809630602,5.020699626254785,2.261470589738443,44.658156378815285
2026-08-09 15:10:00,M-103,68.61502430770734,4.999010628933427,1.537576768850355,38.379205260681104
2026-08-09 15:20:00,M-103,68.13670277364588,5.475521414547427,3.083806113649892,48.488464915506526
2026-08-09 15:30:00,M-104,76.15095905931305,4.498253899393199,2.009998016972155,50.15573086456207
2026-08-09 15:40:00,M-102,76.50199294197532,4.71502566439378,2.0496963077014576,46.16005653687739
2026-08-09 15:50:00,M-102,74.25612659659254,5.354421349388837,2.4399073110862224,58.316163046533184
2026-08-09 16:00:00,M-102,77.91746833444964,5.480324813685989,2.3202343665535783,30.596834025950503
2026-08-09 16:10:00,M-104,66.10979566311809,5.488693740221206,2.0133273067887605,55.84039646529848
2026-08-09 16:20:00,M-103,80.33612055775569,4.845833674480016,2.0455453033343147,53.53807555254958
2026-08-09 16:30:00,M-102,79.61619310856129,4.7597804578301925,1.4735480141682074,51.19739544390322
2026-08-09 16:40:00,M-104,75.67810998622873,4.9720143247954365,1.8052369777525084,24.648689153716326
2026-08-09 16:50:00,M-102,80.9089945438553,5.307942738528126,2.181023575655636,56.98722148289188
2026-08-09 17:00:00,M-101,63.71688396161113,5.868464816172647,2.1553624936650104,40.81496122554881
2026-08-09 17:10:00,M-102,69.37775931868674,4.278653266403163,2.4274080125014303,44.446156151316295
2026-08-09 17:20:00,M-102,68.32348269659023,5.100672059368735,1.9578246296218365,46.80585134646952
2026-08-09 17:30:00,M-103,75.60739661878672,4.600294701538658,1.5144497202991969,50.85192624256383
2026-08-09 17:40:00,M-104,66.74929630198928,4.45649079519093,2.369855650771487,52.47599629534785
2026-08-09 17:50:00,M-103,75.78747574668743,5.635130490405167,2.5026312711637058,54.249883880235075
2026-08-09 18:00:00,M-103,78.85268071998357,5.4450810585247025,2.3143856004996803,53.71097457054961
2026-08-09 18:10:00,M-103,75.47601450041999,5.402245082176268,1.942728215199878,49.77049042949188
2026-08-09 18:20:00,M-103,73.4187551183075,5.614461627878947,2.3655351181568025,50.911458613403134
2026-08-09 18:30:00,M-103,67.06063329549626,4.9841264964552385,3.200118667302875,40.364723989244276
2026-08-09 18:40:00,M-102,67.76574516937318,5.005313117649912,2.0403033100541665,42.742812352266846
2026-08-09 18:50:00,M-103,78.24809452648333,6.183578777525159,1.5408921577142065,54.26822156572383
2026-08-09 19:00:00,M-103,75.89674501952666,5.089043025583192,1.7948002326567467,53.860466407100766
2026-08-09 19:10:00,M-104,71.80490240311228,5.530809450874341,2.218916600106418,53.066595915110945
2026-08-09 19:20:00,M-101,69.91045227117054,5.202871693433492,1.4383184911856781,44.399082668404304
2026-08-09 19:30:00,M-102,61.870960634443115,4.368283661464713,2.0592910762192242,54.373444923605874
2026-08-09 19:40:00,M-102,66.6457379065778,4.279916948289429,2.133117827610559,39.87128883263749
2026-08-09 19:50:00,M-102,81.55709543569861,4.939457101027043,2.537292608934428,55.54151866903591
2026-08-09 20:00:00,M-103,65.59772214498767,5.6752455632514955,2.458568199619005,46.17390439127877
2026-08-09 20:10:00,M-103,72.94739910610541,5.5547312454862015,2.30260467711312,59.78919284438443
2026-08-09 20:20:00,M-103,77.037219865976,5.611334723900815,1.2430623463199146,37.34990535554161
2026-08-09 20:30:00,M-104,65.72538665998854,4.755829219478659,2.3223685948167736,60.343828321429655
2026-08-09 20:40:00,M-101,72.92355237390542,5.927142620555041,2.2469296851210863,45.46974969585577
2026-08-09 20:50:00,M-103,76.68957768755328,4.765798014916127,2.0895805319774214,45.34364520791779
2026-08-09 21:00:00,M-101,72.06249660953625,5.295770979401486,1.3944222558490802,49.36387173289918
2026-08-09 21:10:00,M-104,86.34201527833385,5.1953414695415185,1.7281291317845289,43.120447610395125
2026-08-09 21:20:00,M-102,63.65700370560902,5.121756780858436,1.5916120306630768,47.493696990883855
2026-08-09 21:30:00,M-103,77.2936426494194,5.8023664622330235,1.2947470461725183,42.83661614310402
2026-08-09 21:40:00,M-101,71.13599131301768,4.882700265925318,1.998979697004822,43.09255528314569
2026-08-09 21:50:00,M-101,75.85960077418338,4.5926776349296325,1.7207622574950272,51.408201652104005
2026-08-09 22:00:00,M-103,74.20653575849623,5.208997968792889,2.918856953094119,41.689041532875386
2026-08-09 22:10:00,M-102,68.33421901445001,5.020077969571063,1.9409298211967316,42.622640354961625
2026-08-09 22:20:00,M-102,73.1449819622967,6.719822313587191,2.452813604553086,38.390461251775136
2026-08-09 22:30:00,M-102,62.710492743008565,5.504428364397989,1.4508153413573714,44.47248524027062
2026-08-09 22:40:00,M-104,75.01623750285697,5.015796741151619,1.8144686448982956,57.18121420806745
2026-08-09 22:50:00,M-101,73.49079232995263,4.724749793865811,2.03391425661201,42.07846451927922
2026-08-09 23:00:00,M-101,75.19330084321551,4.353870215244047,1.6821461179873154,42.87856714368931
2026-08-09 23:10:00,M-101,77.29059162543575,4.7386514114181555,1.8522297603183395,49.35745362537075
2026-08-09 23:20:00,M-104,73.83809920104855,5.25172379729161,1.9237171828147615,45.404424963403315
2026-08-09 23:30:00,M-101,72.74044709899138,5.842297893217647,1.9181322050942868,63.59708103344755
2026-08-09 23:40:00,M-104,67.59465831669354,5.704760114074563,2.649291500562371,46.8623042472662
2026-08-09 23:50:00,M-102,68.43889618175474,5.303092674240871,2.1323791999010284,50.346528423521605
2026-08-10 00:00:00,M-103,77.93367310088665,5.054574550433882,2.167828697029456,54.60638149359525
2026-08-10 00:10:00,M-101,79.18167702852989,5.32096556038547,2.1888791710207745,54.47204506103996
2026-08-10 00:20:00,M-101,70.80944781843974,4.966612901131941,2.214419232067989,49.633013070901654
2026-08-10 00:30:00,M-102,72.23001373626637,5.973263798093744,1.970989555643797,46.87210759319799
2026-08-10 00:40:00,M-103,67.47692812503116,5.114864418426214,1.8877387699824038,62.1681997546548
2026-08-10 00:50:00,M-104,77.86378422633723,5.161147963788973,2.0583856208313973,47.30167807280014
2026-08-10 01:00:00,M-103,75.3270841184589,4.2028799087407,2.4048813821197155,44.90816926900064
2026-08-10 01:10:00,M-102,81.70608718231874,5.1120543190647565,2.3941833659527343,43.47905708194187
2026-08-10 01:20:00,M-102,67.60838461410131,5.576417862084224,1.9158605335090562,35.91237758105271
2026-08-10 01:30:00,M-103,70.10996050490891,4.719524840332655,2.268745293133839,53.751310265660145
2026-08-10 01:40:00,M-104,73.15722961262786,4.862175849478234,1.9318953679361162,31.563521220294213
2026-08-10 01:50:00,M-104,75.23244768862885,5.55671995798015,2.0118546923023355,47.95994011366555
2026-08-10 02:00:00,M-101,70.92166181226183,4.535504249416876,1.834266816456031,46.565975560100306
2026-08-10 02:10:00,M-104,67.6351945477315,5.676010453393864,1.9364242013828183,63.679756345620135
2026-08-10 02:20:00,M-103,76.40703764461786,4.960535249422104,2.469465524342388,35.17844139900461
2026-08-10 02:30:00,M-102,75.6056768127279,5.025144300778959,2.0323474015687326,41.6922769911095
2026-08-10 02:40:00,M-101,67.41862949718137,4.694254717693482,2.0473488779933113,47.047324789228455
2026-08-10 02:50:00,M-101,78.77721400552748,5.370120817192547,1.4934737772597146,46.61729463771582
2026-08-10 03:00:00,M-102,77.85099354598302,6.306942393263221,1.8917646323285446,44.15318786432969
2026-08-10 03:10:00,M-104,72.67148248623896,5.5516737577572846,1.9155397836893449,47.43308463418483
2026-08-10 03:20:00,M-102,72.39798931188018,4.811071632126759,1.7097997800948082,39.183060897911815
2026-08-10 03:30:00,M-104,74.77028885557954,5.711029263471165,2.007582894096247,50.50035015296457
2026-08-10 03:40:00,M-102,67.69148464871871,5.057494204329588,1.849786198420321,31.749602605456953
2026-08-10 03:50:00,M-103,72.15015739582041,5.818518241642402,2.027998549335254,47.8196145088592
2026-08-10 04:00:00,M-104,61.2380822769541,5.563004380973964,2.042526053436627,43.79750314015499
2026-08-10 04:10:00,M-103,76.38227822751467,3.8755862955377203,1.6654859747620745,55.11401559929645
2026-08-10 04:20:00,M-101,64.1925338877907,4.7481641651702375,1.8604543761308836,60.28717749443313
2026-08-10 04:30:00,M-102,79.517099142145,5.624973350275925,2.0270809989662917,45.682634818747495
2026-08-10 04:40:00,M-101,70.34939953016774,5.268245772465258,2.414504800904854,57.73508150399002
2026-08-10 04:50:00,M-101,70.94166509034412,4.7393098235314675,2.0898517104785093,45.787186035587126
2026-08-10 05:00:00,M-101,68.86133046957747,4.914884718027785,1.7683226870289004,41.23711433809637
2026-08-10 05:10:00,M-101,70.55980563038962,4.342193520959779,2.1396516657353484,60.22132542529934
2026-08-10 05:20:00,M-102,79.09265672574018,5.160232020613122,2.597642111262616,51.64543511313805
2026-08-10 05:30:00,M-101,59.5609567173246,6.194810376707094,2.3208472654061563,48.0310696582687
2026-08-10 05:40:00,M-102,78.38482693044094,5.562220025829546,2.191634285652467,52.81024232569054
2026-08-10 05:50:00,M-102,73.69011740550854,6.18568765053479,2.2539565614188124,49.91950524591117
2026-08-10 06:00:00,M-103,65.96489176071393,5.597078690405492,2.5039839145000204,47.51546414440937
2026-08-10 06:10:00,M-104,66.6234380347538,5.662365704508711,2.376469377906181,38.71495620884403
2026-08-10 06:20:00,M-104,80.38196513604102,6.088335409485261,2.1983661333911804,46.106242839871136
2026-08-10 06:30:00,M-102,67.27246560028634,5.369768466704002,2.3740247768565297,52.36278796420931
2026-08-10 06:40:00,M-103,66.2332474470202,5.115747705321904,1.6214221163075786,47.14060002019232
2026-08-10 06:50:00,M-102,77.68657271182364,5.664695882479906,1.4742071616809018,54.3162803279127
2026-08-10 07:00:00,M-102,73.69276438142957,5.8542281067048485,2.0549845277253405,50.68558516706752
2026-08-10 07:10:00,M-102,67.31037211731801,4.984015910779506,2.0240382483776886,41.85304577340215
2026-08-10 07:20:00,M-103,73.0831248770231,4.8752939129469866,1.8096314812703598,38.765796295175136
2026-08-10 07:30:00,M-104,66.87123658179861,5.262485214593896,2.289048434439698,46.89975050048882
2026-08-10 07:40:00,M-103,77.50410699211302,5.5741744901192485,1.3479977447420675,44.33040086326789
2026-08-10 07:50:00,M-101,77.30685482436567,5.559140971897703,1.8128297103797686,50.3542526673518
2026-08-10 08:00:00,M-103,74.66003099410972,4.55912457991558,1.8302655592928347,42.973036388660894
2026-08-10 08:10:00,M-103,73.80830530623508,6.060222730178495,1.4272943752151892,43.69225371971586
2026-08-10 08:20:00,M-103,80.80594062433687,4.911475781771418,2.5231558525442566,55.37148802316439
2026-08-10 08:30:00,M-103,71.99843163694112,5.08072075140014,1.524279555967837,49.03742078039529
2026-08-10 08:40:00,M-104,66.09062937289599,4.793805538005481,1.7940809799423099,43.08091054200895
2026-08-10 08:50:00,M-101,74.24736956416153,6.41424797617169,2.317792915231797,48.123492661145136
2026-08-10 09:00:00,M-104,82.43023524768557,5.308931801629585,2.226115870200056,57.65237870101178
2026-08-10 09:10:00,M-104,66.92620253407074,4.817061213693296,1.6121388562303387,50.05650681792306
2026-08-10 09:20:00,M-103,70.19268616653007,5.588765597483101,2.238871223241223,52.150655665975904
2026-08-10 09:30:00,M-102,74.08223019050726,5.546111100689515,2.1014245675303775,42.7343582443079
2026-08-10 09:40:00,M-102,71.73047575497131,5.115522839389053,2.8165624467390136,55.1849356399422
2026-08-10 09:50:00,M-104,67.08848209811343,5.578273020752523,2.1413791456239064,64.22671582324661
2026-08-10 10:00:00,M-104,77.60928928115236,4.828618617626111,1.9505653626260138,42.45972650241002
2026-08-10 10:10:00,M-103,83.6002036100863,4.978186776272836,1.7002243150082021,39.726742179396076
2026-08-10 10:20:00,M-104,72.98065729511954,4.295402505445272,1.73951482156555,49.228795706846036
2026-08-10 10:30:00,M-103,67.47965855132,4.6042220121011965,1.7109808165861446,54.12853534891087
2026-08-10 10:40:00,M-102,64.25519737473263,6.013433862551809,2.479884584869173,47.36027229564817
2026-08-10 10:50:00,M-102,73.28987990610591,5.938642882475042,2.0062894702557648,40.627555227701365
2026-08-10 11:00:00,M-101,77.5193867165813,5.229604891892033,2.1978364933911556,47.23991086753727
2026-08-10 11:10:00,M-102,74.37583873247691,5.948319151235427,2.5299866599933103,52.186645909442184
2026-08-10 11:20:00,M-104,71.98798079540573,5.127966481026263,1.1745375502273872,45.15077721137759
2026-08-10 11:30:00,M-102,69.05364174105347,5.090465363844442,2.4476058176451314,52.25078512428445
2026-08-10 11:40:00,M-103,66.53918183640955,5.225429791809501,2.0193889191241667,56.152975496679375
2026-08-10 11:50:00,M-102,76.17375663162441,5.143785282104396,2.1522669300741555,49.681614380393135
2026-08-10 12:00:00,M-101,76.56885810692793,5.103161654397919,1.710058872388112,47.80436560105195
2026-08-10 12:10:00,M-102,64.27135106654633,5.714529148217299,1.7357064605430186,53.80540747658397
2026-08-10 12:20:00,M-103,79.94919489090341,5.267561044280291,2.171096061434546,42.00729420793939
2026-08-10 12:30:00,M-103,74.87035610447,5.520616793995212,2.834609230116014,41.31703116414954
2026-08-10 12:40:00,M-104,78.99797322572897,5.6641212363747995,2.3511596594852153,46.1339940054971
2026-08-10 12:50:00,M-102,65.28936125757443,5.37468360804463,2.442933022496489,44.55684381629873
2026-08-10 13:00:00,M-103,65.1708792229228,4.763377903341293,1.9327995554085031,42.376606172966675
2026-08-10 13:10:00,M-101,71.25515345116352,4.5912103499661825,1.7899285213950302,60.81327932499142
2026-08-10 13:20:00,M-104,74.51392213447598,5.266951285663287,1.7267182669473522,63.20395246646004
2026-08-10 13:30:00,M-101,80.98180411463481,5.122934662828779,1.8291041963561592,45.52406470421092
2026-08-10 13:40:00,M-102,75.53039456907565,5.239326143014055,1.2815261483903162,48.642032648238555
2026-08-10 13:50:00,M-102,70.78659361593984,5.192775682338136,1.7462782299879394,46.685100259553465
2026-08-10 14:00:00,M-102,66.86815396167054,6.362608147074956,1.8038763953790549,55.75249468082709
2026-08-10 14:10:00,M-104,78.15000286359574,4.601398184961398,1.9386246389618056,57.13951893288033
2026-08-10 14:20:00,M-103,67.17647287124643,4.304524178580494,2.046112538411552,35.559153409172474
2026-08-10 14:30:00,M-104,80.14234277386161,5.349569575083825,2.1268578040189636,51.332075600459376
2026-08-10 14:40:00,M-101,70.57807675196746,5.0306098504353125,1.994776119644964,38.85225061187196
2026-08-10 14:50:00,M-104,79.95291036308925,5.342230541378478,1.796494919780035,60.30790510512695
2026-08-10 15:00:00,M-101,75.3946564502964,5.462747360027801,1.3128244748570679,51.08173621147279
2026-08-10 15:10:00,M-104,71.31502255278771,5.777847112830504,1.7986419870593724,42.23655323146155
2026-08-10 15:20:00,M-103,69.40301814086936,4.521748380827228,1.6596422768095482,46.31075028443503
2026-08-10 15:30:00,M-101,70.2954606132696,4.9494769459642765,2.163123361897511,45.97715919213689
2026-08-10 15:40:00,M-102,74.1415834618762,5.392942566496344,2.3182505888427927,51.67579060020071
2026-08-10 15:50:00,M-102,72.38578248108858,5.546708618059252,2.3284998734709785,55.293388229242346
2026-08-10 16:00:00,M-104,69.03094295965647,6.187052297629774,2.264933457644737,39.962548956198034
2026-08-10 16:10:00,M-102,71.17184294841184,5.63006678700124,1.9532659925916291,60.8712815063848
2026-08-10 16:20:00,M-101,72.39288514859575,5.174445131851176,1.817315552083436,59.2398307547459
2026-08-10 16:30:00,M-102,61.356329527925936,4.7993039111758025,1.7385140362165268,41.872735026862685
2026-08-10 16:40:00,M-103,74.2908405739435,4.946069566276441,1.4723753791893874,48.50961256053616
2026-08-10 16:50:00,M-103,67.10139387641597,4.933283729669302,2.34714879517775,59.97565980880021
2026-08-10 17:00:00,M-104,66.23333798397127,5.4948551328311925,1.938851136724509,56.63043010674238
2026-08-10 17:10:00,M-101,63.56327826444645,5.3156488505136235,1.5637808972326943,45.64279878966473
2026-08-10 17:20:00,M-103,63.03053751066055,4.6043576931210195,1.7107280185014178,53.70037870197511
2026-08-10 17:30:00,M-103,65.22276248443855,5.003844338909305,1.6965592902486066,68.98038804203398
2026-08-10 17:40:00,M-101,68.45489521184754,5.594896399053139,2.0150585697552943,48.73611987295848
2026-08-10 17:50:00,M-102,81.76629568763283,5.358248059738327,2.37361374787474,43.57146223991987
2026-08-10 18:00:00,M-102,69.37060162052398,5.455890077205747,1.878203657641546,49.2069389646398
2026-08-10 18:10:00,M-104,72.88875053134015,5.372314769525769,1.211613269825723,49.72586466848123
2026-08-10 18:20:00,M-102,74.00240693253164,5.931893830573987,1.933786882694378,44.328242826999315
2026-08-10 18:30:00,M-101,72.65532593107925,5.306219378720967,1.9453321349659816,51.09137547469952
2026-08-10 18:40:00,M-103,71.61278269637003,5.026289740958186,1.9212779191725673,39.21919258190749
2026-08-10 18:50:00,M-102,66.02353118200378,4.787910231489898,1.7803885917335045,43.341262930939244
2026-08-10 19:00:00,M-104,79.25463774139607,5.312324256194371,2.0761036782540447,53.307713433083585
2026-08-10 19:10:00,M-102,81.03598321818943,4.101683193351212,2.0231493903021507,35.71590403920424
2026-08-10 19:20:00,M-101,63.586706529386575,5.11706994917528,1.9913093900556735,54.32217314396343
2026-08-10 19:30:00,M-104,66.8798570455681,5.107372063035395,2.144424476505038,33.91613044006008
2026-08-10 19:40:00,M-102,70.60094828811496,4.585988115872224,1.8495585118982514,35.88072794786579
2026-08-10 19:50:00,M-104,67.17731102544904,4.782280372604802,1.8296950156047713,44.5071487986088
2026-08-10 20:00:00,M-101,74.52982776727933,5.5643458885667085,2.48304315135489,50.008046899735454
2026-08-10 20:10:00,M-103,68.35863898796694,5.303820287083734,2.1957743934004026,57.27684522189172
2026-08-10 20:20:00,M-101,82.82528033903301,5.245804750168298,2.28943112132998,48.40335934211717
2026-08-10 20:30:00,M-101,77.95274297171798,5.33785639026941,2.429136604866924,46.27412474696807
2026-08-10 20:40:00,M-101,73.06287015316107,5.241682414577015,2.18408046321868,52.05706873589363
2026-08-10 20:50:00,M-101,77.13493131659867,5.759288153286242,2.3249360376976598,41.90370825672446
2026-08-10 21:00:00,M-103,77.52950212178655,5.255543131766642,1.4472291932754089,48.97590611542484
2026-08-10 21:10:00,M-103,69.18026255970878,4.543804098781562,2.0714538551986097,39.60387619431248
2026-08-10 21:20:00,M-104,67.91891377729017,5.933558484193485,1.9360485383649855,48.57813361812789
2026-08-10 21:30:00,M-102,72.39071531484824,5.366653120297981,2.587189431814933,47.091145719054175
2026-08-10 21:40:00,M-103,76.30818062248972,4.93483582114222,2.324675936131155,42.37012454985408
2026-08-10 21:50:00,M-103,72.6953019932671,4.635969226767242,1.779344183222387,49.155284455764175
2026-08-10 22:00:00,M-102,64.11501758904501,5.378161399431121,2.130477955485222,49.1098475721175
2026-08-10 22:10:00,M-103,67.98587778024579,5.147272597761531,2.058688466707234,56.228178086373944
2026-08-10 22:20:00,M-101,71.63013568202811,5.908366053714584,2.15901600160328,36.76056617856049
2026-08-10 22:30:00,M-101,71.62167197837086,5.044341723699928,1.643405135718872,47.4676576461207
2026-08-10 22:40:00,M-102,81.86271088394903,4.82317864464289,2.126005762833379,42.678163202075645
2026-08-10 22:50:00,M-104,65.07006028800501,5.603108298206168,1.920147027749118,54.08833440723404
2026-08-10 23:00:00,M-104,74.52794620917938,5.616376851722574,2.09885741741946,53.27738445634493
2026-08-10 23:10:00,M-102,79.44556554164144,5.275893115424588,1.7464651922072405,51.55515891548035
2026-08-10 23:20:00,M-102,83.35724872711398,5.504360671453709,1.7952278900111902,43.07316719351376
2026-08-10 23:30:00,M-101,69.97801288408019,5.183040795665993,2.410844707128346,54.198294080580666
2026-08-10 23:40:00,M-104,74.457147263601,5.305239295454161,1.6319583545809437,37.28908349879668
2026-08-10 23:50:00,M-103,74.84880178599323,5.724245897153765,1.657785959635283,35.8528250748506
2026-08-11 00:00:00,M-101,72.97740865776646,5.481393250309677,1.9819465599745476,39.06890300068653
2026-08-11 00:10:00,M-102,71.50577399380347,5.123826502750319,1.729838368684916,47.76567632771166
2026-08-11 00:20:00,M-104,74.17987694750023,5.808563145666768,1.6902399787080205,52.726150806918056
2026-08-11 00:30:00,M-103,59.33876957390157,4.13581508224382,2.036776589922903,27.16777268193333
2026-08-11 00:40:00,M-103,75.41034745031315,6.123432990139871,1.4732269500837034,57.259199823158504
2026-08-11 00:50:00,M-101,72.63088951830984,4.432318407299169,1.6472132177802268,48.91778537324904
2026-08-11 01:00:00,M-104,70.88762551610867,4.917808228852467,2.7189334540232752,37.02559356687158
2026-08-11 01:10:00,M-104,82.23431097859779,5.181587109162219,2.1608162706391534,48.70662879202707
2026-08-11 01:20:00,M-102,68.62532990604724,5.1340836981723275,1.7387028267055311,55.64767790274894
2026-08-11 01:30:00,M-104,69.98462005467485,5.65288496801195,2.146375277393169,52.19608710714381
2026-08-11 01:40:00,M-104,81.95776651102366,4.723973521625394,2.19856566694532,55.69351143787776
2026-08-11 01:50:00,M-101,67.83969347575072,5.317345067867379,2.3480450470315835,38.436273594220225
2026-08-11 02:00:00,M-104,69.2494235853173,4.9398045558011106,1.9554953896901444,45.10196335403117
2026-08-11 02:10:00,M-103,71.26487288284575,5.3328134407018375,2.3417741959705114,41.527154386335276
2026-08-11 02:20:00,M-101,76.20367241064774,5.170852483090956,1.2865437162912396,60.023061435310225
2026-08-11 02:30:00,M-101,73.03901253676656,5.24182104370734,1.6302921543334865,52.47553990440641
2026-08-11 02:40:00,M-102,65.5368732642387,4.952533825391044,2.0573549906077595,67.92906712270349
2026-08-11 02:50:00,M-104,69.33915718436405,4.970471222456763,2.115371736482727,44.72673326607941
2026-08-11 03:00:00,M-102,68.96322783393894,5.329272631312342,1.6808761993159753,42.92728051822387
2026-08-11 03:10:00,M-103,71.61389477388477,5.6246719775902205,2.090796996942106,47.00021352983395
2026-08-11 03:20:00,M-101,74.12921829314915,4.9307742996109685,1.781655912959459,57.648500549957845
2026-08-11 03:30:00,M-101,74.09102877943987,4.809054604942191,1.903064317020492,45.43716217437257
2026-08-11 03:40:00,M-101,63.11994122975799,5.476057074552327,2.3586708302327537,48.87106318534861
2026-08-11 03:50:00,M-103,77.31970493780427,5.18537324812404,2.31812812391101,48.67683492020774
2026-08-11 04:00:00,M-103,73.26284422998312,5.573724160293678,1.651028885422858,48.276477328415325
2026-08-11 04:10:00,M-102,78.92266023796952,4.792391253982983,1.6299619882929637,43.43321077676266
2026-08-11 04:20:00,M-102,74.22099163645336,4.399252483559456,1.8560893115563393,47.038962524627436
2026-08-11 04:30:00,M-102,77.50661478867882,4.960148163178149,1.9906387945894761,46.739281790540495
2026-08-11 04:40:00,M-104,74.33272655725064,4.855141325830743,1.7697355289988408,47.947047382277454
2026-08-11 04:50:00,M-101,78.73112878101374,5.164545219963865,2.364224854979884,54.604617727068955
2026-08-11 05:00:00,M-101,74.6112531800889,4.913419653578325,2.121586444597994,60.32439624237145
2026-08-11 05:10:00,M-102,71.51042376778548,5.533457628101402,2.14212978845605,42.11695666131205
2026-08-11 05:20:00,M-101,83.3621736022344,5.070332381909868,1.5567114098692598,45.256044626485995
2026-08-11 05:30:00,M-102,76.44518561139947,5.267713524448256,2.408551751084323,42.224916711156695
2026-08-11 05:40:00,M-104,74.86872210502207,5.270935551298425,1.0129409122157582,49.30971076055591
2026-08-11 05:50:00,M-104,65.61847791730833,5.287729791585485,2.291919408147279,44.23155379742316
2026-08-11 06:00:00,M-103,65.5584619126823,5.189141900295263,2.32700910818477,49.678577836193924
2026-08-11 06:10:00,M-104,73.46357741070926,5.429770310684641,1.8486595844527134,55.72538837311351
2026-08-11 06:20:00,M-102,72.7276059888412,4.841955189778387,2.4455185760365983,30.31917819936774
2026-08-11 06:30:00,M-104,68.92938717495842,5.829738066994247,1.9779158564659787,51.442459227204836
2026-08-11 06:40:00,M-103,72.70491349806031,5.09355817748416,2.021851096164605,44.77869065771485
2026-08-11 06:50:00,M-101,79.94313464021798,4.609802887945594,2.1188350755914755,51.222955875890726
2026-08-11 07:00:00,M-102,75.47701237275149,5.284633010646298,3.115301219133869,41.724713935748596
2026-08-11 07:10:00,M-101,66.29495745123631,4.816968782898632,2.4705518678290517,56.373826918148126
2026-08-11 07:20:00,M-103,71.44245586428528,5.499400540528994,2.2453959202495213,54.39296432628199
2026-08-11 07:30:00,M-103,67.97516759573719,6.19432250921907,1.6805184296895819,51.9784650397985
2026-08-11 07:40:00,M-103,70.06150041795719,4.846042558798968,2.050256438917822,53.55258002467069
2026-08-11 07:50:00,M-101,69.93192167185178,5.349567549950794,1.7154065671537646,42.780656729794785
2026-08-11 08:00:00,M-101,69.61177208697997,4.4100224850829175,2.2877387965489846,43.66263371717497
2026-08-11 08:10:00,M-101,65.72432314013302,5.404257353248607,2.0491634415071998,53.26705340572236
2026-08-11 08:20:00,M-101,71.36172659240906,4.80142879009014,1.6064174121351367,42.62589600061972
2026-08-11 08:30:00,M-103,69.19696181576344,4.918824421704483,2.028393604196476,58.11944532660661
2026-08-11 08:40:00,M-103,57.35275654998866,4.704421079572078,1.702703885599293,45.73486250103278
2026-08-11 08:50:00,M-102,82.26486012250831,5.529468051724631,2.0529256774681413,51.51326072902435
2026-08-11 09:00:00,M-102,77.44384827108335,5.653286960862968,1.6993229392721603,62.69474663478563
2026-08-11 09:10:00,M-101,70.11849637537502,5.210523346596329,2.0096206716762843,43.056436521523466
2026-08-11 09:20:00,M-104,72.094095248703,4.811007982598927,2.262664451677283,48.48133225591348
2026-08-11 09:30:00,M-104,66.14172826341219,5.915285366246739,1.9814318028262128,55.37928215246115
2026-08-11 09:40:00,M-103,80.47861438905433,4.862315442510405,1.863189106489664,54.65894172213572
2026-08-11 09:50:00,M-103,81.48644347386556,4.227085465032653,2.0711466773701117,45.705292828324495
2026-08-11 10:00:00,M-103,72.78346864123262,5.406275054480681,2.2440139172774987,44.382886937347024
2026-08-11 10:10:00,M-102,77.11765322092673,4.702851396861318,1.612485855541384,46.36804847218464
2026-08-11 10:20:00,M-102,72.87643389466962,5.644873957074629,2.091229654146821,58.13500436305955
2026-08-11 10:30:00,M-103,65.31637280562035,5.028488036496961,2.4611392866560897,46.04625900548037
2026-08-11 10:40:00,M-103,69.94088315518171,5.471670958244888,2.20077993714685,48.54680984738425
2026-08-11 10:50:00,M-103,72.65963983385979,5.830675155948471,2.0202139513335298,45.01249470353602
2026-08-11 11:00:00,M-104,69.72726140628278,4.656013510920675,2.2239081273446133,52.93883995357191
2026-08-11 11:10:00,M-102,70.90673361282482,4.945328291098417,2.1583737596359387,49.08867526308559
2026-08-11 11:20:00,M-104,71.54300221245443,5.165948017304322,2.263760388205935,40.975963324692394
2026-08-11 11:30:00,M-104,71.59560751067269,5.891898093565455,1.2916239361559696,41.21823120175504
2026-08-11 11:40:00,M-103,72.26129245248741,4.9037277769268,1.4562903532178573,34.00976103411145
2026-08-11 11:50:00,M-103,66.69697466801699,4.932473336822947,2.351690202319133,42.180750136120686
2026-08-11 12:00:00,M-101,68.41491925436031,5.4151632590001135,1.473152288343496,53.5576206254252
2026-08-11 12:10:00,M-101,65.57707867150015,4.9402470734302435,2.1405385225017217,57.266323766085875
2026-08-11 12:20:00,M-104,76.889077748431,5.268636647303928,1.876782620388698,52.79890854252029
2026-08-11 12:30:00,M-102,61.47176529079837,4.501808160564343,1.6513337640414012,51.88242540448477
2026-08-11 12:40:00,M-103,77.76795171658463,6.196448474150468,2.122377415001616,47.11431765329945
2026-08-11 12:50:00,M-103,78.93174698631421,4.5935308463607685,2.0703617263007996,53.42440188439791
2026-08-11 13:00:00,M-104,70.4890970650869,5.0552112832044065,2.738619928233732,50.00394756157319
2026-08-11 13:10:00,M-101,58.98431456086351,5.185383533871057,1.7813160784124387,60.631142803909874
2026-08-11 13:20:00,M-102,70.19344719016355,6.060709660460558,2.504038542024211,47.31088280076276
2026-08-11 13:30:00,M-101,71.6790791935559,4.603819398580267,2.12334802003451,57.40105658615292
2026-08-11 13:40:00,M-101,66.94700890035543,6.092666860965438,1.7686423414600507,54.11879857272502
2026-08-11 13:50:00,M-101,69.42390803095878,5.540729569495911,2.2797362601310356,53.148103003429114
2026-08-11 14:00:00,M-101,79.65097599431675,5.387692895990461,2.1980084765588828,33.91956072176726
2026-08-11 14:10:00,M-103,75.3246358115087,4.756914840841921,2.012545153200317,54.504326930833976
2026-08-11 14:20:00,M-103,67.3771794281095,5.457013558917133,2.0932033747542182,47.107444147635924
2026-08-11 14:30:00,M-101,64.01200415202284,4.87443101991109,1.791054539134064,44.89251453895576
2026-08-11 14:40:00,M-102,70.36491341195115,5.7699975639392855,1.7109745061609227,37.61960871175461
2026-08-11 14:50:00,M-104,70.93271610324781,4.76302208690152,2.265804760837904,47.96089006222272
2026-08-11 15:00:00,M-102,74.48099593681658,5.149078677494763,1.9216212014903542,48.2348611777277
2026-08-11 15:10:00,M-102,69.32341643716171,4.950127110394073,1.9719709506128176,38.878986547296364
2026-08-11 15:20:00,M-102,74.55749787680931,4.755614666907853,2.097937558580497,37.68703878974416
2026-08-11 15:30:00,M-101,81.67577020030114,5.533593917608561,2.0928509206743326,51.40633636089678
2026-08-11 15:40:00,M-103,76.07750511222132,5.440956436334336,1.4997357351590774,54.10193591742964
2026-08-11 15:50:00,M-102,71.75955746334614,5.744054589505449,2.4501882302592004,49.33198036945695
2026-08-11 16:00:00,M-101,71.08424764473352,4.399056201306324,2.0424137531652375,56.05584254779054
2026-08-11 16:10:00,M-102,70.21663432910064,5.67887681605347,1.9290713580122478,47.39530510953951
2026-08-11 16:20:00,M-102,77.90320456226073,6.327452007410603,2.1507961018094113,47.619541079198584
2026-08-11 16:30:00,M-101,68.86343277024349,4.996761509870374,2.082789767765202,41.580803798814465
2026-08-11 16:40:00,M-103,72.22611354499992,6.052816875449037,2.268471941321396,37.078306157123976
2026-08-11 16:50:00,M-103,72.25598950940542,5.0815774275730785,2.1882942852528293,60.982634937017096
2026-08-11 17:00:00,M-104,69.49107903594233,4.5824156180974125,2.2512461801486934,55.919093351748224
2026-08-11 17:10:00,M-101,65.13767226057949,5.062465400916942,2.4728478670046306,38.252412030030655
2026-08-11 17:20:00,M-104,73.61487251808835,5.671691785453874,2.30926859213984,49.090263354818966
2026-08-11 17:30:00,M-104,71.69498014072309,4.822820582950811,1.943829822885003,47.29967582227433
2026-08-11 17:40:00,M-104,74.50120234718285,4.929847603447081,1.6069845953731086,46.0820526878587
2026-08-11 17:50:00,M-103,69.33199846780417,5.467092744531936,2.5837292765515802,45.13687506529543
2026-08-11 18:00:00,M-101,78.10410649406523,5.201377052532358,1.9167968193285105,50.66888402877585
2026-08-11 18:10:00,M-104,67.61613109394078,5.463080328619034,1.834412405323817,53.72722867830032
2026-08-11 18:20:00,M-101,80.56020142008947,5.307023293341251,1.3921456137824464,50.81673818319744
2026-08-11 18:30:00,M-101,63.26181745085869,5.415831393798208,2.118465586859239,47.15637137934564
2026-08-11 18:40:00,M-103,74.17385032278446,5.005464466385707,2.0521103113838195,46.89941298176216
2026-08-11 18:50:00,M-104,74.37715341263312,5.304278923913677,1.4697097723126817,54.55770021845866
2026-08-11 19:00:00,M-104,68.02221466029559,4.78268214743683,2.1586459147466117,51.244114566812435
2026-08-11 19:10:00,M-101,74.12196968930506,5.779795130126525,1.8256328277544964,48.50882624124803
2026-08-11 19:20:00,M-102,78.3975933488008,4.914576377432209,2.9416102525510426,47.74869091679925
2026-08-11 19:30:00,M-103,60.91590580322968,5.707981369397226,1.8007235827681962,50.416893567286024
2026-08-11 19:40:00,M-103,74.51372403745407,5.09487686755771,1.8476823337307724,44.72155918008385
2026-08-11 19:50:00,M-103,59.53364589834961,5.290899554840795,1.6938283215109713,53.75077172115747
2026-08-11 20:00:00,M-103,67.17167598238396,4.977265952099184,2.4472567823646902,40.46899006713493
2026-08-11 20:10:00,M-104,80.14583182450473,4.742802055974387,1.8695284719373364,45.11980443163463
2026-08-11 20:20:00,M-104,69.09108983303973,4.414857825577615,1.7462800461820762,52.277742668122166
2026-08-11 20:30:00,M-102,66.13060017795513,4.725104128633394,2.24743425347219,40.069820306520086
2026-08-11 20:40:00,M-103,71.0103113550766,5.054241016052836,1.5168764726053852,36.988940201453495
2026-08-11 20:50:00,M-103,82.33953169081776,5.295345630472998,2.2187886911871315,48.44154372800468
2026-08-11 21:00:00,M-101,62.84158876396987,5.654670690977468,2.6234899008103003,36.124792918874704
2026-08-11 21:10:00,M-104,66.74345044180328,4.999409143091418,2.198312741492281,38.90837512163697
2026-08-11 21:20:00,M-103,79.48715841589814,4.803117656079772,2.2232644106909736,53.29615882954502
2026-08-11 21:30:00,M-102,81.28851171768866,4.550778346298779,2.304521075917619,46.56650319675985
2026-08-11 21:40:00,M-102,71.48284387854858,5.416028628056847,2.5983978100364316,56.9984086479629
2026-08-11 21:50:00,M-104,65.80473648736678,5.8224375318982045,2.4234628860066865,39.56629961343781
2026-08-11 22:00:00,M-102,82.4792175090458,5.76984862058033,2.1538844027955584,47.34233344057401
2026-08-11 22:10:00,M-102,79.97221195874599,5.519469736666257,2.3163619902226005,50.79709187245432
2026-08-11 22:20:00,M-104,75.39473493881117,5.487344492770419,1.6899227760872113,39.80639548909764
2026-08-11 22:30:00,M-103,67.9379882553129,5.963930700869204,2.2717027567615626,55.222333331497374
2026-08-11 22:40:00,M-103,71.75485329580981,5.349436657637565,1.6480554100856883,51.57475218216227
2026-08-11 22:50:00,M-102,71.19819959477584,5.490758354210877,1.8715421534789307,36.734990393187964
2026-08-11 23:00:00,M-102,73.65425652307789,5.055647262166601,0.921103238699867,47.73580742653979
2026-08-11 23:10:00,M-103,79.25500719065668,4.5870804831153595,2.1405003807786116,50.70169715381043
2026-08-11 23:20:00,M-104,76.39708520568702,4.892267994775191,1.7746447961120766,43.8696032853036
2026-08-11 23:30:00,M-102,66.61311961507622,5.195878432659406,2.388900825321562,37.6409456614383
2026-08-11 23:40:00,M-101,78.8824822500977,5.2273534176255865,2.136567413711891,49.94921152613187
2026-08-11 23:50:00,M-104,73.56566070006578,6.066828634684927,2.3934335631455688,63.47870065197793
2026-08-12 00:00:00,M-102,75.43532897929458,5.236574725415981,1.6207412093646119,45.291111305896166
2026-08-12 00:10:00,M-102,79.33270429639302,5.73047954981154,2.3634351130058713,58.98468826899296
2026-08-12 00:20:00,M-101,66.44209875243224,5.004215241290658,2.7370497205271644,42.733978247669725
2026-08-12 00:30:00,M-101,71.82087210646769,5.059745851405645,2.267455404976163,49.50881944506966
2026-08-12 00:40:00,M-103,69.34272724320392,4.601946563249449,2.276622153042301,53.400657716132834
2026-08-12 00:50:00,M-104,64.16070287317272,4.865952394205543,2.0593591867382273,47.94110433820045
2026-08-12 01:00:00,M-104,73.7335498880246,5.437141626113689,1.8163659268021226,45.91585045783138
2026-08-12 01:10:00,M-103,84.55778275792211,5.2034020811773605,2.266417330445528,53.08289264945262
2026-08-12 01:20:00,M-104,62.799611277471236,5.624322378953756,1.472870981359276,61.24018580688455
2026-08-12 01:30:00,M-104,71.83859694475265,5.281564276755272,1.8537857062777143,50.10410847247392
2026-08-12 01:40:00,M-104,75.20271467537387,5.041395820763016,1.3801301191819864,44.38757876428757
2026-08-12 01:50:00,M-104,72.61539100828091,6.1667335887041315,1.753720267939721,46.67173909918222
2026-08-12 02:00:00,M-104,71.4343597374213,5.157743394079129,2.2247157821627463,65.63795351951762
2026-08-12 02:10:00,M-101,65.50391818277087,5.723350436367387,2.176887681677162,48.944349814366895
2026-08-12 02:20:00,M-104,73.16393371470082,5.019455857054895,2.0178197934374156,43.83910410995419
2026-08-12 02:30:00,M-101,68.21618011492036,5.519319765722605,2.059640347921704,39.98452458462222
2026-08-12 02:40:00,M-104,61.05039147510723,5.617607046618259,1.3399473837475266,35.218692341211764
2026-08-12 02:50:00,M-103,77.97296110256866,5.293821386759012,1.8696032018001798,50.54508991692333
2026-08-12 03:00:00,M-102,76.79192909921021,4.140482684786529,1.7615269377476765,52.582493949771525
2026-08-12 03:10:00,M-101,72.2583048842554,5.208213607385251,1.7693291083199107,45.22312674024355
2026-08-12 03:20:00,M-104,73.14537344102851,5.753707021491989,2.2098525197348136,47.89520707378332
2026-08-12 03:30:00,M-103,77.37159006357781,5.437366374862479,1.6988224357231414,39.80676803497963
2026-08-12 03:40:00,M-102,73.12169828389041,5.400627493853161,1.7883617024554062,48.930499253792505
2026-08-12 03:50:00,M-101,76.52008777380657,4.424984379719117,1.2695257640016693,51.37046724396987
2026-08-12 04:00:00,M-102,70.51258899563075,4.875795218196224,1.8970568868683406,44.25385012982654
2026-08-12 04:10:00,M-103,78.55991869286973,5.385110934018147,1.6192568583002331,59.83316868710088
2026-08-12 04:20:00,M-101,73.60392862966341,5.384672474554102,2.0277210250413753,42.14025571277162
2026-08-12 04:30:00,M-102,72.97025971802937,5.746600051059806,1.6671121836401375,49.984336228132875
2026-08-12 04:40:00,M-104,65.64969455643984,5.134809960184258,2.0365897859422257,53.93822053793224
2026-08-12 04:50:00,M-101,73.43477927150855,5.382620839003216,1.9493599837401798,47.45897349895432
2026-08-12 05:00:00,M-102,67.84022541252774,5.207368408869082,2.585214620564812,46.68066226773856
2026-08-12 05:10:00,M-103,68.80858636735753,4.7558757685743,2.174026293158618,37.99793694685236
2026-08-12 05:20:00,M-103,67.92312185841939,4.184893901007364,1.356126744603194,57.50139047001399
2026-08-12 05:30:00,M-101,66.66882534050387,5.393954361458535,1.5572889045640521,46.81074758832683
2026-08-12 05:40:00,M-102,82.62385701508481,5.278276243785765,2.0193228031473165,51.76155797454378
2026-08-12 05:50:00,M-101,78.65669530994202,4.921821231054924,1.6745532180625724,52.709043415020986
2026-08-12 06:00:00,M-101,81.60183751072131,4.471372124567861,0.9610710494174517,43.601910555875726
2026-08-12 06:10:00,M-102,65.88552490222219,5.483382781483932,2.4723412098418103,46.6172997699615
2026-08-12 06:20:00,M-102,72.35626874955446,5.080335966612002,2.2520784059168926,57.341376455204525
2026-08-12 06:30:00,M-104,65.53246187397951,5.4505936250656655,2.18234190572212,40.17961633981689
2026-08-12 06:40:00,M-102,68.52152561401468,6.038821838685291,1.7874369340851797,62.8954265233008
2026-08-12 06:50:00,M-103,67.40936508291712,4.236356103856133,2.1496868698534755,42.785890503066085
2026-08-12 07:00:00,M-101,78.1979200322078,4.885179636083937,1.7534738865226915,39.74337780351642
2026-08-12 07:10:00,M-101,70.01885160949121,5.105780974009639,2.071700055076192,48.92616314481974
2026-08-12 07:20:00,M-103,77.34189666847008,5.854671778365993,1.677795870957233,63.4584378503791
2026-08-12 07:30:00,M-102,75.02060444794259,4.4636186413570815,2.530700957694605,34.623238450854565
2026-08-12 07:40:00,M-103,83.51819376052394,6.0711374615562725,1.4504171710713543,47.012889970572154
2026-08-12 07:50:00,M-103,64.60277888430139,5.261135155704831,2.431299340328791,51.33385512079589
2026-08-12 08:00:00,M-104,78.29616619893399,5.156799702219764,2.0136205398060656,48.23554970974872
2026-08-12 08:10:00,M-103,77.73220435200363,5.110873106551492,1.8286865516303032,50.67345169002107
2026-08-12 08:20:00,M-101,67.13310580986483,5.003681635518987,2.058451022593508,42.97376842479408
2026-08-12 08:30:00,M-103,77.0356666823658,5.671652541671119,2.256671802512363,43.80194707848033
2026-08-12 08:40:00,M-101,73.68072481513114,4.719165660662902,2.478361357843039,46.9610414698856
2026-08-12 08:50:00,M-101,70.86261870023296,5.355436381739734,2.1096000580967362,40.09078338468074
2026-08-12 09:00:00,M-101,67.88032256514,5.027118250431861,1.688256370158203,47.687195189918675
2026-08-12 09:10:00,M-102,68.40445274275407,4.857039948168656,2.019470543318026,45.27878294429949
2026-08-12 09:20:00,M-104,82.24906047892964,6.363688829057754,2.6358776328318303,44.70968370391592
2026-08-12 09:30:00,M-101,72.00341409478742,5.388572830639057,2.471687329929418,50.24354488819046
2026-08-12 09:40:00,M-101,75.9106500076573,5.475969495097515,2.3180672173435255,35.25538354760487
2026-08-12 09:50:00,M-102,68.04550309166224,5.711999551300898,2.2784904570428353,46.39636927631793
2026-08-12 10:00:00,M-101,68.10073526889181,4.5603925246066535,2.2448075317122895,64.22147635930403
2026-08-12 10:10:00,M-103,77.40992404624971,5.988531359104915,2.4055641920784545,40.397232195720626
2026-08-12 10:20:00,M-103,65.25211894224233,4.070969269677216,1.8401799249973332,56.99850347539089
2026-08-12 10:30:00,M-104,69.92393116047364,4.854055115482666,1.525719876978748,48.38259284638889
2026-08-12 10:40:00,M-101,72.17013705536117,4.993435747069495,2.0241512252579716,43.77929533783007
2026-08-12 10:50:00,M-102,72.55686300920026,5.461775514236728,1.713846444627808,38.75550838329136
2026-08-12 11:00:00,M-103,71.10453357491922,5.29842321976367,1.6307427356179856,48.977773756996626
2026-08-12 11:10:00,M-102,73.97909890547962,5.124933366685723,1.747902498194224,58.173779740702734
2026-08-12 11:20:00,M-102,75.46427877908906,5.194601194917524,2.86985987358679,45.27552198362265
2026-08-12 11:30:00,M-103,75.67318772729665,4.759889639414845,2.0476436219265453,47.433270026842585
2026-08-12 11:40:00,M-102,67.07098095666086,4.5262454224821225,2.1266677427263456,55.072595951332325
2026-08-12 11:50:00,M-103,70.57922451035601,5.526930230051227,1.5721730175485111,50.38609553942396
2026-08-12 12:00:00,M-102,77.9738143093847,5.512167750641283,1.3546864644225796,36.99406954192795
2026-08-12 12:10:00,M-103,76.47323593786936,5.913022468820676,1.713331574908418,48.692210510986285
2026-08-12 12:20:00,M-101,65.13570274259467,4.844492306433157,2.503368454823062,58.58564437465919
2026-08-12 12:30:00,M-104,73.75739950176101,5.5117668446354156,2.1169964131267824,47.74141169472751
2026-08-12 12:40:00,M-103,62.10887375312595,5.072331972235871,2.209508282005537,28.80957399365836
2026-08-12 12:50:00,M-103,72.23467451030184,5.735713743337067,2.2584981137207216,50.71750494113751
2026-08-12 13:00:00,M-104,81.48883508372988,5.659883249505164,1.7930277170706028,46.61080492319175
2026-08-12 13:10:00,M-103,67.26053641365507,5.295044229651006,2.4857879543906787,35.196339102551484
2026-08-12 13:20:00,M-103,67.8283847725421,5.047211429500306,1.7785173402722363,36.24554336962351
2026-08-12 13:30:00,M-102,75.8201489078643,5.632419480373718,2.4921813257418934,54.82575000302166
2026-08-12 13:40:00,M-104,64.28599242395177,5.491107035465455,2.154805754647369,42.87332078083444
2026-08-12 13:50:00,M-101,68.83622485057481,4.892001819061218,1.3738341960137874,41.647525334848055
2026-08-12 14:00:00,M-103,74.98220568790876,4.602490596934256,1.7381966796898127,47.750530073478316
2026-08-12 14:10:00,M-104,68.82857076155298,5.070160194693192,1.3752715134947633,43.49057901176043
2026-08-12 14:20:00,M-102,70.82015006394514,5.881936216906694,2.407148746477973,48.70034039444422
2026-08-12 14:30:00,M-101,75.72092855157517,5.715919221429868,1.9913426027191596,46.58095979394331
2026-08-12 14:40:00,M-104,74.1077304176828,4.699452638648239,1.220080146017577,39.6000309393445
2026-08-12 14:50:00,M-101,73.33409198147702,4.674509162845036,2.1315114086018805,44.42161541007031
2026-08-12 15:00:00,M-101,70.30438860364981,5.773607732355769,1.811992508164088,51.09927324916373
2026-08-12 15:10:00,M-101,73.85030557634478,4.688963842858977,1.480667950738337,48.29342628167038
2026-08-12 15:20:00,M-103,71.38133659950121,5.429182895638903,2.587288042939044,47.42640262325718
2026-08-12 15:30:00,M-103,74.28902804962893,4.922767953098655,2.0375500531338027,61.56168968825569
2026-08-12 15:40:00,M-102,69.5153398744101,5.927670216034757,1.8972990091903406,53.11726267769875
2026-08-12 15:50:00,M-102,71.0871551281023,4.853308840387955,1.860201326654894,53.967088853749395
2026-08-12 16:00:00,M-104,67.05021103723993,5.714512688592623,1.4703521857947797,46.838221145435526
2026-08-12 16:10:00,M-102,71.82496194996882,5.283186394327164,1.5434078851455617,49.54101633245892
2026-08-12 16:20:00,M-101,67.94499568185577,5.3134876844054295,2.449720874706279,44.98230007332015
2026-08-12 16:30:00,M-101,66.42976774919003,4.31336113839187,1.8341409955749983,53.4428483586689
2026-08-12 16:40:00,M-103,73.29330573927695,4.208688991057427,2.0077236953279023,47.2272006713067
2026-08-12 16:50:00,M-101,73.0636988792883,5.100745326879709,1.2844843333296239,49.5566442425139
2026-08-12 17:00:00,M-104,75.91436867474286,5.3111077285374755,1.538667787471573,49.124279115086175
2026-08-12 17:10:00,M-101,69.8443721521245,4.693660977518025,2.2134343819561635,47.87283183016182
2026-08-12 17:20:00,M-101,74.04026423418378,4.710087965285647,2.1321991160398417,68.56731647009039
2026-08-12 17:30:00,M-104,74.75398786136832,5.45266268342176,2.6136813195535105,43.33366505753694
2026-08-12 17:40:00,M-102,74.22386903915798,5.453284516205709,2.4700347160709293,43.27001928888915
2026-08-12 17:50:00,M-102,67.8717315859893,5.138016522825433,1.919251159630312,52.8586772276823
2026-08-12 18:00:00,M-104,72.74681741135595,5.551090774533734,2.165533747649645,43.833817006473744
2026-08-12 18:10:00,M-103,73.8207014802733,4.671608966925934,1.8891887949839241,45.96015547055775
2026-08-12 18:20:00,M-101,72.03589233453971,5.039829287310863,2.719183436523527,40.39512332651067
2026-08-12 18:30:00,M-104,61.567611708144575,5.941544922602653,2.40215514361834,51.44090543581811
2026-08-12 18:40:00,M-101,72.8024481198674,5.230744958472918,2.059389781800213,51.52980071138906
2026-08-12 18:50:00,M-103,83.06265519698621,5.25684063156415,2.070138174706723,45.79365558053589
2026-08-12 19:00:00,M-101,70.19980365621508,6.237675963685483,2.5056976005409326,53.003716819360505
2026-08-12 19:10:00,M-104,68.35961451072339,4.570296025368053,2.2028522464898463,34.99312490386486
2026-08-12 19:20:00,M-101,73.86674279855698,5.55839366498895,2.54551980597453,43.0520261893996
2026-08-12 19:30:00,M-102,73.56189105233285,5.948793825913645,1.2322232258093944,46.810145696523485
2026-08-12 19:40:00,M-103,77.96367582708207,5.053813933075655,2.1614298915245795,39.79402252167933
2026-08-12 19:50:00,M-103,65.71065922045557,5.586833854084681,1.8195977973615152,35.75900873806894
2026-08-12 20:00:00,M-103,75.65690126287497,4.758091226255093,2.614732295669797,45.844728244730874
2026-08-12 20:10:00,M-104,74.95211030625731,4.890970421994692,2.54123954051644,52.85814060942519
2026-08-12 20:20:00,M-103,71.28926731529727,5.373234887221436,2.011492533185457,56.97475873998559
2026-08-12 20:30:00,M-102,73.69343658960845,5.559355002899766,2.5374708425838612,44.16898481756239
2026-08-12 20:40:00,M-104,77.14728740799178,5.704421430582811,2.624090081997377,53.13251086335116
2026-08-12 20:50:00,M-102,76.36157690014225,5.906332864122772,2.0260423351741514,52.45579426652967
2026-08-12 21:00:00,M-101,66.28490343963136,5.169649048650168,2.86517682035115,56.530257220341475
2026-08-12 21:10:00,M-101,76.10079093377742,5.737125289827665,1.9890305965655972,45.54866278752199
2026-08-12 21:20:00,M-101,71.67655697483741,5.045962820447883,1.924917667382432,35.41049653370728
2026-08-12 21:30:00,M-101,72.36437049007758,5.605941090214721,2.3030554060045203,48.491300966959216
2026-08-12 21:40:00,M-102,72.36598495500847,5.293369959033482,1.8761732441001902,40.903443813211936
2026-08-12 21:50:00,M-104,71.2487850560087,5.400555058186866,2.029868921528213,42.93546423656595
2026-08-12 22:00:00,M-104,77.95853748553533,5.390578543309917,2.4933020484178186,45.891465991627726
2026-08-12 22:10:00,M-103,71.58141020075394,4.477882745590985,2.0067265982760447,45.627506580556
2026-08-12 22:20:00,M-102,66.40226935808415,4.694145163512652,1.4067437724586425,48.99091486827056
2026-08-12 22:30:00,M-101,70.03235072015136,5.246143647917886,2.1285617857472188,52.922094214937324
2026-08-12 22:40:00,M-102,72.89347358405237,4.440724414161474,1.7562972473316618,45.42585091706823
2026-08-12 22:50:00,M-103,78.14607392148525,5.57404499643989,2.302844905053091,50.769882546256035
2026-08-12 23:00:00,M-103,75.01547342474417,5.592200184829664,2.243666400539186,48.103712069513534
2026-08-12 23:10:00,M-102,67.74732360626479,5.347226748795006,2.5149901218582826,54.54846077114912
2026-08-12 23:20:00,M-102,84.42594958339446,4.695489694258935,2.317636305277444,46.67985704225578
2026-08-12 23:30:00,M-102,73.32387655488989,5.821062522490832,2.3815854992803227,47.44751326957811
2026-08-12 23:40:00,M-104,78.37695368999508,6.1167447878732615,1.7658161339518004,45.37919686400765
2026-08-12 23:50:00,M-101,71.24142783211386,5.266184572350689,2.281395273561676,46.86426022029053
2026-08-13 00:00:00,M-102,74.66679622352724,5.429740920303057,2.6889579512761017,42.51558310157888
2026-08-13 00:10:00,M-102,76.19734252259202,5.29078239465822,1.7589725319771314,41.821818996995404
2026-08-13 00:20:00,M-102,78.09097355877128,5.43866613504946,2.6299084021044843,53.43035769697907
2026-08-13 00:30:00,M-103,77.28684152689112,5.146198559518122,1.8077274680795343,40.41758821770779
2026-08-13 00:40:00,M-103,76.36098500036489,5.184446092070289,1.7018100642325091,45.76617337211468
2026-08-13 00:50:00,M-104,70.42456634402946,5.607572920223815,2.103670155174193,55.10739950389697
2026-08-13 01:00:00,M-101,69.1412697902197,6.255530872853399,2.2505686456450835,45.53109443497475
2026-08-13 01:10:00,M-104,73.66303755162099,4.569967944519218,2.319112543390293,53.801183175799025
2026-08-13 01:20:00,M-101,76.66564036170534,5.153284382018665,1.6633831527293794,43.86267995491211
2026-08-13 01:30:00,M-103,70.88639649611696,4.668792781645563,2.1520890340390015,40.64185475554864
2026-08-13 01:40:00,M-103,77.32585982857194,5.916411204359238,1.7600558999807732,36.836219015694255
2026-08-13 01:50:00,M-103,79.2630837274309,4.935517913806046,1.4788772103752983,57.18906848490863
2026-08-13 02:00:00,M-104,67.4183954046329,4.550559642796393,1.6749422895635253,40.04190172855909
2026-08-13 02:10:00,M-102,67.8153964810186,5.487184149481858,1.7371848719154637,53.230306130875654
2026-08-13 02:20:00,M-102,71.29812470547331,5.9849400016344,2.1825583061233775,41.00037081244632
2026-08-13 02:30:00,M-103,73.53806334094598,5.498619040852343,2.403274782074034,57.22168742557875
2026-08-13 02:40:00,M-102,69.37716493116474,5.292159044776863,1.4843776795436567,63.447479072305704
2026-08-13 02:50:00,M-102,78.76101339433572,5.384113415249198,2.1231863759728196,36.19428958216764
2026-08-13 03:00:00,M-104,74.12033430759226,5.8366782982715,1.5881556349801826,40.406704960888305
2026-08-13 03:10:00,M-101,72.1972352412037,4.806610328493632,2.2201798931549,53.411923046622576
2026-08-13 03:20:00,M-103,64.82045238065736,5.149668803161159,1.7820442966486882,51.59130046356071
2026-08-13 03:30:00,M-103,65.42092091786246,4.99628943317071,1.6320348436918524,53.43845298332134
2026-08-13 03:40:00,M-104,73.40504625140903,4.674460611718731,2.279882580371651,43.983711147169366
2026-08-13 03:50:00,M-104,61.33702186922582,5.052231133262439,1.7945770880942167,61.912739127163576
2026-08-13 04:00:00,M-102,77.06318704822036,5.698474493192102,1.8894126170265557,48.82634626682842
2026-08-13 04:10:00,M-103,71.2092307781384,5.4549709667767265,1.2230038193552684,39.48126196209536
2026-08-13 04:20:00,M-101,88.21546484797366,5.48993972504869,2.331292976498216,46.227960499699385
2026-08-13 04:30:00,M-104,83.53958125308056,5.265914025243993,2.2873179824091876,39.57503172639817
2026-08-13 04:40:00,M-101,71.09275465376241,5.435495702227865,2.00191024549846,59.13658950987874
2026-08-13 04:50:00,M-101,71.46831498734342,4.839734345943353,1.4653466705254843,43.377681160399185
2026-08-13 05:00:00,M-103,76.97790757001015,5.060720551332747,2.423279212417167,51.44738439321235
2026-08-13 05:10:00,M-103,80.5158630495902,5.286401906635905,1.7668078147737232,44.70528798512474
2026-08-13 05:20:00,M-104,63.80985471281991,5.324882136496851,1.8413262924647942,43.69228883166241
2026-08-13 05:30:00,M-103,63.06812267322657,5.344084534714843,2.809215419725836,34.62822073103264
2026-08-13 05:40:00,M-103,68.8898259722281,5.13774912309263,1.7537272445617695,52.18722222093397
2026-08-13 05:50:00,M-103,74.91368791586932,5.030159469491352,2.259773486849275,57.09426876840429
2026-08-13 06:00:00,M-101,74.48436795253798,6.6209970773699345,2.196732291728916,41.58822693044394
2026-08-13 06:10:00,M-104,77.34885727491925,5.6080542728195795,2.1365602675080297,37.1833961950093
2026-08-13 06:20:00,M-102,66.00151235817346,5.38591636417868,2.0987001898940787,53.623212299164805
2026-08-13 06:30:00,M-101,60.41928068515561,5.095056175807123,2.1317359966612197,36.476310556256244
2026-08-13 06:40:00,M-103,76.29007097651072,4.996951527875256,2.0951792068291892,56.53673055163781
2026-08-13 06:50:00,M-101,67.85901863517383,5.14113973282287,1.9818285744283788,41.66923413931766
2026-08-13 07:00:00,M-103,61.90756067805681,5.331772979614008,2.5289490934387597,40.27695080022762
2026-08-13 07:10:00,M-103,72.72531872979691,4.353804005171614,1.5405688037202525,49.73923694791904
2026-08-13 07:20:00,M-101,75.96587844109338,4.493774682081392,2.3575103364053818,40.73302500491994
2026-08-13 07:30:00,M-104,71.38971433939362,4.913402924977469,2.287819804540643,43.050222430947535
2026-08-13 07:40:00,M-103,69.71075806908755,5.293212746550356,2.2444396924652903,50.477873528697046
2026-08-13 07:50:00,M-104,71.20318883927047,5.092327083781667,2.390942799674045,30.996213639833478
2026-08-13 08:00:00,M-102,70.14708618799608,5.865154551744768,1.9675902116560624,59.496934721498256
2026-08-13 08:10:00,M-103,65.25976444029916,4.532921445851904,1.345859073460593,48.30548092726016
2026-08-13 08:20:00,M-104,68.42659661504784,4.8618945386784835,1.97469756909993,38.9492379131753
2026-08-13 08:30:00,M-104,74.60639952506907,5.884041283445995,1.653082023831406,40.87928241499211
2026-08-13 08:40:00,M-102,73.6083927068825,5.259003696103816,1.7438492765496776,54.94152464782562
2026-08-13 08:50:00,M-104,72.8402990298341,5.5981791622605215,1.5651531141586559,52.20737054551872
2026-08-13 09:00:00,M-104,67.0242575907331,6.123061124471259,1.832929299544658,57.70746460099648
2026-08-13 09:10:00,M-102,71.09248418932167,4.88778801194418,1.7911817071057927,43.22080008637035
2026-08-13 09:20:00,M-103,61.11467476778573,5.155308547993585,1.1678505595255142,50.07608686005562
2026-08-13 09:30:00,M-104,72.89238331942695,5.077407894581108,2.245077668948801,50.98597538248574
2026-08-13 09:40:00,M-104,79.14428853906784,4.320433147982526,2.7771126503017087,52.866872501765656
2026-08-13 09:50:00,M-104,64.62933933978947,5.060321438309814,2.212183017723701,55.89096786402449
2026-08-13 10:00:00,M-101,69.07036163341122,5.596477984321299,1.9289766152130203,42.97915265908957
2026-08-13 10:10:00,M-102,73.64553389355065,5.443265293815508,1.9808387615133245,47.20080812567664
2026-08-13 10:20:00,M-101,78.26421317213742,5.478587426224605,1.8526549461953885,43.728951780938985
2026-08-13 10:30:00,M-102,69.75887691849925,5.031020958712225,2.031514554353435,47.63171688650537
2026-08-13 10:40:00,M-103,68.53874835367051,4.904756243797461,1.9870471670743681,52.889029474440825
2026-08-13 10:50:00,M-103,62.15538428791959,5.771165052354379,1.705633049360597,36.421751498175084
2026-08-13 11:00:00,M-104,72.51719064654053,4.976207284139049,2.589010936131741,55.765600986215
2026-08-13 11:10:00,M-102,82.21038020071872,5.332336917456947,1.4794960175015803,40.02572513015375
2026-08-13 11:20:00,M-103,73.38679230982338,5.273500606304893,2.251416040117986,45.84840776211938
2026-08-13 11:30:00,M-102,71.88860510408144,5.857772657315703,1.964580830438864,56.707593474762874
2026-08-13 11:40:00,M-103,73.61041155383492,5.637135560952562,2.6652911352730104,50.296068025883834
2026-08-13 11:50:00,M-101,71.94453998025699,4.6171336206997955,2.1193026097368777,50.37670963784562
2026-08-13 12:00:00,M-103,67.93492813869935,-2.0,1.8740330619858632,39.735617682934226
2026-08-13 12:10:00,M-101,76.11639957838852,5.46050941813111,1.913302480547926,40.69139844923311
2026-08-13 12:20:00,M-103,73.12880761555877,5.171048058679375,2.0139673430819163,54.588794776682434
2026-08-13 12:30:00,M-104,72.08806625966828,4.995172697220807,1.6000232567512598,43.87599518160927
2026-08-13 12:40:00,M-101,67.12316986360875,5.657032547797512,1.7315956662087308,44.53561688690105
2026-08-13 12:50:00,M-103,78.5175396596738,5.28435672194001,1.37526961078285,54.74765875738298
2026-08-13 13:00:00,M-104,75.32351372666555,5.22360582410025,1.6769580855690671,40.65060518241331
2026-08-13 13:10:00,M-101,69.23539581316349,5.550922888339772,2.0328672685811573,49.8846459302038
2026-08-13 13:20:00,M-104,77.00912426840969,5.031200952275396,2.1050612672495825,48.30035128317384
2026-08-13 13:30:00,M-102,69.51214580807397,5.905833543462649,1.3072346067512592,47.9811999189573
2026-08-13 13:40:00,M-102,68.08998253744481,4.845378569545146,1.95197590393453,44.370950576857474
2026-08-13 13:50:00,M-101,68.20148441259856,5.49561807985394,2.197193482787746,43.941013729756705
2026-08-13 14:00:00,M-103,63.144657234559546,5.84522477739693,1.9429807323183177,40.451450853435944
2026-08-13 14:10:00,M-101,74.35771190209103,4.580217029827555,1.7781739739777698,51.378655182289144
2026-08-13 14:20:00,M-104,62.84427560830825,5.045499170866398,1.8557435992331253,43.32295565938285
2026-08-13 14:30:00,M-103,65.8577808436712,5.7139933267985015,1.8107328257579722,54.78121234817076
2026-08-13 14:40:00,M-102,61.62205995460734,5.720760046478961,1.77714430431218,46.42811470886543
2026-08-13 14:50:00,M-103,71.56965153604554,5.122826979825293,2.060838233835697,40.59084657405273
2026-08-13 15:00:00,M-102,71.24839769864064,4.8693980078454135,2.807690879707408,46.335302824961055
2026-08-13 15:10:00,M-103,70.36651893406818,5.630171120048844,1.739705029083186,45.12399960604468
2026-08-13 15:20:00,M-103,66.78711152664712,5.732597096161722,1.8886500785685005,55.06372388209637
2026-08-13 15:30:00,M-103,66.1388312328168,4.675901493169422,1.981905721218669,45.41699867523928
2026-08-13 15:40:00,M-104,74.32184931773287,4.658238857965129,1.7594259479745973,46.06652733159772
2026-08-13 15:50:00,M-104,69.24724034145756,5.30136550689262,2.384382531233199,57.88082693844705
2026-08-13 16:00:00,M-101,73.58179160768073,5.483212285043002,1.1701901193427466,51.557871250243444
2026-08-13 16:10:00,M-101,67.57375656937889,5.065418911646476,1.8141292903674635,59.63894211202447
2026-08-13 16:20:00,M-102,72.9053137138554,5.505682218992058,2.2864098077119865,56.813315028447334
2026-08-13 16:30:00,M-104,78.51639018658032,4.880438526923178,1.8970669920639782,41.78986188146002
2026-08-13 16:40:00,M-102,74.93082900196391,4.24838788041682,1.712706364402398,54.92965598080075
2026-08-13 16:50:00,M-101,69.9379309089176,5.009244517450332,2.1542648640535673,58.67712304452214
2026-08-13 17:00:00,M-102,73.28599485177963,5.228454465930896,2.317220132389003,58.72969192626394
2026-08-13 17:10:00,M-101,70.79667412734894,5.075872018046595,2.0737224058252703,54.91667188503681
2026-08-13 17:20:00,M-104,72.03940092347364,4.678628531353231,1.719572874065491,54.77266096436423
2026-08-13 17:30:00,M-103,70.37194473925749,4.382957960854532,2.15967116170311,45.88137269427115
2026-08-13 17:40:00,M-104,71.17832397057305,4.968660038034447,1.8592827449038236,42.13832540955298
2026-08-13 17:50:00,M-102,73.06046676537088,5.603945097242385,2.2608154086628396,45.5344787677178
2026-08-13 18:00:00,M-102,67.03320650209025,5.765288847736157,2.519140609699807,36.34647698997066
2026-08-13 18:10:00,M-104,66.9206058650501,5.734471022862305,1.0880481355090135,57.39956720795194
2026-08-13 18:20:00,M-104,65.05728723084394,4.832840709183151,2.0388736156184715,46.01694928407601
2026-08-13 18:30:00,M-101,63.99864447748145,4.680832154366336,1.3924931220683305,57.03931510345472
2026-08-13 18:40:00,M-102,65.9135865388976,5.423485576740953,2.8546260048654197,39.3795029594488
2026-08-13 18:50:00,M-102,72.79731253402065,5.4857950052190665,1.8361564131713333,55.57837444701548
2026-08-13 19:00:00,M-104,67.53606242254058,5.380076322340224,2.2612306346388804,44.535835392744765
2026-08-13 19:10:00,M-103,74.56807232115548,4.293671526593006,1.9876390991417865,39.009414141835784
2026-08-13 19:20:00,M-102,72.17356874376281,4.80990193680244,1.718920396748329,59.3898263651183
2026-08-13 19:30:00,M-103,62.15747893280973,5.18664004437131,1.6772814334879007,55.75118168538542
2026-08-13 19:40:00,M-104,75.27487792110846,5.419248187583692,2.5549877105852654,49.48254694130049
2026-08-13 19:50:00,M-104,76.05399322795854,5.5452883131711195,2.3345783210624087,48.23756519594474
2026-08-13 20:00:00,M-101,67.03068662582574,5.264914085026918,2.680254430582147,51.07657013173383
2026-08-13 20:10:00,M-102,74.10095771447496,5.3488527129422065,2.0194086673051945,49.36240004542188
2026-08-13 20:20:00,M-103,67.71750881295401,5.238189456262497,2.1007718674361002,42.4540683207997
2026-08-13 20:30:00,M-101,72.48835188374167,5.508528718398318,1.9064829520206492,45.11563411150555
2026-08-13 20:40:00,M-102,65.67750796522517,5.34078954317091,1.8995212289097467,61.72502482427092
2026-08-13 20:50:00,M-101,63.03446773732712,5.22958194702128,1.635339573632921,66.70509719839609
2026-08-13 21:00:00,M-104,70.08591405193516,5.079234040388179,2.029403566823523,58.938679536614785
2026-08-13 21:10:00,M-102,71.38135526862582,5.236581141269117,1.7237636917898311,51.347567581138364
2026-08-13 21:20:00,M-101,70.01160153192698,5.418066120477674,2.154668122757471,45.635756771086456
2026-08-13 21:30:00,M-101,66.0798472088872,5.320363925004128,2.0595035766430736,42.41269874272124
2026-08-13 21:40:00,M-103,70.00050468934431,5.371371888255364,2.100688715286503,42.87402312698858
2026-08-13 21:50:00,M-101,73.34647376290367,5.804224837608034,2.586295478891579,44.127126389192675
2026-08-13 22:00:00,M-102,71.77553484938731,5.319323765235964,1.9867987175820432,63.05814828998039
2026-08-13 22:10:00,M-102,72.91250515299606,4.907950665787079,2.2648544509987,60.64397607467819
2026-08-13 22:20:00,M-103,68.64942399772883,5.597623053697376,2.7180283124299534,53.22394872954776
2026-08-13 22:30:00,M-102,77.8585895735808,4.585210748048987,2.457315974253267,41.27570776511022
2026-08-13 22:40:00,M-104,66.1191333172261,4.713363978667321,2.4036093944591954,54.251391486977255
2026-08-13 22:50:00,M-102,74.4378014854336,5.351131269124031,1.892659124567825,46.32968080042576
2026-08-13 23:00:00,M-102,77.9094554647998,5.432378500503961,2.080375069448729,32.92893392949115
2026-08-13 23:10:00,M-101,74.40454046374448,4.639726949423203,1.5386032977895203,50.009704461808816
2026-08-13 23:20:00,M-101,70.98737886467585,5.027732133555963,2.174620040337545,42.10660871416161
2026-08-13 23:30:00,M-102,69.3585147666851,4.927262275501154,2.0960610621648446,42.34362599636974
2026-08-13 23:40:00,M-103,77.18043825523128,4.980995654703282,2.0081847938046633,46.247144045023944
2026-08-13 23:50:00,M-101,64.88512537369164,5.624618999322826,2.3595181758850012,44.51173918940311
2026-08-14 00:00:00,M-103,67.14937869810178,5.517927458596264,1.5772788121514614,47.760202266271946
2026-08-14 00:10:00,M-102,70.0122111725414,5.191395019065832,2.5722019979061215,47.423686149879565
2026-08-14 00:20:00,M-102,78.18826878755999,4.954317132798282,2.315617640779099,34.86933635006658
2026-08-14 00:30:00,M-104,73.89883818020448,4.592657648400937,1.975278107121809,58.64194592217983
2026-08-14 00:40:00,M-101,67.15977120744877,5.839083222451877,1.9479446442639123,41.11636293935924
2026-08-14 00:50:00,M-102,70.44846147307548,5.466451255128214,2.168213925337008,41.33321130408669
2026-08-14 01:00:00,M-104,68.92838427951853,4.881998903167087,2.532297931222323,45.70012723746792
2026-08-14 01:10:00,M-101,68.45105503883232,5.523819773931201,2.0355627015415036,47.24165606841494
2026-08-14 01:20:00,M-102,76.8944477927839,5.168399370741419,2.050410815692729,58.21285871782287
2026-08-14 01:30:00,M-102,65.14128435368247,5.070800722811946,2.006341467169055,49.885964164384305
2026-08-14 01:40:00,M-101,80.04390427867187,5.3958451877303215,2.6237084394455152,51.96525838876674
2026-08-14 01:50:00,M-101,76.14114845092311,4.866325787539274,1.8708909139720418,49.921753313082974
2026-08-14 02:00:00,M-101,77.45430835301849,5.045309566220451,1.989672340483325,49.62023107749141
2026-08-14 02:10:00,M-102,69.68530243987371,5.254657478889796,2.512202478991348,50.16810652160906
2026-08-14 02:20:00,M-102,71.25029640460446,4.975246963201654,2.0514537917645024,34.47086100201743
2026-08-14 02:30:00,M-104,64.83424092737644,5.501088344620386,2.397970601015933,46.2505706061233
2026-08-14 02:40:00,M-103,69.37668796466599,6.041079926655217,1.6810519800839645,56.1358277739981
2026-08-14 02:50:00,M-101,74.46827423821576,4.860565840326786,1.92814761743002,75.5963170756468
2026-08-14 03:00:00,M-102,78.48031530890698,4.45069361666318,2.5195519134540802,39.569837472223426
2026-08-14 03:10:00,M-102,66.46421591598774,4.299216924635682,1.763281099482759,50.96155972227047
2026-08-14 03:20:00,M-101,70.17247031507367,5.132289336327259,1.9470453360806024,44.00267395487961
2026-08-14 03:30:00,M-103,71.24350389883739,4.901575934443218,2.0898398308120174,62.33356332727794
2026-08-14 03:40:00,M-101,65.02105398903757,5.293537225480186,1.6537959187024547,38.52352067445963
2026-08-14 03:50:00,M-103,74.956746208792,5.2596689524117455,1.855166458482336,52.37457643221116
2026-08-14 04:00:00,M-102,68.38004834128695,4.478552419023657,2.0394228386389743,38.14952230347067
2026-08-14 04:10:00,M-103,71.02304824411488,4.383302276733367,2.0163386069566864,45.770033323574175
2026-08-14 04:20:00,M-104,69.74025314044061,5.333169958155743,2.4481232072929977,47.75980668475134
2026-08-14 04:30:00,M-102,68.05330747140162,5.260942975623981,2.539510018191289,55.487841772177255
2026-08-14 04:40:00,M-104,71.96477507259722,5.008381900735052,1.700370294799681,40.459832216890305
2026-08-14 04:50:00,M-101,70.92195210715988,4.454285386690463,2.0389439817086212,52.643681341931696
2026-08-14 05:00:00,M-101,70.14071058860667,5.4121260682442465,2.235986907948668,48.13144406371563
2026-08-14 05:10:00,M-101,68.35769189159828,5.772354795440775,2.530721613029719,49.90955370400186
2026-08-14 05:20:00,M-103,73.59762335391477,5.325092098098515,2.2514716040609954,54.70832900279599
2026-08-14 05:30:00,M-102,80.26808634246143,4.818636749245721,2.101819690557316,39.022103148962984
2026-08-14 05:40:00,M-101,72.69943616419563,5.220048474507018,2.2332898861939205,53.674164812040146
2026-08-14 05:50:00,M-101,76.98059107455565,4.585248663579842,2.235819092017691,44.01766602837402
2026-08-14 06:00:00,M-102,65.04889037423268,5.676082321227457,1.675299997700471,55.67111418483778
2026-08-14 06:10:00,M-101,72.78880719646885,5.236829950538293,2.067479577377194,50.34190344176516
2026-08-14 06:20:00,M-104,66.51315840514467,4.404329389711046,2.510706347966042,46.53330132938061
2026-08-14 06:30:00,M-102,64.61537536234049,5.064696537800343,1.9274251309570984,43.86981821636425
2026-08-14 06:40:00,M-102,68.30314296270481,5.408485679605404,2.0453063248916057,53.76306496048731
2026-08-14 06:50:00,M-102,77.95949667206787,5.050128570561015,1.9151192426658923,56.826661798366494
2026-08-14 07:00:00,M-104,76.75007914334823,5.075846925351922,1.1901491765375938,44.270039213978706
2026-08-14 07:10:00,M-102,73.215023610272,4.649019006828728,2.0072065620321378,40.06895403953022
2026-08-14 07:20:00,M-104,64.33649720055034,5.454943444186745,2.1056271757285057,52.859477300616575
2026-08-14 07:30:00,M-102,71.01859674306031,4.908188859991388,1.8206273131916844,37.8602834057641
2026-08-14 07:40:00,M-103,73.50850004450868,4.2295995803477355,1.5958770678903451,38.861412936919194
2026-08-14 07:50:00,M-101,72.87768114789299,5.032934183198323,1.6917877390764229,40.561098071304706
2026-08-14 08:00:00,M-103,62.78103208259627,5.641517372006659,2.2674656656474474,45.09184661872875
2026-08-14 08:10:00,M-101,67.54841075990063,5.025881749030024,2.690383670566417,38.645676775491886
2026-08-14 08:20:00,M-104,71.67961117925641,5.9820932433055845,2.4838516693169015,34.42840063432895
2026-08-14 08:30:00,M-103,74.68145454758594,5.393035576846833,1.5294788983093068,40.051890639640135
2026-08-14 08:40:00,M-102,61.01936089450027,5.352441173026165,2.299119558692746,52.49732112600833
2026-08-14 08:50:00,M-101,71.18938012260071,5.142220780337076,1.7678931684667485,39.09919149511263
2026-08-14 09:00:00,M-101,72.71524384939477,5.169271206506069,1.796206528121928,45.618112254320806
2026-08-14 09:10:00,M-103,76.24805994258107,5.081459364196223,1.8383085407100506,61.62688923655894
2026-08-14 09:20:00,M-104,75.46428792118718,5.063978773562863,2.2471234324494005,47.65578108981037
2026-08-14 09:30:00,M-103,74.91285659404403,5.438890222930217,2.3357386817571633,50.39771692810715
2026-08-14 09:40:00,M-104,68.00029746649032,4.778875946594246,1.9656891250520743,41.377719872239126
2026-08-14 09:50:00,M-104,62.45998931438346,4.715847777074083,1.9716252406471912,63.144323975900996
2026-08-14 10:00:00,M-101,70.034736214693,4.69456222710608,2.1624923101325275,44.210938576031
2026-08-14 10:10:00,M-103,77.0081591260428,6.1205445464547195,2.1987980888334846,46.40326720883938
2026-08-14 10:20:00,M-103,78.96727263762216,5.438654305751761,2.411678997365485,57.219410745771555
2026-08-14 10:30:00,M-104,75.55274551148892,5.337021490756065,1.5504698085717805,46.727860286024665
2026-08-14 10:40:00,M-103,74.14670411400867,4.724118398367956,2.0070095689314105,48.3352214787265
2026-08-14 10:50:00,M-102,73.89819824192983,5.480504035303673,1.6261914684380878,46.028181754476094
2026-08-14 11:00:00,M-102,69.2194062661961,5.147542894096002,1.982170202327809,46.07617335359941
2026-08-14 11:10:00,M-103,71.3496985322319,5.296376023509287,1.9208386493117338,50.59351407579664
2026-08-14 11:20:00,M-103,80.34534762913165,4.7605208578614,1.9836376911340543,51.87060232438674
2026-08-14 11:30:00,M-104,67.28720997104062,5.27212098583791,1.720089989161314,43.49726098151203
2026-08-14 11:40:00,M-102,80.07389395354926,5.009274907807082,1.4794485723774,42.63743680697149
2026-08-14 11:50:00,M-102,70.3898592275397,4.855474979336416,1.266946865649784,43.73604737799706
2026-08-14 12:00:00,M-101,78.62716054547539,5.530347851113262,1.9540869460073058,38.19122190060162
2026-08-14 12:10:00,M-104,64.96592495251231,4.508031486161499,1.8491496129584712,36.86698819036492
2026-08-14 12:20:00,M-101,74.92952100582325,5.454149318941368,1.7634218173186604,50.08017003057435
2026-08-14 12:30:00,M-102,68.31614932026189,5.508018760098849,2.4628919619910814,54.57017062222578
2026-08-14 12:40:00,M-104,64.92366404037907,4.804160346001942,1.6991966346216412,54.09731705201652
2026-08-14 12:50:00,M-103,73.09267021205473,4.83085219249039,2.495891928748581,31.326061088043392
2026-08-14 13:00:00,M-104,77.04735894297984,5.099638443430119,2.56834531049424,46.28454439069718
2026-08-14 13:10:00,M-103,67.77529280703251,5.326916294707999,1.3171848366237167,40.28535631085209
2026-08-14 13:20:00,M-103,64.50492019770799,5.131215253683599,2.0323335106496394,49.006162064746
2026-08-14 13:30:00,M-104,71.54077617832523,5.395103107086346,1.8601062282074032,45.07523536833433
2026-08-14 13:40:00,M-103,71.5628233561141,5.99334084364183,0.9808686193489571,52.14338334371212
2026-08-14 13:50:00,M-101,74.7415981377725,4.971527453882629,1.494375561426055,47.86592836719061
2026-08-14 14:00:00,M-102,76.74797285682244,4.428169013183461,2.271227637487966,34.727986735574774
2026-08-14 14:10:00,M-103,71.70292409363753,5.571665612363794,2.7067197384489425,41.230398890403215
2026-08-14 14:20:00,M-101,81.27751657397131,5.957491559167389,2.315937349944737,48.04049580378658
2026-08-14 14:30:00,M-103,73.12117372267646,5.376745763373006,2.1132713653795423,48.6307730046176
2026-08-14 14:40:00,M-102,70.2678674699655,4.71051309609085,1.9925336664291193,38.16026234607199
2026-08-14 14:50:00,M-101,63.94216320448586,5.14424843654416,2.5889320201268395,37.24478207517715
2026-08-14 15:00:00,M-102,70.68670239841916,4.6966644321047655,2.751883720685174,48.39371736301225
2026-08-14 15:10:00,M-102,70.31806527294432,5.489284972283326,1.7946050621665348,38.17432885764631
2026-08-14 15:20:00,M-101,76.80152398140736,4.591919318785704,1.300004703891398,36.3195940144945
2026-08-14 15:30:00,M-101,74.31241812033427,5.06494204592731,1.2656343878550795,44.88401641158061
2026-08-14 15:40:00,M-101,66.10315439183691,4.748047978167742,2.462658347255931,44.580877360629444
2026-08-14 15:50:00,M-104,72.86127193205519,5.257071108310733,1.9835295107289648,41.85119665862489
2026-08-14 16:00:00,M-101,75.35765585864527,5.03514624528801,2.0641346686605515,43.07384130292526
2026-08-14 16:10:00,M-101,79.64015679693917,5.279542946462619,1.3732721524651503,48.09685006255676
2026-08-14 16:20:00,M-101,76.4375198370703,5.210057749734864,1.7363838805240368,42.95885967424127
2026-08-14 16:30:00,M-101,75.8042332715574,4.756003437524151,1.8965817151347262,48.494879151653876
2026-08-14 16:40:00,M-103,72.30042997307582,5.48209467858806,2.0727434341774247,45.33672024717866
2026-08-14 16:50:00,M-104,73.94156002711725,5.178055456670598,1.8604927863801843,49.17355108770659
2026-08-14 17:00:00,M-102,78.2475245035308,4.755161946460345,1.63693583059453,54.14743895805651
2026-08-14 17:10:00,M-101,65.33611301260176,6.208416950292607,1.7254015525891169,53.874734917734166
2026-08-14 17:20:00,M-103,70.25280336391522,5.414393575022706,2.4229131500815315,57.01747329746259
2026-08-14 17:30:00,M-103,68.1371562562188,5.131032750970313,2.085674616861225,53.867028278280124
2026-08-14 17:40:00,M-103,73.89576559363061,5.8368420370158205,2.2142548824344432,49.66990272079263
2026-08-14 17:50:00,M-102,78.15111087825395,6.028817024223973,1.6853941661929346,44.96597853651899
2026-08-14 18:00:00,M-101,69.01512856639464,5.1345927599587515,0.9661617801097815,45.28567354028643
2026-08-14 18:10:00,M-104,60.04847816265281,5.356328868895643,1.8169134925904262,41.85555885494933
2026-08-14 18:20:00,M-104,69.93889627487765,4.755398731898676,1.6967003059510763,48.03170503736091
2026-08-14 18:30:00,M-103,76.56736866008703,5.133763262154395,2.1221542940198277,52.88171235098354
2026-08-14 18:40:00,M-102,74.6881495147494,5.110421850808058,3.1500032997886445,42.92032677981886
2026-08-14 18:50:00,M-102,74.14093123905288,5.283172165129744,2.2433081061663893,47.73947498935358
2026-08-14 19:00:00,M-102,70.6000334906276,5.349742215386655,2.957586055784221,43.258464398947616
2026-08-14 19:10:00,M-104,65.60484631890107,5.451922801972627,2.199069393368807,49.4654803113133
2026-08-14 19:20:00,M-103,74.57647160812233,5.306939195334982,1.7795398168495498,44.154316312350346
2026-08-14 19:30:00,M-101,67.82859094982688,4.655165818016876,2.1217706273423094,42.82342600094163
2026-08-14 19:40:00,M-104,82.92048366690229,4.7776898024165115,2.6232235098171977,43.24023313547582
2026-08-14 19:50:00,M-103,74.85253604177258,4.9541165712413475,2.640346908712434,51.52330141691897
2026-08-14 20:00:00,M-103,69.09675848723025,5.072991733634547,1.7986319211849224,47.32275416268752
2026-08-14 20:10:00,M-101,68.94307376305686,5.672848430712452,2.0886142934947545,45.00104788999975
2026-08-14 20:20:00,M-101,71.53527896693205,4.676677455916189,1.4997565921150993,49.82983151783048
2026-08-14 20:30:00,M-101,70.80249038989125,5.0391632283231855,2.2886340186420004,45.09838647772645
2026-08-14 20:40:00,M-102,77.58416887764977,5.628854274196323,2.5436741446695628,55.88562525579992
2026-08-14 20:50:00,M-101,72.93208084872023,5.065055136476524,2.0139298089406057,41.18293692414721
2026-08-14 21:00:00,M-103,68.34184130545736,5.407187042429271,1.7664155809739552,46.691199410279026
2026-08-14 21:10:00,M-101,81.45220342577892,5.137206080682444,2.1260458329471468,38.166643448330994
2026-08-14 21:20:00,M-103,72.24654165760111,5.3155524657961255,2.146110660977108,45.57187925676934
2026-08-14 21:30:00,M-104,75.84419837984449,5.0971873552857065,2.0284003411473672,36.242551516053595
2026-08-14 21:40:00,M-102,68.9588674627762,5.500179462727759,2.0625502935175835,53.22421565791389
2026-08-14 21:50:00,M-104,73.81557813872261,4.504724616667104,1.9391648023357202,53.36552636903905
2026-08-14 22:00:00,M-104,73.55554995571597,5.036509596225155,2.348584224879242,53.48919121607133
2026-08-14 22:10:00,M-103,62.55175353951924,5.333457704512439,2.2576796058077946,48.20210736122127
2026-08-14 22:20:00,M-104,82.0763755523032,5.440162861602787,1.6559138984995478,41.84090716702936
2026-08-14 22:30:00,M-103,78.45322230461274,5.871828680239223,1.646293288894492,42.397615575748354
2026-08-14 22:40:00,M-101,70.01402341927006,5.024038899910491,1.9109689540407033,58.71120438654365
2026-08-14 22:50:00,M-101,66.48865129772072,5.865766792837393,2.257892993436813,58.049739726598574
2026-08-14 23:00:00,M-103,73.73780806901776,4.903439278003148,2.0518200948617853,48.8578860986554
2026-08-14 23:10:00,M-101,72.43348849707198,5.797890885195089,1.7748973564570707,44.39056176143771
2026-08-14 23:20:00,M-102,73.77834474281615,5.5678602070142675,2.0915315088540405,57.58036395888958
2026-08-14 23:30:00,M-104,72.95788698097044,4.7889436391655,1.884216318167205,43.13847787030633
2026-08-14 23:40:00,M-102,74.53120494652963,5.33816765676332,2.308170261078446,49.601944456671355
2026-08-14 23:50:00,M-104,79.23652849695904,5.176943874010514,2.1165704522734665,57.46370113778921
2026-08-15 00:00:00,M-101,74.84051602564323,5.481513067153751,1.8896526343917497,42.14563050234761
2026-08-15 00:10:00,M-102,66.75172250545029,5.0995277852050105,2.0810315702162616,53.804565099459786
2026-08-15 00:20:00,M-101,78.81281426356226,5.061739198452221,2.4602668208334704,51.643925570907086
2026-08-15 00:30:00,M-104,80.20307281744144,5.816092562243283,1.800629473208768,47.72338420437907
2026-08-15 00:40:00,M-103,87.76028367256042,5.1555755974949475,2.140929943576506,41.04596480606819
2026-08-15 00:50:00,M-103,66.38252983380201,5.571890045886295,1.9753388808369015,42.92892167927707
2026-08-15 01:00:00,M-102,73.21441006575138,5.09859183173011,2.149444289351735,50.02615750995461
2026-08-15 01:10:00,M-101,61.589506484055065,5.949998466652386,1.7709022704414943,38.036642435830295
2026-08-15 01:20:00,M-101,74.76574578189604,4.894749416799028,2.0386174016057814,48.91520701312775
2026-08-15 01:30:00,M-102,69.25899850916613,4.923635410938767,2.38773814884588,51.787356888431646
2026-08-15 01:40:00,M-103,81.61722897412477,5.886032731502157,1.6720475565638624,54.8965412096637
2026-08-15 01:50:00,M-104,68.1269251499071,4.9997741240971365,1.5347082138362214,38.21150047877844
2026-08-15 02:00:00,M-102,63.554084810163694,5.920483437773977,1.5479905524295625,57.213731080128916
2026-08-15 02:10:00,M-104,69.6436812964874,5.601328260817666,1.590268114429934,59.86754445925955
2026-08-15 02:20:00,M-103,62.12256114391431,5.130407632047625,2.2083631507624326,50.87106097399516
2026-08-15 02:30:00,M-101,75.75549727253654,4.3840179375922785,1.507949109947087,40.73365993002738
2026-08-15 02:40:00,M-103,61.6745847687184,5.191306763077674,1.8957366293397642,45.70323498147831
2026-08-15 02:50:00,M-102,72.1422879059158,5.245733524090041,2.216401256158748,47.66681928417045
2026-08-15 03:00:00,M-101,61.610940900719015,5.7252479799869676,2.145830671192008,49.893244561113896
2026-08-15 03:10:00,M-102,70.39851097731679,5.9148012293080505,1.8650543570131302,48.153870868505216
2026-08-15 03:20:00,M-102,80.21689077902266,4.8917557693853135,2.066823306114287,49.96815600026232
2026-08-15 03:30:00,M-103,73.80323945717898,5.5605317937946825,2.037500865408149,47.36477269862614
2026-08-15 03:40:00,M-102,67.68253197517532,5.544430970206007,1.9215156655581347,49.855749661585705
2026-08-15 03:50:00,M-103,71.84398255530458,5.6830357160847,1.9262078484708969,44.7763360518708
2026-08-15 04:00:00,M-101,72.09008436022224,5.4244104604609955,2.7823996021649364,45.63269298112272
2026-08-15 04:10:00,M-103,74.36315172921702,4.325876039067204,2.2832588163759553,43.967823806663326
2026-08-15 04:20:00,M-101,65.16570818359587,5.130059905362509,2.86822782112925,61.4208167415285
2026-08-15 04:30:00,M-103,74.96283636923665,4.679931591287389,1.8260629034778246,58.24730550322026
2026-08-15 04:40:00,M-104,58.478041841986126,5.108827402186867,1.9702616910891484,51.88705933009531
2026-08-15 04:50:00,M-104,68.85057723818095,5.641001906260253,1.5337559821531734,57.27716298087417
2026-08-15 05:00:00,M-102,69.55863078774227,5.337317876143738,1.7166516192686498,53.589229372845175
2026-08-15 05:10:00,M-103,75.16663413035619,5.716640889878845,2.6656696020318753,49.268898116598386
2026-08-15 05:20:00,M-103,72.11315426338435,5.353789264321093,1.8172879985553854,37.461000612862215
2026-08-15 05:30:00,M-101,64.97218473071857,4.615753327148994,2.671748455050561,46.16485255912402
2026-08-15 05:40:00,M-102,67.07503437091492,4.06561884704227,1.5648232087620384,45.65473475587154
2026-08-15 05:50:00,M-103,72.99340004773704,5.266963942755816,1.6312858380743531,40.0684737883549
2026-08-15 06:00:00,M-102,71.60466329067722,5.103733090141976,1.8805690726418027,37.596864077753686
2026-08-15 06:10:00,M-104,69.10437945182127,4.760374417278153,1.9776875274122878,51.44903542596918
2026-08-15 06:20:00,M-103,69.5958310524401,4.4347177376568805,2.3230805523575455,50.27153025659569
2026-08-15 06:30:00,M-103,75.48083998579645,4.869365553937281,2.157769646015193,39.82822113952672
2026-08-15 06:40:00,M-102,69.41153713565393,5.112478831810851,1.8542896599295904,42.77885045494668
2026-08-15 06:50:00,M-103,71.55954377985464,5.4996450206678755,1.9533394677186628,56.12855591207914
2026-08-15 07:00:00,M-102,82.84968294040272,5.284883986705591,1.888327978075355,41.85612440538408
2026-08-15 07:10:00,M-103,64.88158681558039,5.9236302612277285,1.6798711926359946,49.195592327536616
2026-08-15 07:20:00,M-101,62.74078634212671,4.733978174779573,1.6892129721894324,46.67155190302413
2026-08-15 07:30:00,M-102,75.91794832399303,5.596476501425845,2.3597593620016935,51.54454429743444
2026-08-15 07:40:00,M-103,68.60678469352948,5.221284434407928,1.360142275225501,42.00724643140499
2026-08-15 07:50:00,M-104,70.4088123612869,5.5126011058533635,2.566075544105769,48.63058434278075
2026-08-15 08:00:00,M-103,68.09421810934442,5.003568311530506,1.8799520210392189,49.18105804142114
2026-08-15 08:10:00,M-104,70.70099929616244,5.682256168250766,1.729621987762744,49.61126564360454
2026-08-15 08:20:00,M-104,79.9926905604817,5.332851141255359,2.2589157517440444,48.55351700573829
2026-08-15 08:30:00,M-101,76.0106422930906,4.894249756787013,2.519825804451491,50.41226524415877
2026-08-15 08:40:00,M-102,76.31111755943489,5.194589186989066,2.391171354561385,63.34239232435567
2026-08-15 08:50:00,M-103,64.91886472103677,5.092199863478306,2.175648217275962,65.92908443739773
2026-08-15 09:00:00,M-101,66.24423131723566,5.420130257787007,2.3804022214026426,43.525487014492946
2026-08-15 09:10:00,M-103,57.80460670257287,4.669100462781471,1.3992258479996469,31.772299137532507
2026-08-15 09:20:00,M-104,67.95309589458623,5.1867917340479375,1.8173593104791481,52.168467105053814
2026-08-15 09:30:00,M-102,76.78351593192829,5.377888263692199,1.6810904789913044,49.30376721930887
2026-08-15 09:40:00,M-103,74.58473257874185,5.214860488236865,2.428623555925311,55.42729301428506
2026-08-15 09:50:00,M-103,70.89243368523938,5.806123559975048,1.8657826933766397,49.99420129800722
2026-08-15 10:00:00,M-104,71.88849858140973,5.5483102483319735,2.2958922948737195,48.410227576680036
2026-08-15 10:10:00,M-103,68.55557228712297,5.196633641466664,2.1875499298710235,55.90234617114056
2026-08-15 10:20:00,M-103,73.02379441200893,5.297510093873953,1.6981925723427116,56.88146411889689
2026-08-15 10:30:00,M-104,75.82939139740307,5.3330494981669,1.7945646265083004,38.29407958853301
2026-08-15 10:40:00,M-101,63.920566062947636,5.381484821875071,2.452836191785154,42.28375669002291
2026-08-15 10:50:00,M-104,73.49823843918674,4.378453901950927,1.7285810729604554,47.26084928497925
2026-08-15 11:00:00,M-101,76.66217435477334,5.064313166903794,2.043703663568418,48.68906336747209
2026-08-15 11:10:00,M-102,69.92449855518315,4.532002419312958,1.7261105497857443,46.41811757653426
2026-08-15 11:20:00,M-101,75.50350306060292,5.775226426356769,1.8901167345794487,51.0394502450332
2026-08-15 11:30:00,M-101,86.07327222236276,5.172617715998682,1.9838433196105099,54.9727335252197
2026-08-15 11:40:00,M-102,71.47828603506554,5.11299657264417,1.725996721395878,60.05896797504509
2026-08-15 11:50:00,M-101,73.96653525002662,5.603558799414956,1.6638435661056414,52.052391166410295
2026-08-15 12:00:00,M-104,68.30971458169304,5.390046158852444,2.100195667872105,42.03366425082823
2026-08-15 12:10:00,M-101,72.90625581301025,4.692114468529357,1.7043419069230883,46.96836642361527
2026-08-15 12:20:00,M-102,74.30135812491152,5.168092586862684,1.7162698555054647,47.472534311183104
2026-08-15 12:30:00,M-104,72.9742117013507,5.049174862048127,1.6713313997043102,51.60248167986811
2026-08-15 12:40:00,M-102,66.90152340145572,4.414960200127275,1.9727321837840386,50.717176234037595
2026-08-15 12:50:00,M-102,73.03180885662725,4.889375695043258,2.3302955720399443,62.35277655778057
2026-08-15 13:00:00,M-103,79.31097969358818,5.11740685509259,2.527285022709293,44.76940805321564
2026-08-15 13:10:00,M-103,74.24317882257263,5.148272080828671,1.7459286699021774,50.69325373636762
2026-08-15 13:20:00,M-102,76.8099359453592,4.5329958593452115,2.752608777665924,64.48297978420865
2026-08-15 13:30:00,M-102,70.81494014993686,5.718249512371364,1.6483532987526215,43.90355172167479
2026-08-15 13:40:00,M-102,75.74950119711855,5.154053623498853,2.3792419831647544,49.01604087319249
2026-08-15 13:50:00,M-103,73.39633919108263,5.216898884497254,1.7474062410945952,41.385836492131894
2026-08-15 14:00:00,M-103,67.24544635156384,5.3802887372529264,1.6951768555454965,48.57460829739202
2026-08-15 14:10:00,M-101,73.59260502399437,4.8453656857433485,1.739335345125464,42.53847996303651
2026-08-15 14:20:00,M-101,67.04151668279845,5.4053601879097135,1.9816433051228084,55.32760632443942
2026-08-15 14:30:00,M-102,68.83559862557604,5.0348164092918175,2.2029902598617634,49.031232013219764
2026-08-15 14:40:00,M-104,72.94664153646187,4.7965365067087635,2.2344538132666876,41.45221918012395
2026-08-15 14:50:00,M-104,73.48622136690062,5.45805137200993,1.6696052446282392,53.8839738845417
2026-08-15 15:00:00,M-103,66.05383767461436,5.871253236460814,1.653619249371056,49.257662272101115
2026-08-15 15:10:00,M-103,77.26992885591439,5.5261732180686245,1.6791764573227586,54.669731440564185
2026-08-15 15:20:00,M-103,74.86003139150236,5.615339904313194,1.9610259591650712,39.96636160436576
2026-08-15 15:30:00,M-102,68.47635782194558,4.965716227046966,1.9264455385331938,50.58177088574063
2026-08-15 15:40:00,M-104,64.31207601775412,4.481071121874194,1.6674385882755718,53.41339186251296
2026-08-15 15:50:00,M-101,71.27547710459284,5.870561884944928,2.0943612929221356,45.03635756834984
2026-08-15 16:00:00,M-102,69.7702814306942,6.124531700232142,2.7918990829173613,39.186980911222946
2026-08-15 16:10:00,M-101,72.56570228526512,5.894263048196357,1.8233495883576971,47.708747532407244
2026-08-15 16:20:00,M-101,70.18441669422216,5.048896327459113,1.8482708625787634,56.5968070564665
2026-08-15 16:30:00,M-102,61.962715696274955,4.6804145475720205,2.195881549613529,55.881512314438396
2026-08-15 16:40:00,M-101,70.05826530849421,4.720442785981195,1.8044142978921218,45.00100095671096
2026-08-15 16:50:00,M-104,70.47190444465843,4.4423203445736785,2.234137568601364,39.0184019453649
2026-08-15 17:00:00,M-101,75.1683051238703,5.15167962171548,1.7485100526273358,44.98174195755299
2026-08-15 17:10:00,M-104,68.50900162694475,5.922555081137105,2.6412418626520555,44.72065644487661
2026-08-15 17:20:00,M-104,80.39337336686283,5.136251815657491,2.120671240407303,51.12512748313344
2026-08-15 17:30:00,M-104,62.44179724674122,5.336045305156724,1.782991967823151,47.26498947967115
2026-08-15 17:40:00,M-103,78.55583748901313,5.819018633936894,1.7939579051857542,42.72715051784001
2026-08-15 17:50:00,M-101,70.87840514560948,5.01815710967542,1.8201700865521877,55.729841470824674
2026-08-15 18:00:00,M-102,76.29792436171778,6.115989155523818,2.4804623831871058,48.98298107211384
2026-08-15 18:10:00,M-102,72.39900742029367,6.096442483373854,1.555937147339551,51.047909569116584
2026-08-15 18:20:00,M-101,77.69777768012734,5.140999897593783,1.7662204153391734,35.925101961081126
2026-08-15 18:30:00,M-103,70.06319017723594,4.940109581191354,1.8034188050761009,31.030145905119
2026-08-15 18:40:00,M-103,66.50689787411093,5.513757120875641,1.9945092116350718,37.93717952988914
2026-08-15 18:50:00,M-104,79.10252143635532,5.043613775866514,1.9051116075736219,44.63619602075257
2026-08-15 19:00:00,M-101,71.4325967705893,4.679550152319699,1.478070259013338,52.03449212329666
2026-08-15 19:10:00,M-101,73.10779236812105,5.776557394085342,1.8600620607415863,31.604271907148913
2026-08-15 19:20:00,M-102,78.17375957022398,5.747401324274686,1.965157260885261,59.14996445060391
2026-08-15 19:30:00,M-101,66.84022378952783,5.2699802216936025,1.780165757722076,49.19396218739088
2026-08-15 19:40:00,M-103,74.97745448819629,4.63171086082232,2.2403714211666825,57.52206495064937
2026-08-15 19:50:00,M-101,69.05052621768554,4.6467131869521765,2.3217929500637764,41.7982094226811
2026-08-15 20:00:00,M-102,71.33915322177815,5.248253179788619,1.9725646550947125,51.52701953920744
2026-08-15 20:10:00,M-104,72.36139482692144,4.9750580344727355,2.0806895553977554,48.59637150979551
2026-08-15 20:20:00,M-102,64.49889069276531,5.046508180536277,1.2436304009277552,53.72380419138188
2026-08-15 20:30:00,M-102,68.10581478589782,5.659883419777001,1.8526140297433589,46.36346042680198
2026-08-15 20:40:00,M-104,78.7553644620657,5.529930692840151,2.3516875921152693,51.31250646305312
2026-08-15 20:50:00,M-102,76.43095594292397,5.820164206223926,1.8517971958872528,55.7153672313984
2026-08-15 21:00:00,M-102,71.68680211336383,4.754219549480235,1.7419584132628136,43.44176594275757
2026-08-15 21:10:00,M-101,73.21561729256446,5.04556379409098,2.797191124110826,49.69570962742755
2026-08-15 21:20:00,M-101,70.52878747181771,5.541541762957051,2.636677016568532,34.78496433944356
2026-08-15 21:30:00,M-104,78.78291692913992,5.401635253455802,2.163651219368755,52.9175211334435
2026-08-15 21:40:00,M-101,70.99823711102918,5.88957117216443,2.3986187140180166,61.68263780423743
2026-08-15 21:50:00,M-101,73.15921046067425,5.389241517656831,1.2209226037146728,39.28894766575913
2026-08-15 22:00:00,M-102,77.73015072071033,6.031649096847499,1.7243569957799527,47.3603311770044
2026-08-15 22:10:00,M-103,68.11314257577047,5.443008010775413,1.835514744389397,54.1633691063988
2026-08-15 22:20:00,M-101,79.79394592248447,5.677975351414897,1.9174069653965689,48.21992231426585
2026-08-15 22:30:00,M-103,64.34769295128312,5.054418273946994,1.8285195926591131,49.15569686045258
2026-08-15 22:40:00,M-101,80.14821065556399,5.206429245347795,1.1074907979692787,45.26300390933453
2026-08-15 22:50:00,M-101,70.13662208024013,5.609924981727764,2.135108616547996,45.002934228384596
2026-08-15 23:00:00,M-104,70.7865062608736,5.925840176766875,2.1902789448982123,47.393140924902355
2026-08-15 23:10:00,M-104,62.54994914408529,5.528156627189839,2.5606645770564933,48.29169995497549
2026-08-15 23:20:00,M-104,69.72602641311154,5.162572702629421,1.7240917573287629,39.729911168958836
2026-08-15 23:30:00,M-103,66.80096734486558,5.819800763287754,1.6954428947770341,47.5378460983778
2026-08-15 23:40:00,M-102,68.96176827313263,4.213609604674054,1.062005429912436,58.979737570965284
2026-08-15 23:50:00,M-101,71.3134451710556,4.559994474321907,1.8972516071931897,45.06606344487767
2026-08-16 00:00:00,M-101,76.78895807236452,5.506735400650776,2.31538912337176,39.33921511987761
2026-08-16 00:10:00,M-101,73.03801675700313,5.206348760313906,1.7858812482325481,46.94008752409501
2026-08-16 00:20:00,M-103,73.53838326700557,5.472481143005875,2.750205686490277,42.99771031512992
2026-08-16 00:30:00,M-104,66.52240305577219,5.228983385094374,1.9101918074736668,38.631607222746425
2026-08-16 00:40:00,M-102,67.59622955198635,5.456925562571743,2.0514472995009942,48.97417923212834
2026-08-16 00:50:00,M-103,80.99362509175656,4.833518730553064,1.5229139217964422,43.02802573994246
2026-08-16 01:00:00,M-104,68.32399482618376,5.456718738735861,2.1005271208113476,43.62700083202708
2026-08-16 01:10:00,M-103,80.28104126028649,5.647486537693413,1.3072380718015566,49.07399166269772
2026-08-16 01:20:00,M-102,70.78469400559567,5.749247771769054,2.2427942842546007,37.26777783246366
2026-08-16 01:30:00,M-104,72.01143968071752,6.106099432591915,2.2535498616823944,35.80901244824213
2026-08-16 01:40:00,M-103,77.35182580114964,5.309844299576074,2.4757519985177785,52.69610536151352
2026-08-16 01:50:00,M-102,78.35946210969328,5.32325998908123,1.643010948431309,34.48416479493142
2026-08-16 02:00:00,M-101,71.44593719860457,4.514572391121769,2.0561967414040967,41.16325613284852
2026-08-16 02:10:00,M-102,70.05878473239231,4.960864869487709,2.1973357957852766,35.40112325228094
2026-08-16 02:20:00,M-101,71.72039775738894,5.113113066697024,2.1547985734156083,44.59704473205817
2026-08-16 02:30:00,M-103,73.68978764116059,5.67264379852436,1.697145253702802,50.996411233558156
2026-08-16 02:40:00,M-104,76.45651843434878,4.925049494159667,1.162806338655351,48.786365641126636
2026-08-16 02:50:00,M-104,72.02114929497075,5.558353008886975,2.1214361039095686,64.74311372620099
2026-08-16 03:00:00,M-103,75.09443149011577,5.199270227366479,1.9466251125915282,55.608409324523
2026-08-16 03:10:00,M-104,80.19179866135471,5.1202743481983575,1.801665292463496,41.481895048903795
2026-08-16 03:20:00,M-104,73.90654806132392,5.312002286109966,2.267380877300413,39.62061496621513
2026-08-16 03:30:00,M-101,73.55826428002389,5.023979632486221,1.9842781616459484,66.9468155868285
2026-08-16 03:40:00,M-103,64.40544587454966,5.0069332383583,1.5382817315312702,55.438004040133535
2026-08-16 03:50:00,M-102,58.84634931585468,4.432846342394448,1.3239916988163225,52.125587250887
2026-08-16 04:00:00,M-101,73.94187864615084,5.08842060670245,1.604862857203392,48.523962685509325
2026-08-16 04:10:00,M-103,71.52587884359563,4.984014334233073,2.837554303168375,49.91465097232512
2026-08-16 04:20:00,M-101,69.4260866254263,4.9678085547929145,2.2529718708764706,37.62548707162301
2026-08-16 04:30:00,M-102,73.21765102093173,5.387592878165519,2.066014319691254,49.099274191377376
2026-08-16 04:40:00,M-102,71.69798135401545,5.49638437875573,1.9364186754849684,48.498619782213105
2026-08-16 04:50:00,M-103,77.6389012531695,5.304487527089048,1.9134124710183975,41.67102809828964
2026-08-16 05:00:00,M-102,72.4305543412949,5.6479368357022635,2.4085185941756833,44.23031482502065
2026-08-16 05:10:00,M-101,68.26538357464916,5.459002866623664,1.828291490333799,58.60623475410489
2026-08-16 05:20:00,M-102,76.95083119479645,5.067224714587462,2.2019221437395022,47.123775557935964
2026-08-16 05:30:00,M-101,70.91434462526898,4.99171467142853,1.878050217397942,62.49819911773177
2026-08-16 05:40:00,M-101,74.63268341836154,5.340770006545081,2.679054821142272,35.81524394458832
2026-08-16 05:50:00,M-102,69.612946469036,5.458195199455855,2.2598009776524064,44.345088696419765
2026-08-16 06:00:00,M-103,68.75086557251282,5.829029938164174,2.435944885139269,37.16905014127157
2026-08-16 06:10:00,M-104,72.42084115092848,5.736027870223043,1.7954565788591164,39.53404282275716
2026-08-16 06:20:00,M-102,72.06414321771842,4.956337147071774,2.370347639398598,42.20256006038492
2026-08-16 06:30:00,M-101,74.39913517683416,5.154097173942732,1.8905979011118583,50.207167387394136
2026-08-16 06:40:00,M-101,70.65677123345128,5.501958012212997,2.0385121883764974,49.86778319756271
2026-08-16 06:50:00,M-102,62.81820108114801,5.680599000126538,2.5722666847168103,43.24496776260676
2026-08-16 07:00:00,M-103,69.83613058205806,5.6225362609171565,1.6350287301352533,32.40540309864393
2026-08-16 07:10:00,M-103,75.96909233571908,5.171254975225894,2.07113670595689,58.343850111225066
2026-08-16 07:20:00,M-101,70.51311960378447,4.635689806407168,2.1533018404815545,45.99964698774551
2026-08-16 07:30:00,M-101,70.76808298742726,4.750478630689484,2.1820015332802836,40.185968807892024
2026-08-16 07:40:00,M-103,76.93188252952969,5.322685081443737,1.8422254274172871,49.92451546749061
2026-08-16 07:50:00,M-104,68.44013386370538,5.3540015107409555,2.730192435282828,49.43111619366222
2026-08-16 08:00:00,M-102,64.2859839087855,4.705594281954527,1.546773840130909,45.741264745000244
2026-08-16 08:10:00,M-101,71.19684440237253,5.220056324900172,2.5106098860213644,49.03971710949053
2026-08-16 08:20:00,M-101,69.57913024375631,5.484050960637303,2.4252729619570736,39.91479111714387
2026-08-16 08:30:00,M-103,67.16876840123373,4.681948004121785,2.6653110763612897,53.319389902235386
2026-08-16 08:40:00,M-102,71.12310772050655,5.697248740811987,1.444120515452263,41.02193033670191
2026-08-16 08:50:00,M-103,74.45752823623391,5.030110983148079,1.6959089792386015,43.76101241287598
2026-08-16 09:00:00,M-102,71.95355719216091,5.765925900659493,2.5221800707065745,52.54161271306103
2026-08-16 09:10:00,M-102,73.53490536343119,4.959946399400845,1.3430362958793918,56.42771275507164
2026-08-16 09:20:00,M-102,81.06703849257711,4.73801853270212,1.4377393846358553,59.10042197632437
2026-08-16 09:30:00,M-101,70.28560569221219,4.993838354571226,1.829092274650978,55.390587669266004
2026-08-16 09:40:00,M-104,73.39174317322335,5.157183344615206,2.0671978260177934,45.73149471338753
2026-08-16 09:50:00,M-103,69.45393318700432,5.0251840419528335,2.557278775777071,37.21276851629676
2026-08-16 10:00:00,M-104,67.76820140056513,5.102799360292099,1.9351569297743747,57.83538909922025
2026-08-16 10:10:00,M-103,69.07546173291115,5.350284317354286,1.7871162981774114,57.59487192233483
2026-08-16 10:20:00,M-102,69.60620714239155,5.122969283591621,2.1089864781937493,43.29616692652553
2026-08-16 10:30:00,M-101,73.79737898773563,5.170249422721597,2.1643587691530404,54.44832326477192
2026-08-16 10:40:00,M-104,83.74537893350379,4.4308481203588315,2.154433937759595,45.67475544248483
2026-08-16 10:50:00,M-101,68.4197828186208,5.376264107204713,1.9377048272170292,58.5089381845821
2026-08-16 11:00:00,M-103,69.91687347192268,5.159858516038749,1.3157198601286475,44.395947363173526
2026-08-16 11:10:00,M-101,71.68438493444376,5.924631841217292,1.6788344038127838,61.850559012839526
2026-08-16 11:20:00,M-101,73.97899424354874,4.777195674735719,2.497094879843612,53.50284383318772
2026-08-16 11:30:00,M-104,73.31775405977392,4.386267102175219,2.06547412829181,60.58281391280191
2026-08-16 11:40:00,M-102,78.42047896974059,5.478130822268519,1.8871172583125302,44.75341911245084
2026-08-16 11:50:00,M-101,59.86803964732396,5.355937158240851,2.391358991930891,50.83520723110935
2026-08-16 12:00:00,M-102,60.06535064902164,4.746205140760985,1.6044591786708682,41.215045611589446
2026-08-16 12:10:00,M-103,69.52060913994926,4.511612970248159,1.9211281532004474,53.90792476483438
2026-08-16 12:20:00,M-101,77.48650093771855,5.891828528807931,2.048215441810913,54.29329072985987
2026-08-16 12:30:00,M-104,64.17175984197202,5.836349675773052,1.8455178738468798,64.77916742740831
2026-08-16 12:40:00,M-103,56.961838301531216,4.080644458582242,2.0352669880155596,51.37427858053754
2026-08-16 12:50:00,M-103,74.85589703109605,4.9937996368345745,1.9343071240023821,53.068659417542655
2026-08-16 13:00:00,M-104,73.21828611851357,5.948886424652755,1.5102299332749438,44.704187364473526
2026-08-16 13:10:00,M-101,66.54895796600285,4.98577184899996,2.0635172586576696,51.78965560844667
2026-08-16 13:20:00,M-101,67.07230199639535,4.979224494688006,1.5350768729704964,45.340761539186914
2026-08-16 13:30:00,M-103,67.15128140182662,5.072758302566784,2.0579652937838526,48.811025311894
2026-08-16 13:40:00,M-101,72.5526765873697,4.695596361804329,2.480947538452538,49.221609630820566
2026-08-16 13:50:00,M-102,68.86842361908496,4.43285091509738,1.901641880953381,45.53386588655581
2026-08-16 14:00:00,M-104,74.4703195948776,5.6736462898306375,1.589980904510155,48.44061567579396
2026-08-16 14:10:00,M-102,57.72686668547804,4.370678392188546,1.955554265378257,45.37293381200605
2026-08-16 14:20:00,M-101,67.715740674361,5.31127215344894,1.708810112172514,45.341882124763124
2026-08-16 14:30:00,M-103,66.36973019544475,5.598960771740942,2.2080781509210143,55.536652560515904
2026-08-16 14:40:00,M-104,70.71829660813754,4.546948165494479,1.9482039383670013,49.22789549278488
2026-08-16 14:50:00,M-101,69.30976120754931,4.784079218832218,2.598417138082601,50.42946390540194
2026-08-16 15:00:00,M-101,75.98921889947883,5.745930634776216,2.4070463584870683,37.79886661710125
2026-08-16 15:10:00,M-103,62.703316141699716,5.439801274102168,1.9464218234315092,50.96420832281273
2026-08-16 15:20:00,M-103,72.22745738165376,4.922221431904501,2.250463173790582,51.71296424782666
2026-08-16 15:30:00,M-102,74.79168211605852,5.741012051512527,1.862367256793004,45.21162964117873
2026-08-16 15:40:00,M-104,81.28323718280977,5.742941075554437,2.011884909807809,62.595207733824836
2026-08-16 15:50:00,M-104,69.59117014453263,5.321073711857069,1.8734980312773908,31.975409150711542
2026-08-16 16:00:00,M-103,73.62229302176259,4.794927897456851,2.268259585947398,53.49056995039383
2026-08-16 16:10:00,M-102,62.98068603718818,5.013948083437692,2.501545896848352,52.98963363468403
2026-08-16 16:20:00,M-104,60.04021897843488,5.3288740347799255,2.2795268725169002,51.79108052399588
2026-08-16 16:30:00,M-103,76.2238718789085,5.11513232688363,2.3226778104498744,49.23348893947036
2026-08-16 16:40:00,M-101,71.97219853175964,5.622530730205684,2.323061703032505,51.85475525837526
2026-08-16 16:50:00,M-104,77.89256344899212,4.511601663950799,2.1929395728171484,54.077228356891254
2026-08-16 17:00:00,M-102,65.13298555515125,4.527581411920193,1.6012498442764063,42.91878691317604
2026-08-16 17:10:00,M-102,74.59951069764377,5.281392000167095,2.595340031795775,50.094369355260625
2026-08-16 17:20:00,M-102,81.34408920271926,4.978805013786893,2.6315437893444487,46.71678210583687
2026-08-16 17:30:00,M-101,74.09852804178632,4.917828123386017,1.918142138840321,40.34362119842144
2026-08-16 17:40:00,M-104,73.38290752795524,4.404374476371522,1.8702557296743363,53.02018982229303
2026-08-16 17:50:00,M-104,72.04278040412174,5.208795630159182,2.2143440785203814,44.049477027211765
2026-08-16 18:00:00,M-101,64.14559271437044,5.176260201399655,2.192784492314227,37.51498927654373
2026-08-16 18:10:00,M-104,78.77786467855174,5.4940655418782836,1.9293188759364435,44.22622537508846
2026-08-16 18:20:00,M-101,68.94571180097466,5.231007759904438,1.5624910205443385,42.40770771334809
2026-08-16 18:30:00,M-101,74.52241628191508,5.140328164791777,2.106995416762422,55.19935306433077
2026-08-16 18:40:00,M-101,64.18482846714373,5.729650286555652,2.193002788361441,49.07235198390654
2026-08-16 18:50:00,M-102,66.1027016774611,4.609389713448152,2.254037401813579,57.67667921982958
2026-08-16 19:00:00,M-104,79.17543699611117,5.441375148481409,2.1222524703239727,43.33410638136868
2026-08-16 19:10:00,M-101,70.26348855521078,4.4479837758420935,1.9051096980733317,54.119189103275495
2026-08-16 19:20:00,M-104,79.26637738021272,4.822737153999637,2.3479007138271974,67.87736040365539
2026-08-16 19:30:00,M-102,71.60884670470742,4.654304290319509,2.0230469741480714,50.49222726988998
2026-08-16 19:40:00,M-101,62.790511135210714,5.551874140953363,1.8372769449723478,54.03154203626207
2026-08-16 19:50:00,M-103,76.4603379986586,5.170565394882073,1.9367713162839977,52.854623649577846
2026-08-16 20:00:00,M-102,69.05053841122196,5.19392353993316,1.3889108386337563,38.04547270801921
2026-08-16 20:10:00,M-103,75.49344406758522,4.701970155521748,1.9362153615375115,52.10072108227216
2026-08-16 20:20:00,M-104,72.12605433770041,5.0651379268302,2.240952781956134,50.145194244546985
2026-08-16 20:30:00,M-104,64.28440886028565,4.8564406135109,2.1189240577487305,46.18176831621184
2026-08-16 20:40:00,M-102,72.82147382685285,5.372554756684397,2.532232460543415,41.81174538056584
2026-08-16 20:50:00,M-104,82.981115710764,4.754008989100774,1.9079587800945035,52.85788268228926
2026-08-16 21:00:00,M-103,74.4649322925723,5.798407464342285,2.1705596070686606,41.193173822725655
2026-08-16 21:10:00,M-101,71.71241123497269,4.445988797669157,2.2774590617070203,62.93551923277328
2026-08-16 21:20:00,M-101,77.37671700978449,4.837066075394548,2.819999952900593,48.7991835844169
2026-08-16 21:30:00,M-101,73.05334232601555,5.954740229484743,2.0506679218911743,39.436850665494475
2026-08-16 21:40:00,M-102,73.04767115131398,5.0041875634170845,1.6345344873975918,44.402026051701625
2026-08-16 21:50:00,M-104,66.54187413920448,4.608304601018014,2.2967750636743487,46.05305963197128
2026-08-16 22:00:00,M-103,73.16924012894799,5.298582203141951,2.6530045745889597,64.88663657746692
2026-08-16 22:10:00,M-104,77.17721708208472,4.986073491003456,1.8871079514206826,41.80787737233352
2026-08-16 22:20:00,M-104,67.81968923949988,4.8238583849717624,2.2943785385122455,47.18647915724029
2026-08-16 22:30:00,M-104,79.12247910623474,4.706858135140577,2.430054819330122,44.23520141094484
2026-08-16 22:40:00,M-101,71.54146987927437,6.445768122531675,2.3559729403895537,51.49480939907165
2026-08-16 22:50:00,M-103,67.5611524423073,5.086801644917139,2.043945482865752,44.346816104064686
2026-08-16 23:00:00,M-103,76.98816038460123,4.333494687850205,1.755534184625399,40.026603337022024
2026-08-16 23:10:00,M-104,70.56602882130865,5.87216939155249,1.971552158195245,46.63293794142661
2026-08-16 23:20:00,M-101,75.79757443743054,5.474981907299757,2.160510158857171,45.9042430966743
2026-08-16 23:30:00,M-101,70.54120683870731,4.855090106041096,2.317877883432105,43.85428935663191
2026-08-16 23:40:00,M-103,71.70086928235048,4.780096410091236,2.116880766799664,44.22832748772018
2026-08-16 23:50:00,M-101,74.46780102167146,5.503062758271204,1.867032211710798,56.29287058516702
2026-08-17 00:00:00,M-101,73.45448528795004,5.088886752629746,2.194382879652419,45.76181850012747
2026-08-17 00:10:00,M-101,62.022341097741304,4.3333099816997045,2.301029773709987,40.061106362650975
2026-08-17 00:20:00,M-102,66.39378129952804,6.004257984072101,2.1328635197450683,44.76518825340101
2026-08-17 00:30:00,M-104,76.64704992395407,5.0047042920028195,1.7073345099115862,48.380349616257746
2026-08-17 00:40:00,M-103,71.33931705549226,5.873007281417092,1.9365078878489834,38.64611254414052
2026-08-17 00:50:00,M-103,69.3813434861429,5.775295731084572,2.3317372717443634,59.381845720044794
2026-08-17 01:00:00,M-102,65.20712992371263,4.749545704982734,1.5159437669394342,54.07305634254391
2026-08-17 01:10:00,M-104,66.60131839362076,5.664935438963417,1.2673876921630942,58.011209205331454
2026-08-17 01:20:00,M-103,61.89100680019026,4.906850852561344,2.527828997550407,50.744896878413776
2026-08-17 01:30:00,M-101,71.49359640649233,4.359984735938227,2.178995339257658,33.3441178490893
2026-08-17 01:40:00,M-103,69.00781209709477,5.008930825290036,2.2123555008820373,58.747336016469596
2026-08-17 01:50:00,M-101,67.16706054507343,5.378936875799326,1.6231140592305304,41.95502148203075
2026-08-17 02:00:00,M-102,71.65938287416023,4.991768508401648,2.258134822213288,42.52469279198531
2026-08-17 02:10:00,M-101,73.8198531542637,5.061828246583705,2.0963370406489275,49.09427600768811
2026-08-17 02:20:00,M-103,82.46598966104972,5.714604720217876,1.4454853477530611,57.64760892669105
2026-08-17 02:30:00,M-103,64.44058290218393,5.247922291130542,2.49849919499585,55.3730099376668
2026-08-17 02:40:00,M-103,77.79690521650261,4.820515759921771,2.055539163266555,54.34396784123214
2026-08-17 02:50:00,M-102,76.86550780507537,5.515913645650297,1.861370611872256,45.817210629878126
2026-08-17 03:00:00,M-102,68.1045363031165,5.28895400512941,1.8677035889051739,45.706747317355216
2026-08-17 03:10:00,M-104,73.01617977293016,4.06527783934208,1.2946723330986682,50.42160567586047
2026-08-17 03:20:00,M-103,69.71183375331192,5.392758811197152,2.207667809870977,47.08950411101527
2026-08-17 03:30:00,M-101,72.92844290209369,5.376322918472246,2.0916500225360037,54.22522535130547
2026-08-17 03:40:00,M-102,79.54565506702275,5.209054508311387,1.9320719536834168,53.810823651466585
2026-08-17 03:50:00,M-103,75.02803116315657,5.601265261481309,2.447469822608085,52.13938924820894
2026-08-17 04:00:00,M-103,74.54304186616721,4.897422887053074,1.515649343351454,30.31827102761435
2026-08-17 04:10:00,M-102,69.84845340022679,5.351424904969406,1.7911296332713347,48.89591854574085
2026-08-17 04:20:00,M-104,64.57971667537832,4.494868282974691,1.702497110833865,47.23802283487109
2026-08-17 04:30:00,M-102,70.95765894729796,5.383190672529475,1.9024217570799564,49.17617921231672
2026-08-17 04:40:00,M-102,78.03304077431957,6.078876862992954,2.023614508840028,42.71972753017515
2026-08-17 04:50:00,M-101,64.36416071705176,4.7523146413896065,2.150504733333974,38.72649862720542
2026-08-17 05:00:00,M-101,66.72455315911652,4.858089040605501,1.878559291413209,51.24196935982528
2026-08-17 05:10:00,M-104,72.63133868117033,4.880493050698802,1.6929254926957873,45.505890775875564
2026-08-17 05:20:00,M-103,67.07672607576369,5.258499201610718,2.5901024324196555,52.022850955953196
2026-08-17 05:30:00,M-102,68.03738276442394,4.721633677215827,2.844074067125999,43.303599356206604
2026-08-17 05:40:00,M-104,69.88200709135911,5.389561320410941,2.0501503351587087,57.91137448344874
2026-08-17 05:50:00,M-101,65.17191297904925,5.581077975461125,1.7351268715426964,55.00745389799535
2026-08-17 06:00:00,M-102,67.12939076891816,5.440456246054203,2.5164089458648027,50.077789759821165
2026-08-17 06:10:00,M-103,75.51713958393654,4.404213058462868,1.4936350127850373,46.50698110629837
2026-08-17 06:20:00,M-101,65.46315108884518,5.647825449321373,1.8828293363533104,53.96686214458738
2026-08-17 06:30:00,M-101,64.01063932752581,5.621815336414156,1.7563590320287945,50.74783470666184
2026-08-17 06:40:00,M-101,68.84987510233053,5.573572617555837,1.594162557342329,49.67008931551423
2026-08-17 06:50:00,M-104,75.65977751254923,5.367779011895122,1.9019915184773806,55.30005786691726
2026-08-17 07:00:00,M-103,71.01539096001555,5.29908519139231,1.6975397722891123,57.98575308084648
2026-08-17 07:10:00,M-102,69.67709460942191,5.6645752291568785,2.004429062452029,39.23312170860119
2026-08-17 07:20:00,M-104,72.22179398757804,6.065581069421555,2.009512008685362,40.647311248551354
2026-08-17 07:30:00,M-104,63.27146283570174,4.771131791485818,1.7825338967673072,42.53817492164841
2026-08-17 07:40:00,M-104,74.47352826887516,5.685156428107647,1.8703203251921456,37.48302781649514
2026-08-17 07:50:00,M-101,73.91717515701822,5.161202305896646,1.9192028612337013,47.56076032101594
2026-08-17 08:00:00,M-103,69.9534576295214,5.14164712658713,2.2834461213917994,52.200815186711544
2026-08-17 08:10:00,M-104,77.02962255898208,4.508561189328083,1.948049709627535,47.850071935333645
2026-08-17 08:20:00,M-102,66.3625195052348,5.0718447657180725,2.288645609275134,44.26114850870973
2026-08-17 08:30:00,M-103,77.63954496626785,4.751230768914214,2.2050345442441293,55.8852042999041
2026-08-17 08:40:00,M-102,72.77246832797626,4.991265506722325,2.20003574391526,48.98389482244725
2026-08-17 08:50:00,M-103,70.31723705060914,4.7058161272998325,2.485746089621091,50.40088077156423
2026-08-17 09:00:00,M-102,71.90063182315845,4.997991225709147,1.6082131920889315,56.07964363429832
2026-08-17 09:10:00,M-101,71.46367617094529,5.017250339339468,1.8343859127925102,47.137306428042066
2026-08-17 09:20:00,M-104,78.10141448208859,5.24353971329746,2.6171545801048492,62.421498508372764
2026-08-17 09:30:00,M-102,66.61660436264494,4.4733625619689015,1.9099392247937563,44.86529497289764
2026-08-17 09:40:00,M-103,68.187403804267,4.549516833514605,1.0147067085329526,61.9856374315903
2026-08-17 09:50:00,M-104,77.1815144603624,5.362861421828737,1.9289610798982402,41.176853726613054
2026-08-17 10:00:00,M-104,69.0223253240807,4.8411528473184555,2.0472288355571373,51.62239432016309
2026-08-17 10:10:00,M-103,76.50266538665795,5.6835384056034695,1.0840104088990763,43.50227481835634
2026-08-17 10:20:00,M-102,80.49717991504355,5.301371374906771,2.466877473960782,55.83696281886765
2026-08-17 10:30:00,M-101,69.99102486529183,5.473042967592884,1.7502006376470394,44.652371744991
2026-08-17 10:40:00,M-101,75.40681163287653,5.834811544189403,2.1149970903156303,50.0360983345086
2026-08-17 10:50:00,M-102,66.23153859330071,5.060630134687043,1.9209064591295781,43.44620602770901
2026-08-17 11:00:00,M-104,75.77366649033905,4.941480982562676,1.5490770032785854,54.5605762156663
2026-08-17 11:10:00,M-104,72.99711992993383,5.592266163519466,1.6253221528776032,43.40974117552602
2026-08-17 11:20:00,M-104,74.36519141080107,5.429281103768359,1.6727210072503587,59.78390391319868
2026-08-17 11:30:00,M-104,68.77213963982302,5.115701360580415,2.379985168214273,41.02802025127027
2026-08-17 11:40:00,M-102,63.69458292216414,5.826156085130174,1.9483616341649468,38.58060457170297
2026-08-17 11:50:00,M-104,74.51626032374753,5.104490060572031,1.8173470692068887,54.660864546553604
2026-08-17 12:00:00,M-103,61.682984237602724,5.214748136900102,1.6728868805934192,43.85849451815535
2026-08-17 12:10:00,M-104,70.41324753878733,5.209550192875416,2.4186525775341443,47.94933880585325
2026-08-17 12:20:00,M-101,76.70590933209985,4.779432747295688,2.5124704453832556,45.74431192314995
2026-08-17 12:30:00,M-104,72.95948867936518,5.234913425268876,2.414660364547338,38.81174212993117
2026-08-17 12:40:00,M-102,81.74171322394906,5.8285420798293215,2.1723530687039583,47.46104435103163
2026-08-17 12:50:00,M-101,77.12554576290887,5.400235741919279,2.1014405146547492,56.85441126480612
2026-08-17 13:00:00,M-102,68.73050805837212,5.213978541879519,1.5744217637084346,55.02195902313896
2026-08-17 13:10:00,M-102,72.13656689925719,5.127204723475449,1.9139633056511298,49.622549338381475
2026-08-17 13:20:00,M-101,71.76314648727782,5.348890162782858,1.7606489288287472,55.785878051245746
2026-08-17 13:30:00,M-102,64.08911618326937,5.537394982820134,1.3610707618553515,40.583369907140764
2026-08-17 13:40:00,M-102,67.29800541757824,5.474157473900389,2.369965196707878,45.721819697664955
2026-08-17 13:50:00,M-104,69.1961954651007,5.0506608121801095,1.7564595187627037,50.77063458511146
2026-08-17 14:00:00,M-103,61.81889748572031,5.346151717349552,2.4185796676023577,47.087096212280215
2026-08-17 14:10:00,M-102,72.23746734125821,5.415972883516726,2.3086112402660044,46.2722366866641
2026-08-17 14:20:00,M-102,70.7546407767348,4.74676225561286,2.1948512918216965,39.59549387375233
2026-08-17 14:30:00,M-102,63.63553049344213,5.275703743532663,2.2145094251171145,33.43061027950102
2026-08-17 14:40:00,M-104,74.02106432638666,4.227413251163937,1.7846401412742023,53.72506497464745
2026-08-17 14:50:00,M-103,75.5793637234548,5.417140169419533,2.6502475529517326,49.70255101276558
2026-08-17 15:00:00,M-101,73.13517239432444,5.497154374553207,2.015093900833567,54.31398864747065
2026-08-17 15:10:00,M-104,70.37965912395515,5.536395756603907,2.1056760897915465,44.939348404891376
2026-08-17 15:20:00,M-104,74.95721075875927,5.022228916523694,1.7728232832516764,43.01055480620684
2026-08-17 15:30:00,M-103,75.40110180238345,5.339071075760816,1.674092158728064,48.04583576645644
2026-08-17 15:40:00,M-103,73.53701784859844,5.840779230493525,2.167053603083298,53.97939754028972
2026-08-17 15:50:00,M-104,67.8769387478262,5.836196341731067,2.0761297235785747,46.37983449508642
2026-08-17 16:00:00,M-101,10.0,5.186872285348048,1.723726671934098,53.612496290299404
2026-08-17 16:10:00,M-104,77.9774032541274,5.262693833828302,1.4965506484286086,40.95584396084839
2026-08-17 16:20:00,M-103,69.01685470694134,5.699910015130495,1.5555269194353585,46.86987006781093
2026-08-17 16:30:00,M-101,82.48969669566216,4.524639093132022,2.4186468009818873,47.50920099145378
2026-08-17 16:40:00,M-103,69.37184533007307,5.054615915795339,1.785361164872475,56.58472960745344
2026-08-17 16:50:00,M-101,72.16203506670068,5.801006704991541,1.8813820090134583,49.45339178611136
2026-08-17 17:00:00,M-102,68.63757201996832,5.638840243758145,2.5076190905656714,60.222542628059365
2026-08-17 17:10:00,M-103,73.1163541796013,5.366168699942457,1.6072473034797548,38.56620640036762
2026-08-17 17:20:00,M-103,63.28889153682363,4.522375417601221,1.7455518109990302,48.90943233087896
2026-08-17 17:30:00,M-104,69.26979100591639,5.177540395131477,1.7309316100037575,49.25578627426312
2026-08-17 17:40:00,M-103,66.53939399825717,4.9345380716875304,2.566323968408114,52.34065238310807
2026-08-17 17:50:00,M-103,72.67669173946146,5.348967506267746,2.6976842252038447,42.30648044485776
2026-08-17 18:00:00,M-102,76.97223687754453,4.835793991842304,2.2630471288907597,59.79112437587585
2026-08-17 18:10:00,M-103,75.23003093557276,4.738424472261427,2.274184653453984,48.090747590302314
2026-08-17 18:20:00,M-102,60.14170319570554,4.270810625042362,1.7968757490015441,40.39052740945557
2026-08-17 18:30:00,M-102,82.2103482646394,5.7498121082395155,2.681564970416499,47.88782506710467
2026-08-17 18:40:00,M-102,73.47639970310435,5.020103269850624,2.0936936890255318,45.80786933983921
2026-08-17 18:50:00,M-102,68.11750429753499,5.270715602666141,2.298588592557409,67.4826459957313
2026-08-17 19:00:00,M-101,72.7856395949547,5.198992847586618,1.963066271430166,55.34960519667509
2026-08-17 19:10:00,M-104,72.88094911251346,4.719654730167775,1.9061885944353363,48.34762948995752
2026-08-17 19:20:00,M-101,68.66575641524219,4.633420789848313,2.582064790858641,47.216583203605566
2026-08-17 19:30:00,M-103,72.98958333671038,4.747608193301244,2.1889032879084076,54.65739803737026
2026-08-17 19:40:00,M-101,68.96263856189846,4.874574202526773,2.5079814113746335,54.9920351222975
2026-08-17 19:50:00,M-101,69.97819003654989,5.364972811156212,2.0893648601107655,27.619150564755458
2026-08-17 20:00:00,M-103,68.56860432122458,4.841927051415725,1.7030717122519183,52.500952083133335
2026-08-17 20:10:00,M-103,64.83664355130173,5.98592078421758,1.7958299734925292,48.195765807850385
2026-08-17 20:20:00,M-103,72.72918235107691,5.6622179661519185,2.0360378348626136,38.821993247491164
2026-08-17 20:30:00,M-101,74.92649718258168,5.563761797349569,1.7807249243848355,54.16149897736924
2026-08-17 20:40:00,M-101,74.57441798038187,5.146153493887082,1.6123885069803083,63.72331609490786
2026-08-17 20:50:00,M-103,76.09962626317618,5.881426331074218,2.4204959611254586,51.89757162779446
2026-08-17 21:00:00,M-104,73.62170105007434,5.101897465995495,1.8092954752117707,55.70299909579805
2026-08-17 21:10:00,M-104,69.33637250891549,5.18593236363059,2.0483674617269623,60.62883364375082
2026-08-17 21:20:00,M-102,76.19831932215594,5.276488542887171,2.1036467564599617,42.18816494495964
2026-08-17 21:30:00,M-103,65.21241230079032,5.515820368244505,1.794146406137801,34.99699988383158
2026-08-17 21:40:00,M-102,67.4966430874376,5.4866086355513435,2.507779813208059,52.59806244316651
2026-08-17 21:50:00,M-104,67.17899964288378,4.986193624699928,1.6090003835783855,46.266719244909844
2026-08-17 22:00:00,M-102,77.40028029569655,4.960152826258321,2.09156884225327,38.3807858333992
2026-08-17 22:10:00,M-103,76.71394257070038,5.487956330718438,2.0861411972318042,47.452810447049444
2026-08-17 22:20:00,M-103,74.43652618522498,5.521856462751055,1.9810108889975482,53.09283161653434
2026-08-17 22:30:00,M-103,77.35964932605899,5.022991993829708,1.546080585354806,46.95719834664948
2026-08-17 22:40:00,M-101,67.60358608794006,4.485765368644696,2.3047861431522123,42.49220658485474
2026-08-17 22:50:00,M-102,73.7429755993049,5.10670775679629,2.260228734617109,46.43545057792443
2026-08-17 23:00:00,M-104,71.37412785808418,5.4805866094716365,1.7635510149930744,47.863664742890585
2026-08-17 23:10:00,M-104,76.23441051942457,6.012437580888902,2.247620522521877,34.493624161617426
2026-08-17 23:20:00,M-104,71.42387883723902,4.660918916946702,2.1312176902052715,47.000575327805144
2026-08-17 23:30:00,M-101,70.0752855579496,5.008042936226242,1.5517857491236122,38.58961669498576
2026-08-17 23:40:00,M-101,74.70454259280496,5.024768397313581,1.701124879900025,52.613181664147675
2026-08-17 23:50:00,M-103,76.38084583595617,5.810112402744176,2.3983985057113526,37.07270197089255
2026-08-18 00:00:00,M-104,68.65827402576599,5.184276324793616,2.1082956647997175,55.088845431856555
2026-08-18 00:10:00,M-101,71.69462164323812,4.79170304828248,1.802493968966281,45.13584451550241
2026-08-18 00:20:00,M-103,66.70779683179174,5.4514128773148185,1.6995334380895752,44.19917005259592
2026-08-18 00:30:00,M-104,59.5096949125353,5.017912665981575,1.8196121706596027,50.06118218111381
2026-08-18 00:40:00,M-102,73.00229815706865,4.649025726988921,1.8444321645428035,41.93775888343626
2026-08-18 00:50:00,M-103,75.04452678127316,4.798252011725732,1.703912938579762,49.95122027891045
2026-08-18 01:00:00,M-101,73.31033404543362,5.980318879490179,1.3903825606658442,42.875238577181406
2026-08-18 01:10:00,M-101,62.25219141122817,5.372894149742258,2.3990046502402746,44.102858413726615
2026-08-18 01:20:00,M-103,70.24575284961763,5.248492024953644,2.339721785414005,50.83747918530395
2026-08-18 01:30:00,M-103,60.908261199744594,5.0875478188845795,1.5543605918675993,40.029934863859324
2026-08-18 01:40:00,M-101,78.84850553827093,5.3314669789534594,2.047708953447284,39.1496388876635
2026-08-18 01:50:00,M-102,66.56972708940957,5.326106175701122,1.6842166290498317,49.737578551872396
2026-08-18 02:00:00,M-104,78.27701804729948,5.331475972693297,1.9084514718707126,47.811701032574305
2026-08-18 02:10:00,M-102,76.72934821842072,5.251680290624989,1.8793316970442202,49.180849213665745
2026-08-18 02:20:00,M-103,67.49704823731969,5.590959252237497,1.8502580244987445,50.29347465704994
2026-08-18 02:30:00,M-102,66.33607524366127,5.210396955700329,2.7010314794267,48.40162887664887
2026-08-18 02:40:00,M-101,73.75185108193169,4.759927524001313,1.8458860103633334,52.25664836776948
2026-08-18 02:50:00,M-103,67.77837981408464,4.92440969909461,1.7171076612265763,48.682054008850606
2026-08-18 03:00:00,M-104,72.51242321079104,4.30944158792963,1.7330964996760332,33.94887270227288
2026-08-18 03:10:00,M-101,69.58586204596541,6.112067702219077,2.3653219347406145,35.76480783736701
2026-08-18 03:20:00,M-101,63.09420792767183,5.588239566378709,1.4217641839074728,61.49564426169458
2026-08-18 03:30:00,M-104,60.84765990437771,4.826468277191844,1.733081979247568,48.00050306941204
2026-08-18 03:40:00,M-104,73.13342124247299,5.073169817771305,2.506387994039037,54.65169156201968
2026-08-18 03:50:00,M-102,69.19221126834687,4.913405586607105,2.0853951657991763,45.58007266061047
2026-08-18 04:00:00,M-103,69.23455091542934,5.894146245118353,2.06717270176264,47.59389433924249
2026-08-18 04:10:00,M-104,75.47931919546893,4.561055276078082,2.7462512610502956,44.826447420104095
2026-08-18 04:20:00,M-104,77.86721138316223,5.2515142264684505,2.0862217835319745,65.26149132022955
2026-08-18 04:30:00,M-103,70.63727639319096,5.151162470845819,1.7521348435241462,49.772696956549
2026-08-18 04:40:00,M-104,70.29700646545069,5.572077383819102,1.9012730300932779,44.25599466145662
2026-08-18 04:50:00,M-104,74.50071516556942,5.153195847523888,1.602598691839301,36.43922200598867
2026-08-18 05:00:00,M-102,65.21532215150212,4.408806005505054,2.439577964005494,61.816134099150965
2026-08-18 05:10:00,M-101,73.11576527373849,5.086996974410901,2.2010966011378503,46.857051303401875
2026-08-18 05:20:00,M-101,74.75942985911077,4.762527001925504,2.393544952489811,53.20960383693118
2026-08-18 05:30:00,M-101,75.40115104208815,5.235810795950452,2.42454437499228,53.99198103214582
2026-08-18 05:40:00,M-101,62.31623648748767,5.845379666434147,1.8550262266753637,44.760186335987406
2026-08-18 05:50:00,M-104,68.1932236509553,4.417258640095475,1.6693365017968886,52.70716942770309
2026-08-18 06:00:00,M-103,67.60868373588266,4.839899769070043,1.981900411042184,43.77103199273868
2026-08-18 06:10:00,M-103,72.49943477204606,4.951288170797427,1.6945336252240115,41.06701546572409
2026-08-18 06:20:00,M-102,74.40372289883992,5.0282660070640555,2.0577349063931587,56.15125284758549
2026-08-18 06:30:00,M-102,79.48355203722991,5.53305654884736,2.396233908292141,46.89267434124461
2026-08-18 06:40:00,M-104,69.52517259815963,5.1219050120973755,1.9411511238827914,51.62958983521859
2026-08-18 06:50:00,M-103,69.51213750845393,5.3871112265742,2.0524982814677086,50.8764469571724
2026-08-18 07:00:00,M-103,77.74836009439373,4.9184021303207,1.9671540343218217,52.465523720387026
2026-08-18 07:10:00,M-101,73.48288469265152,5.303465955438072,2.2809546503531943,37.104241460588625
2026-08-18 07:20:00,M-104,78.33825755593986,5.550008933894972,1.7662761619990985,43.902966280785414
2026-08-18 07:30:00,M-104,73.44364001504918,4.870465202618311,1.2312438084249153,45.72867389752503
2026-08-18 07:40:00,M-101,66.21441690643364,5.551611153912932,2.1648041007813834,42.179649289689564
2026-08-18 07:50:00,M-104,65.33435822611096,5.223567745927406,2.3457420474577977,51.00304793611471
2026-08-18 08:00:00,M-104,64.24243875470536,5.670457108217014,2.1562309856654873,56.30825154317128
2026-08-18 08:10:00,M-102,75.31025917379236,5.109361044965362,1.7759193265861952,57.41629258742408
2026-08-18 08:20:00,M-103,77.94298411543504,5.371560094822945,1.6027457656348758,45.62556664353082
2026-08-18 08:30:00,M-104,81.24681070693191,5.181727195744662,2.1730741361231125,50.04376103720535
2026-08-18 08:40:00,M-102,76.2155266616162,5.156704482081739,2.049517633527136,51.11950453143069
2026-08-18 08:50:00,M-103,77.81419288767493,5.31651869270156,1.9559725803195847,52.3487926594247
2026-08-18 09:00:00,M-101,69.09991833673158,5.441563361151207,2.6378621700478266,41.853054488491495
2026-08-18 09:10:00,M-102,66.21792091628072,4.637695789634198,1.668619967036534,60.74406187785476
2026-08-18 09:20:00,M-102,76.25039666208777,5.845135123968046,2.621262957394613,54.485641290425114
2026-08-18 09:30:00,M-103,74.088403761197,4.363151631752591,2.011124366704724,54.668545405847084
2026-08-18 09:40:00,M-101,72.53722187170446,4.891834550617497,1.357550333095194,56.42422039830278
2026-08-18 09:50:00,M-102,73.93685740316495,5.157578918155795,1.9372790709883008,51.73895159586189
2026-08-18 10:00:00,M-104,73.61592741229103,5.385560186088677,2.3358236268098045,40.80880603864319
2026-08-18 10:10:00,M-104,78.41908429926781,5.909277637483621,1.8722307385182604,47.02719087911425
2026-08-18 10:20:00,M-104,78.47492792408478,4.363768830298702,1.4838275105665617,36.44262623456659
2026-08-18 10:30:00,M-101,74.72110176170173,4.9715376422246305,1.9424199138713405,50.905507567893586
2026-08-18 10:40:00,M-102,76.22901436281464,4.2429249304903305,1.699989669137903,46.81550439284117
2026-08-18 10:50:00,M-104,74.57031276212388,5.214229888259612,2.172135040380787,47.71634331531148
2026-08-18 11:00:00,M-101,69.6941513398269,5.322257613025014,2.270689935623664,56.42800791059956
2026-08-18 11:10:00,M-104,75.7828233745657,5.915858083977064,1.630305357288163,44.801041730104785
2026-08-18 11:20:00,M-103,65.02752465570369,5.2542856424020545,1.7529685807095228,46.23513788859547
2026-08-18 11:30:00,M-102,77.26945776147942,5.669811308249071,2.264824862787428,48.15381307174251
2026-08-18 11:40:00,M-102,66.02738530116983,5.4627266866925765,1.6994045025953644,35.12005425410457
2026-08-18 11:50:00,M-101,73.42901643397366,5.004138311347674,1.6212446524602018,46.13755440966598
2026-08-18 12:00:00,M-101,67.77423020786921,4.5659676639435824,1.587458103871311,30.599435613996718
2026-08-18 12:10:00,M-102,74.76694491537214,5.323751034231315,2.123213514535342,43.90134906672982
2026-08-18 12:20:00,M-104,71.83037387036046,4.528554092284587,2.1082052018311126,53.98632337374979
2026-08-18 12:30:00,M-104,64.02622020918334,5.78284318270134,1.7605838893673353,51.13086590775748
2026-08-18 12:40:00,M-103,74.1034981550924,5.127072054083429,2.001779888644882,43.836257826821466
2026-08-18 12:50:00,M-104,69.11039611583645,5.737829835180138,2.5344963344542957,48.28558752756668
2026-08-18 13:00:00,M-101,76.40573360406684,4.983903504640421,1.6590789450786225,40.47507303008716
2026-08-18 13:10:00,M-101,72.00662844367204,5.320982853880446,1.3168900868463427,47.98359617795336
2026-08-18 13:20:00,M-104,73.97710492694019,5.29420698580061,2.1592764515021297,68.51224199844756
2026-08-18 13:30:00,M-101,67.21215522492395,5.179730146895085,1.961359592634444,60.92060924260352
2026-08-18 13:40:00,M-102,69.05333884286318,5.005303218971534,1.7514912196147145,48.36835491012083
2026-08-18 13:50:00,M-102,69.70680681949457,5.376605208311735,2.228228083074218,49.12100915440762
2026-08-18 14:00:00,M-104,76.28351240121277,4.783226531432557,2.2937288006340766,41.143042797558145
2026-08-18 14:10:00,M-102,80.38688543902745,4.655754101968424,1.2271026930419677,42.38747624434265
2026-08-18 14:20:00,M-102,67.97414124128562,5.759272101997072,1.7715907317339792,50.53529025473286
2026-08-18 14:30:00,M-103,77.3842407232884,5.527225595001445,2.8111306809188994,44.32575204054461
2026-08-18 14:40:00,M-103,61.15161291137149,5.2296512238710084,2.2041917205293666,54.32904716396107
2026-08-18 14:50:00,M-102,66.02905299453855,5.949314072144702,2.2366362734040024,58.9877997668443
2026-08-18 15:00:00,M-104,67.20610771906613,5.07950551657382,2.4105129975210176,50.328345493467275
2026-08-18 15:10:00,M-103,65.23745655279639,5.795216448995041,2.005974088819904,48.71216044087949
2026-08-18 15:20:00,M-101,64.0820580510621,5.27900833821662,2.278839456032067,36.23454262562544
2026-08-18 15:30:00,M-101,74.06499456068899,4.738862162465624,2.2513217153430207,53.23327171690435
2026-08-18 15:40:00,M-101,70.92966151136069,6.0316180862968825,2.1886645238634657,39.994300889226594
2026-08-18 15:50:00,M-104,73.89702698802554,5.645819880980839,1.8872958102839084,45.07393609956606
2026-08-18 16:00:00,M-102,75.45236343060756,5.145540536045696,2.0602206228281905,54.717031246695946
2026-08-18 16:10:00,M-101,73.32808496586267,5.527227066790277,1.7940734524926276,55.20830715016322
2026-08-18 16:20:00,M-104,75.28881588075187,5.018333454700942,2.0044850065982733,44.73444730854918
2026-08-18 16:30:00,M-103,71.65233856878865,5.573117065776794,1.5910281877652566,45.137591255560096
2026-08-18 16:40:00,M-102,66.06503305847127,4.124014645622219,1.7232816030544666,43.104767887203295
2026-08-18 16:50:00,M-103,77.28907090410398,4.741089399837433,1.9011907853262746,39.61502378271862
2026-08-18 17:00:00,M-104,69.05443933609436,5.640666884929134,1.6697030989994734,43.55643162527031
2026-08-18 17:10:00,M-101,67.32201850618787,5.087655007801486,1.8232439552391884,36.70808986759718
2026-08-18 17:20:00,M-101,71.11041062097802,5.2933940326999345,1.9426259081355695,52.781438070557854
2026-08-18 17:30:00,M-104,67.43594540351744,4.593946452048055,2.1407918206325323,50.76166523613313
2026-08-18 17:40:00,M-101,69.91284809005283,6.031540148065947,2.3322400556485183,51.92370499409359
2026-08-18 17:50:00,M-102,73.72026960781733,5.735738339672954,1.8376754700176623,41.319171645974
2026-08-18 18:00:00,M-104,73.74170869623063,5.109691651731102,2.467286616044018,39.63450605539461
2026-08-18 18:10:00,M-103,67.51084966787185,5.017886864411503,2.3285138775189225,48.374599920194925
2026-08-18 18:20:00,M-104,69.56147313525628,5.663321962638862,2.1764328411803797,48.44871795465158
2026-08-18 18:30:00,M-102,77.37166502385122,6.092111702576018,2.0537771952538164,46.969111207409384
2026-08-18 18:40:00,M-102,74.4820005886697,5.629192115115109,2.1116922946539893,45.97361711568505
2026-08-18 18:50:00,M-104,82.37532519674271,6.177311200328472,2.4154679027332335,59.9754304438607
2026-08-18 19:00:00,M-104,77.90064086870764,4.784941901922137,2.4282528809157458,50.982175082550846
2026-08-18 19:10:00,M-101,77.72146534279969,4.831275926275544,2.4672313549342753,61.79474874026543
2026-08-18 19:20:00,M-102,65.060657247721,4.664976496875993,2.014464391156951,56.88275517802143
2026-08-18 19:30:00,M-104,75.81930175816711,5.398792292342266,2.1942385077495143,59.922896482121416
2026-08-18 19:40:00,M-104,71.73446599151545,5.279021597411967,2.470241277317718,40.47876063550799
2026-08-18 19:50:00,M-102,69.24509098230875,5.131621994437607,1.7816993877792626,52.15219693698621
2026-08-18 20:00:00,M-104,72.84007670266264,5.564166382655484,1.8885541011985938,44.97764157704639
2026-08-18 20:10:00,M-101,76.72605767305741,5.754547872346599,2.0056128320547173,36.35629302048327
2026-08-18 20:20:00,M-102,74.50415795502106,4.513451915820921,2.314859558292792,58.47202218688868
2026-08-18 20:30:00,M-101,67.6076309932897,4.931362587444498,2.320310252751518,45.944152320060596
2026-08-18 20:40:00,M-101,75.7122945679631,5.5690646173553775,1.9191975610807226,40.614288588133206
2026-08-18 20:50:00,M-101,68.81206228962019,4.989517592263638,1.4719866909671016,45.09805295725914
2026-08-18 21:00:00,M-101,73.08341559482143,4.840807265638831,2.0861643805035888,42.42643114058326
2026-08-18 21:10:00,M-102,70.48324966261433,5.6583418424426775,1.6785893519350596,43.14411422668333
2026-08-18 21:20:00,M-101,70.90566874132188,4.619724968624209,1.4785223283759221,46.44877626872145
2026-08-18 21:30:00,M-101,75.83121487520255,5.064289086494003,1.5576449537431993,60.1157063513132
2026-08-18 21:40:00,M-104,66.79903140092051,5.3478898116121645,2.1142333527459463,43.33577948418762
2026-08-18 21:50:00,M-102,81.72597537138466,4.941781038740447,2.4763630763264826,59.614894649534335
2026-08-18 22:00:00,M-102,62.89456965352752,5.5524200452059285,2.0136130806826853,53.94185757185665
2026-08-18 22:10:00,M-103,69.01166158372571,4.944005361161184,2.0739832291260876,50.7739009451026
2026-08-18 22:20:00,M-102,73.8510594497087,5.833878772050664,2.4140132286072737,53.236840225763125
2026-08-18 22:30:00,M-102,74.92157083217656,5.143414166126902,1.459440781820756,48.0955896468622
2026-08-18 22:40:00,M-103,71.49762139714147,5.502071561517409,2.182061747560095,57.00235072704398
2026-08-18 22:50:00,M-102,71.71304648499229,5.535710778842268,1.9959435754884125,51.96886184286971
2026-08-18 23:00:00,M-102,74.05275042663808,4.917606998765168,2.1981201105912236,36.34733810482141
2026-08-18 23:10:00,M-102,70.8446526127116,4.27593105310485,1.8307806320586644,50.07376352322976
2026-08-18 23:20:00,M-102,78.96590628967454,5.362340089598726,1.7137219483507313,53.48781200094831
2026-08-18 23:30:00,M-103,76.196745571158,5.232529756206191,2.049178116499962,45.97699146979148
2026-08-18 23:40:00,M-102,76.36412175502818,5.450121712408808,2.5772169631670616,48.88379110899753
2026-08-18 23:50:00,M-102,67.16921638314791,5.098062637427723,2.301318536589512,43.70999403727915
2026-08-19 00:00:00,M-103,71.60305787797148,5.006307535539678,1.822307530436968,38.35662040755508
2026-08-19 00:10:00,M-104,70.49767025639647,6.103812854941765,1.5306597874065522,37.14736190348132
2026-08-19 00:20:00,M-101,66.97199312155267,4.53744067232015,1.4112764507057751,37.24052409051795
2026-08-19 00:30:00,M-104,73.80082091972884,5.5302777152639075,2.4606348081476686,52.68331319729373
2026-08-19 00:40:00,M-103,69.31177121110092,4.9414291638174745,1.6657211991524603,30.5680280413657
2026-08-19 00:50:00,M-101,75.27701914925119,5.04889962201681,1.8860703054517722,43.33464051125563
2026-08-19 01:00:00,M-103,66.64904218552834,5.057303725341716,2.4624238941271517,42.640427003282355
2026-08-19 01:10:00,M-103,80.5952030642091,4.838454576622935,1.435134490582353,46.02488324808775
2026-08-19 01:20:00,M-102,67.5183367070397,5.457050894606308,2.5222925783162706,35.00497915044658
2026-08-19 01:30:00,M-101,73.09651168600217,5.825789618177481,1.9112258411376244,50.82721666318433
2026-08-19 01:40:00,M-102,75.95929655194034,5.411506147560998,1.5979958396664413,39.087870240880704
2026-08-19 01:50:00,M-101,69.14679784899944,5.246521898295443,1.9134271754978804,55.926838784964886
2026-08-19 02:00:00,M-103,76.26234321716476,4.756101775405339,1.7470911265094828,43.64764018687817
2026-08-19 02:10:00,M-103,65.85408201099791,5.432571369621003,2.1542869296170006,47.33070883611656
2026-08-19 02:20:00,M-104,79.2605884959128,6.170357334278185,1.7731536481392778,48.02641699588644
2026-08-19 02:30:00,M-101,72.07074632482879,5.028687419292209,1.3309252261783349,49.70968737002401
2026-08-19 02:40:00,M-102,69.01794296015561,5.0308073892916605,1.9228031129568537,48.259100642472994
2026-08-19 02:50:00,M-104,70.50409113786283,4.9475098910585515,1.5252092316997115,45.010226158871575
2026-08-19 03:00:00,M-104,76.0445963469636,4.979763594477511,2.0715119593959117,50.4013397148583
2026-08-19 03:10:00,M-104,69.07772354074781,3.964615200847427,1.5845043837008366,51.26302991346468
2026-08-19 03:20:00,M-102,68.25321155288611,5.382265923635071,1.82919551888977,42.644057330232656
2026-08-19 03:30:00,M-104,70.8923170120813,4.819501520640424,2.0639057314750175,50.9845747328149
2026-08-19 03:40:00,M-102,66.11518943615016,4.47538159654369,1.9256394462380058,56.34204211681187
2026-08-19 03:50:00,M-104,81.10271953970908,5.538935477379647,2.0876505990503658,52.94125937273187
2026-08-19 04:00:00,M-102,69.16802704392639,4.713091996731129,2.238100508001215,54.52662669153031
2026-08-19 04:10:00,M-103,76.15808393090202,5.047598925752309,1.5947232050940428,49.20344594235212
2026-08-19 04:20:00,M-103,73.04735041823886,5.8598990760348615,1.9774608607813522,41.446946877475845
2026-08-19 04:30:00,M-103,67.07732974759016,4.565852890888969,0.8346736708721549,42.332488782074485
2026-08-19 04:40:00,M-103,71.97022645393635,4.510330794431007,2.0865666555888835,50.239215774980885
2026-08-19 04:50:00,M-103,75.92001389655374,5.321187785303052,1.8947150543688052,54.59934607606617
2026-08-19 05:00:00,M-104,71.05869332456847,5.717269313804666,1.65579258278271,67.50138339795839
2026-08-19 05:10:00,M-104,77.96556472925514,4.491546227020617,2.110501797803783,54.87275361107022
2026-08-19 05:20:00,M-104,77.10757696390932,5.38346038157673,2.4104441520147737,39.80694969751749
2026-08-19 05:30:00,M-102,76.59457427329164,5.461449792982761,1.83339378834037,42.629091993480124
2026-08-19 05:40:00,M-102,69.70171613863502,4.273377782338456,1.6693149284153979,63.94962121169199
2026-08-19 05:50:00,M-102,66.60078776109256,5.559325602058249,2.0577588418535493,46.499277476162554
2026-08-19 06:00:00,M-102,68.93206197318602,5.594472645928981,1.5325376666737738,48.33260244332902
2026-08-19 06:10:00,M-103,72.9812047033336,5.059696492034789,1.7688665203125613,41.277081557135396
2026-08-19 06:20:00,M-103,74.72893356766178,5.763555863034104,2.427840756577676,58.95572383901971
2026-08-19 06:30:00,M-103,61.14214297619776,5.711405008446181,2.021762730434301,51.50233245124438
2026-08-19 06:40:00,M-101,71.95943399194125,5.246403066572743,1.3421865626188418,42.57779056480282
2026-08-19 06:50:00,M-104,72.79044612661592,4.99684957435378,1.3710529234522097,41.0432229779991
2026-08-19 07:00:00,M-102,70.61227871842225,4.762227448337669,2.0567299924263716,50.150427621285104
2026-08-19 07:10:00,M-102,78.45636919507939,5.183096420785214,2.3018367015711907,48.30944322416317
2026-08-19 07:20:00,M-103,74.10890037125435,5.456391513866881,1.4338324894808476,53.82477152054789
2026-08-19 07:30:00,M-102,78.55095954040449,5.054120412531711,2.157399412623778,51.8287793118904
2026-08-19 07:40:00,M-102,70.92019739824885,4.211124547632087,2.4656202276214016,46.14863755861964
2026-08-19 07:50:00,M-104,76.68738746253463,5.770921252559457,2.6607506457855234,44.193388831770434
2026-08-19 08:00:00,M-103,80.1753319726376,5.285600449830202,2.1159279659509567,46.88040496190816
2026-08-19 08:10:00,M-104,78.5584672463633,5.029168976495425,2.177380908093366,44.14523407340266
2026-08-19 08:20:00,M-101,66.53929203285634,5.58572127479048,1.2533854503301498,47.08863127036667
2026-08-19 08:30:00,M-101,70.7316196122881,5.886087368417241,2.734913391798596,48.11508650033567
2026-08-19 08:40:00,M-101,70.27417647275102,3.939139793730449,1.7985784254163575,41.7144837463396
2026-08-19 08:50:00,M-103,74.44627267538164,5.395418642464932,1.6732850945512356,52.41475903468516
2026-08-19 09:00:00,M-102,75.43176777507267,4.558007855135344,1.9106778529461315,45.40700599871231
2026-08-19 09:10:00,M-103,67.80553662987131,5.4245997280595235,2.529085694964901,42.106809548002595
2026-08-19 09:20:00,M-103,72.33919256958468,5.2575672410685605,2.772816116640242,45.53874800202692
2026-08-19 09:30:00,M-102,61.90036333921932,5.486076936898248,2.0438930378165456,49.695807096342
2026-08-19 09:40:00,M-104,79.20972502900945,4.975338573477405,2.3493294604112793,48.58126739869312
2026-08-19 09:50:00,M-101,69.43812879661654,4.357041949681382,2.0151214170399263,50.95482680433123
2026-08-19 10:00:00,M-104,72.27931969922248,4.997334313934499,1.6367715844436357,54.2884228755287
2026-08-19 10:10:00,M-101,70.45175143005969,5.383081435812903,2.516860284775902,57.13458142805623
2026-08-19 10:20:00,M-103,77.73013787506707,5.656926547903851,1.7822553818752638,49.99840313881637
2026-08-19 10:30:00,M-101,57.812467793013106,4.672675914787364,2.5374357706801587,40.51418328935152
2026-08-19 10:40:00,M-103,71.91694828837045,5.662177192092858,2.4544894654191793,46.116224382287896
2026-08-19 10:50:00,M-104,71.47090621251151,4.908457469659066,2.2149126923850226,40.96977130931894
2026-08-19 11:00:00,M-103,69.73181806204158,5.363102446717537,2.6401411646890236,59.87797851598597
2026-08-19 11:10:00,M-104,80.63113272817816,4.970547721210465,2.7813211116150085,61.911806177690146
2026-08-19 11:20:00,M-102,67.56335270572114,5.281976782470446,1.938664822962491,52.5521783824744
2026-08-19 11:30:00,M-102,75.8589808861783,5.601344935556623,1.716922058554249,54.00921189847321
2026-08-19 11:40:00,M-102,73.78126394353042,4.647843665220159,1.3475055569602348,49.756602352656614
2026-08-19 11:50:00,M-103,78.30759626267758,4.894042346463926,2.78563878940059,50.56239140822554
2026-08-19 12:00:00,M-102,68.66405457611248,5.283233164303939,1.8461112968785427,36.817820471696145
2026-08-19 12:10:00,M-101,68.3351555043812,6.280712647463659,2.3972628999856087,47.48247344320163
2026-08-19 12:20:00,M-104,77.48034953738699,4.811564629524928,1.7405606213716809,41.831928563576184
2026-08-19 12:30:00,M-104,74.12660654165055,6.1180602486986135,2.538392974319212,49.96949576276859
2026-08-19 12:40:00,M-101,64.27531326661621,6.101990486653827,1.7549588428646055,47.58273108228026
2026-08-19 12:50:00,M-103,69.30347492768365,5.156209982184284,1.5828983032339299,61.627753736422804
2026-08-19 13:00:00,M-103,73.93191326924031,5.065831363210045,1.9270227491661873,54.41639382105989
2026-08-19 13:10:00,M-104,76.18882110773295,4.888570660600889,1.813878504663427,49.991583877651514
2026-08-19 13:20:00,M-102,68.60384673403523,5.169308861350299,2.2087049249114243,46.13142219002262
2026-08-19 13:30:00,M-103,57.428720050915295,4.566976255348199,1.9820117754826168,59.73215021131951
2026-08-19 13:40:00,M-103,74.61611592868516,5.1656924422057315,2.2196958380931724,47.79031747711429
2026-08-19 13:50:00,M-101,65.89839655028013,5.873596123232885,1.898142484420147,50.321717731446945
2026-08-19 14:00:00,M-101,61.913306009387945,4.925011721885477,1.767212420143418,48.29574723098784
2026-08-19 14:10:00,M-102,57.83837037507929,5.091674063204928,1.7957538082363742,45.17092266004874
2026-08-19 14:20:00,M-103,76.06990430098871,4.4344867865797415,2.715728579310859,48.25554355669864
2026-08-19 14:30:00,M-103,72.64308725202483,5.36832793965897,2.0788098262794277,34.26623204525179
2026-08-19 14:40:00,M-101,70.87171809643874,5.319016758228118,1.3056832266914344,37.166055191311685
2026-08-19 14:50:00,M-103,78.9451218148138,5.2286660618945975,1.8179268452910717,50.447413791687396
2026-08-19 15:00:00,M-104,75.18662341511536,5.102427827400036,2.0339031113665564,58.97739783369241
2026-08-19 15:10:00,M-101,80.08150021360959,5.068258936552396,2.6458898884376323,50.43754772900918
2026-08-19 15:20:00,M-102,65.03632263916502,5.425855105165303,2.3600445505614647,42.95741801572342
2026-08-19 15:30:00,M-101,71.82724688023018,5.18703252928512,1.6773987572313298,37.900023721528655
2026-08-19 15:40:00,M-103,63.91643312525993,5.3417373421999,2.8464245137503577,53.49169082332947
2026-08-19 15:50:00,M-102,70.85308834072266,5.296742267854547,1.9890938723194829,44.02963394289429
2026-08-19 16:00:00,M-101,70.75692073116662,5.705542279193093,2.4362154338762307,52.50264792986792
2026-08-19 16:10:00,M-104,75.13306818631536,5.504647343818775,1.5957470259100341,50.72905610646002
2026-08-19 16:20:00,M-104,72.2278194057095,5.286787829417586,1.1606429166621859,51.348102745782825
2026-08-19 16:30:00,M-101,75.11703569139958,5.883289913793481,1.5070489783710737,48.235211951474895
2026-08-19 16:40:00,M-104,75.51720066569447,5.389120838075453,0.862383283331503,50.68551069478749
2026-08-19 16:50:00,M-104,82.77464338691571,5.787233209955689,2.739231264538518,47.163819191205654
2026-08-19 17:00:00,M-104,70.42351672356938,5.4731241737739875,2.0750865216102454,43.552854259422574
2026-08-19 17:10:00,M-102,67.2948864966681,4.371136414480806,1.676374593543189,41.25550657638764
2026-08-19 17:20:00,M-104,73.23041807658204,5.787175643493699,2.1584184104930424,31.30493841420315
2026-08-19 17:30:00,M-104,67.98859986430229,5.260829308604201,2.066266912663058,46.73223306316844
2026-08-19 17:40:00,M-104,79.40980384218268,5.17662035309465,2.217326688464897,58.63564728066367
2026-08-19 17:50:00,M-102,70.58390980527383,5.3266067563703094,2.423335990397694,53.11056064776318
2026-08-19 18:00:00,M-101,69.17211816063005,5.04475757711932,1.8985275964412447,49.593963829331706
2026-08-19 18:10:00,M-103,69.64342139424441,5.302162987175025,1.6920562428646546,42.86196503997594
2026-08-19 18:20:00,M-104,75.5920871173582,4.9336557701456085,2.2897213250301713,54.98137458031354
2026-08-19 18:30:00,M-101,71.21126508384258,5.7734225164304664,2.280816472259563,47.164834817378825
2026-08-19 18:40:00,M-104,68.79166589934809,5.148885348870528,2.0352575328424707,59.02454019652341
2026-08-19 18:50:00,M-102,80.32675958811765,5.0278372707749055,2.7621439660382703,41.13238915693723
2026-08-19 19:00:00,M-101,67.71915079669125,4.783783382926327,1.8467622569984217,42.750213304191405
2026-08-19 19:10:00,M-102,72.17783037016497,5.320949105116889,1.685049709927656,42.069110390462605
2026-08-19 19:20:00,M-104,75.26153075805115,5.284198195056292,2.1463319996273107,37.62517140696191
2026-08-19 19:30:00,M-104,63.84332444791463,5.374791076154878,1.7637717500802756,41.44068720365766
2026-08-19 19:40:00,M-102,74.40130250702963,4.737736650622693,2.1734307834507134,48.72251381836142
2026-08-19 19:50:00,M-103,66.72446162259776,4.479468460534792,1.708447110456196,43.01459282604561
2026-08-19 20:00:00,M-102,76.11391390417,5.481516086127952,1.85991520097384,21.00537269531582
2026-08-19 20:10:00,M-104,67.18674494040512,5.868088837844429,2.661794147013708,55.51991308194085
2026-08-19 20:20:00,M-102,75.4638451592443,4.738140869924547,1.8580444251383124,36.21134389456816
2026-08-19 20:30:00,M-103,77.52916533147356,5.915248577602765,1.7204019595939464,52.12459799420646
2026-08-19 20:40:00,M-102,76.30718262816403,5.327759976431372,2.409737576047275,48.21850212768695
2026-08-19 20:50:00,M-103,73.25658324119051,5.196821692952127,1.6321353173996571,62.8216097149424
2026-08-19 21:00:00,M-103,70.84349528535151,5.0211030865544,1.7574698694485262,54.97870237065834
2026-08-19 21:10:00,M-102,69.11790211832579,4.576966891258752,2.201796392178148,44.46776783160518
2026-08-19 21:20:00,M-102,79.35517345408552,5.64447783216607,2.328443998355652,43.085555063512814
2026-08-19 21:30:00,M-101,68.50252389916179,4.850977137353079,2.4271667368783763,58.519093765594995
2026-08-19 21:40:00,M-104,66.81466963215001,4.84908699591808,1.7384723587228303,37.668902320290115
2026-08-19 21:50:00,M-103,75.32684467516415,5.646366839449129,2.208603035545142,49.33615955143095
2026-08-19 22:00:00,M-101,68.01931598406752,4.352657448997723,1.8368621301595371,47.0821567572523
2026-08-19 22:10:00,M-102,67.24968251266937,4.514380985199325,1.7880205282712787,45.59741751906727
2026-08-19 22:20:00,M-104,64.78197868915117,5.191839590421363,2.4211244738023,50.47459789113898
2026-08-19 22:30:00,M-101,69.58545080269741,5.331977993052184,1.8076559614491448,49.32691902356073
2026-08-19 22:40:00,M-103,71.58642488051754,5.418130591586016,2.097371608607343,51.20180519954221
2026-08-19 22:50:00,M-101,73.21545863830349,5.064190677971687,2.0544528142307237,48.972829566542984
2026-08-19 23:00:00,M-103,76.75653122149741,6.338666350888761,1.625235968281524,50.92376983512074
2026-08-19 23:10:00,M-102,74.63448961832897,5.097448348555375,2.338132499374712,48.653556350521164
2026-08-19 23:20:00,M-104,71.0456389022341,5.096146231553775,2.1960983127876337,43.3840117894858
2026-08-19 23:30:00,M-104,71.0090216181014,4.841355999033755,1.3047982858453526,48.028008821656165
2026-08-19 23:40:00,M-104,74.55078734457592,5.255758067434482,2.09709738893307,42.99929408207186
2026-08-19 23:50:00,M-102,78.36285081464285,5.476732554421049,1.7294592980416827,42.53736376688405
2026-08-20 00:00:00,M-103,72.631570997416,5.741610124540057,2.3839763572444195,45.646949980975734
2026-08-20 00:10:00,M-102,69.65434572894796,4.529822081001902,1.4941100571267347,47.1640378748491
2026-08-20 00:20:00,M-104,67.03566999457227,5.089302097739935,1.8752330609796597,48.246577144434674
2026-08-20 00:30:00,M-102,64.77397367793887,5.401016624864115,2.126708592845963,54.414651791543314
2026-08-20 00:40:00,M-102,75.33134836021762,5.4641758905675415,2.0190191029496565,44.5107514222141
2026-08-20 00:50:00,M-102,74.88989261819779,5.202946896012043,2.26703538984989,49.37796348532375
2026-08-20 01:00:00,M-103,74.88681762553331,5.444090786289446,1.4685523048967488,48.82619399760673
2026-08-20 01:10:00,M-101,71.35670276823971,4.83596624818339,2.5781700179035822,43.739601987737544
2026-08-20 01:20:00,M-101,79.03467372945876,5.901057444543261,2.183800630575895,48.51618550344581
2026-08-20 01:30:00,M-102,69.57940752707592,5.646682646340744,2.475901374550314,55.01904990624119
2026-08-20 01:40:00,M-101,76.77634618603602,4.594782495820673,2.3059840592316347,49.3055435181838
2026-08-20 01:50:00,M-101,71.80628552505229,4.71620362834746,1.9959364599407348,49.58608750319116
2026-08-20 02:00:00,M-102,68.95824617660331,4.7288852124518925,1.5505306261810938,43.06270168340133
2026-08-20 02:10:00,M-102,74.96265153658881,5.505086486903438,1.8027563865629548,61.78201195843413
2026-08-20 02:20:00,M-104,74.04818059341997,4.62187250511214,2.556347166501902,43.46150540774249
2026-08-20 02:30:00,M-101,73.78486379633463,5.051039049606364,2.484903223579734,36.325515776167656
2026-08-20 02:40:00,M-103,72.40639211028099,5.404616978387549,1.7831400069637084,54.021288841526534
2026-08-20 02:50:00,M-102,71.81053459141584,5.170225329454104,1.0135934998292375,47.19628072246102
2026-08-20 03:00:00,M-104,83.94185996435219,5.316499382070718,1.9255585929932084,45.87870725337047
2026-08-20 03:10:00,M-103,77.92128322598086,4.720388779893059,1.8993039891548091,44.18112353711931
2026-08-20 03:20:00,M-101,75.61413447492757,5.46768446802876,1.9125795857858658,61.10200237021087
2026-08-20 03:30:00,M-104,72.55899579101694,4.924054648385802,2.1849887206409906,50.48213195023278
2026-08-20 03:40:00,M-102,77.03578600298334,5.053921146520927,2.306674402762582,51.84825855151559
2026-08-20 03:50:00,M-103,74.58997388195726,5.306979277557694,2.3466048414848335,49.13830936507587
2026-08-20 04:00:00,M-102,72.13102376387018,5.2463851996888815,2.1559981990473784,49.890347294116374
2026-08-20 04:10:00,M-101,70.48217837367042,5.210791008557017,1.3697302543270773,57.7903722739159
2026-08-20 04:20:00,M-103,71.59541331168656,4.86221793011046,1.8805800935573465,46.24401737140614
2026-08-20 04:30:00,M-101,56.147871320609724,5.065202764960364,2.8064314242422164,37.80143718135489
2026-08-20 04:40:00,M-101,73.0530041964882,5.200982615876667,2.1309758571808675,54.07638257959444
2026-08-20 04:50:00,M-104,69.5576195994482,4.581211645074812,2.1287368489553526,51.476911285696744
2026-08-20 05:00:00,M-102,79.96334999141442,4.99186016515898,2.1258200789208503,48.755858690195296
2026-08-20 05:10:00,M-103,72.09672035405877,5.374455945564781,2.1453828678770965,51.29527269083451
2026-08-20 05:20:00,M-101,66.05518290232519,4.625153528269596,1.165910736619927,45.404790457940784
2026-08-20 05:30:00,M-101,71.75059922935941,5.720461743217408,1.916166489081126,48.144848079979816
2026-08-20 05:40:00,M-103,66.76939457468748,5.771325968169929,1.9867375088718586,47.07809822298063
2026-08-20 05:50:00,M-101,74.36703707856233,4.639682240817962,2.4485233897386944,43.85958220050358
2026-08-20 06:00:00,M-104,73.45473682169742,5.810928834872563,2.0166855131178036,56.32420948173502
2026-08-20 06:10:00,M-104,76.78919815554134,5.135388285079539,1.4237210146893207,38.1141896080754
2026-08-20 06:20:00,M-104,68.04559104152717,5.3883315516206745,2.1505312046601133,64.52617520269077
2026-08-20 06:30:00,M-104,72.17004048114073,4.976507026542289,1.7186613731150393,54.141535464445326
2026-08-20 06:40:00,M-101,65.17489102286683,5.615370172252043,1.5741250256215038,35.554171257083546
2026-08-20 06:50:00,M-103,75.50747390962357,5.3827423084819,1.7080443336491968,46.430835693563495
2026-08-20 07:00:00,M-103,74.5943559022006,4.833631034531079,2.1898764803825803,46.8201785886751
2026-08-20 07:10:00,M-103,74.47902510513785,4.67565910001562,2.440566433916024,50.74320640259479
2026-08-20 07:20:00,M-103,72.0080951567847,4.54286390415585,2.1690254808121554,41.074352104821955
2026-08-20 07:30:00,M-102,74.07386445394395,5.284573799394741,2.2212081282659577,48.22417740357752
2026-08-20 07:40:00,M-103,80.02169554154298,5.457612135300881,2.1655658454933002,47.15216421314147
2026-08-20 07:50:00,M-102,70.57452871478993,5.4929345554507485,2.035464511901164,42.83667146198593
2026-08-20 08:00:00,M-102,72.69322591855043,5.14690850742668,2.2439257222369653,41.86273437970138
2026-08-20 08:10:00,M-104,66.56936850409295,4.6793515949510365,1.1534285865257028,54.4316325269165
2026-08-20 08:20:00,M-102,67.65869519200834,4.893066340889298,2.0388809229566918,36.123922219701846
2026-08-20 08:30:00,M-101,72.48906646546654,5.718556887532866,1.634276237882212,51.34515255267236
2026-08-20 08:40:00,M-102,77.51966773350954,4.981917145929963,2.4070159003904488,53.582572148146866
2026-08-20 08:50:00,M-104,70.71859587874214,5.264537933806665,1.9484956431740987,46.470091631631085
2026-08-20 09:00:00,M-102,70.82041735343938,4.715957282391301,2.0108318308937405,48.366609878074975
2026-08-20 09:10:00,M-101,69.96557377747813,5.351462370456566,1.4732248440111688,56.14446499788167
2026-08-20 09:20:00,M-101,69.32621664577839,4.9940419472444155,2.355890811154498,43.0660394249316
2026-08-20 09:30:00,M-101,73.4748572785441,5.671020721199094,2.219564842095833,43.788432997776134
2026-08-20 09:40:00,M-104,64.51371177410678,5.548100967793066,2.194931758819176,44.53161423230484
2026-08-20 09:50:00,M-104,78.40469788333364,4.976932324041296,1.7154420017409122,56.15727919456297
2026-08-20 10:00:00,M-103,68.6728885093527,5.143001187693551,1.7292260542716544,57.04605622819295
2026-08-20 10:10:00,M-104,75.60951742719071,4.951997691981717,2.0782598090560667,38.228768358754664
2026-08-20 10:20:00,M-101,65.65000701303062,4.561255061554746,1.756925556413182,55.043685231181456
2026-08-20 10:30:00,M-101,75.34420065273109,4.814150906703753,2.1522125369370686,53.73235814443099
2026-08-20 10:40:00,M-104,75.35972303907249,5.289197797474369,1.2436805890316474,58.87516367314879
2026-08-20 10:50:00,M-102,73.92101036002948,5.346366774203312,1.8293594052576925,50.695756224884654
2026-08-20 11:00:00,M-104,67.02785739100104,5.266846556616688,2.628863712899272,47.690179158049965
2026-08-20 11:10:00,M-104,73.24774094799038,5.064220125718614,2.153820039798518,56.01651680600161
2026-08-20 11:20:00,M-101,66.08471907632806,5.619879972574443,2.0583777825858474,52.89232654051236
2026-08-20 11:30:00,M-103,70.73618372451908,5.228593857052422,2.694829287484975,63.71428889904109
2026-08-20 11:40:00,M-101,77.14706550477663,5.516464222643177,1.1824162334194974,54.710954914732795
2026-08-20 11:50:00,M-103,75.98350963535371,4.401801190508866,1.7146411098241625,49.07483583496741
2026-08-20 12:00:00,M-101,72.07591471270217,3.434919886771746,1.8595893898884137,39.7812693373668
2026-08-20 12:10:00,M-104,67.1259671203858,5.327704612527136,2.3004229315518865,43.93357975964117
2026-08-20 12:20:00,M-101,75.22793856087097,4.55885545582533,2.306479727129883,37.94831515380389
2026-08-20 12:30:00,M-101,72.09690618849012,5.104396733779125,1.696897651856081,46.49456574757396
2026-08-20 12:40:00,M-101,60.39842200884789,5.064056331538928,2.349284012749892,54.482473152629915
2026-08-20 12:50:00,M-104,75.91314913158259,5.914330271086992,1.8588398314374024,47.97430238063639
2026-08-20 13:00:00,M-104,71.87883583065154,5.379998448824623,2.4240738689772083,55.15207688132051
2026-08-20 13:10:00,M-104,78.01225623991536,5.274636562059403,1.6385750556572798,50.36301613407309
2026-08-20 13:20:00,M-104,66.52364740578598,5.576646019585153,1.9568409403268439,45.17835397172193
2026-08-20 13:30:00,M-103,56.11648093402,5.365823914077567,1.8284414396182038,48.613376086189746
2026-08-20 13:40:00,M-103,73.39541929172593,4.994045353155205,2.3696106300479998,51.30467683738567
2026-08-20 13:50:00,M-102,73.45781838340986,5.682164168614552,1.81702657420184,48.97456378924531
2026-08-20 14:00:00,M-104,63.54664186196774,4.700612442450277,1.9851430148458853,49.0547896019634
2026-08-20 14:10:00,M-103,67.10750227066697,5.345461234390103,2.177383989182067,42.616649246893054
2026-08-20 14:20:00,M-101,85.77608871859951,4.50359359263866,2.190840469059142,44.96916614330449
2026-08-20 14:30:00,M-104,70.47194692923098,5.291774735882198,2.31043341261561,63.809225573082514
2026-08-20 14:40:00,M-102,75.65479488188107,5.286845338797819,2.0738936718956333,56.5992654329648
2026-08-20 14:50:00,M-102,68.74670086315808,5.954404732861598,1.853612879652059,37.68311372233199
2026-08-20 15:00:00,M-102,61.54848550573422,4.4957617479511995,1.8776054391244374,31.43121729745547
2026-08-20 15:10:00,M-101,71.14870876602048,4.929600770865784,2.008985310322664,48.53334695014106
2026-08-20 15:20:00,M-103,70.67197719856948,5.570207091958365,2.0873573666260343,54.25431026098193
2026-08-20 15:30:00,M-101,70.00060880665814,5.350892765378789,1.9484899232530473,44.36040713804455
2026-08-20 15:40:00,M-104,71.42679582246804,5.281137273101876,2.0067211973379417,55.15161109738557
2026-08-20 15:50:00,M-102,73.32134135822818,4.769738933668657,1.4689611487997631,48.41758195504959
2026-08-20 16:00:00,M-101,71.24941524373097,4.934131743358857,2.233574349559137,46.858571041911176
2026-08-20 16:10:00,M-101,65.67996916026318,5.760268453700466,2.0633893011113003,53.29280623322627
2026-08-20 16:20:00,M-103,74.4309239578097,5.176820862810732,2.350654644739381,44.27686944968412
2026-08-20 16:30:00,M-103,62.253141223387885,5.368911863265013,2.0000561775924797,45.99305574737443
2026-08-20 16:40:00,M-102,61.748212713579,5.1481652520505845,1.3915608475173749,52.69117083491324
2026-08-20 16:50:00,M-101,75.69590247350784,4.667611518137606,1.8745438337426639,47.78022844053783
2026-08-20 17:00:00,M-101,74.53510136067679,5.620214691733748,1.930024526908554,61.36143391364415
2026-08-20 17:10:00,M-103,71.71302317462983,5.426454573039623,2.2600161569017594,52.85677788999213
2026-08-20 17:20:00,M-101,65.02275747622464,6.237536576815235,1.2754042594203119,52.40169679832933
2026-08-20 17:30:00,M-101,68.46044529662963,4.742988379157255,2.014412830932127,47.653467477544524
2026-08-20 17:40:00,M-101,70.68626626156748,5.570157814540217,2.1797863255276573,54.12328273696724
2026-08-20 17:50:00,M-103,64.02053015712943,4.60980521528335,1.7684792401514682,45.741745590388476
2026-08-20 18:00:00,M-102,68.30485670988384,5.270805955452885,2.0261198034358965,49.976644258396604
2026-08-20 18:10:00,M-104,75.2616516908834,5.639427965078424,1.7805372217975544,41.58594867096808
2026-08-20 18:20:00,M-102,79.13652682144608,4.267539197756581,1.7446494733728635,55.276089745614144
2026-08-20 18:30:00,M-104,69.90282623670724,5.107780386591276,1.857053052454039,50.03423288083254
2026-08-20 18:40:00,M-101,75.7824417715805,4.946555619680821,1.7512578026365462,61.87759144588514
2026-08-20 18:50:00,M-102,62.42969964706266,4.884119215767195,2.2392664091777164,64.7460886856883
2026-08-20 19:00:00,M-104,75.29725620556806,5.373345693516709,1.7427668431076178,53.343236160032035
2026-08-20 19:10:00,M-103,67.9802579263626,5.704308567890168,1.6839814975332255,48.478977178455324
2026-08-20 19:20:00,M-103,73.53672808353986,5.14002457814688,2.6187750333938364,41.37754841512102
2026-08-20 19:30:00,M-102,70.76123790880145,5.29246889240201,2.3362590041384124,54.333248622811766
2026-08-20 19:40:00,M-102,78.60207004891917,5.251438938876662,1.34847032376928,49.471991947266595
2026-08-20 19:50:00,M-101,67.62782175830041,5.200811577860387,1.7323310985516134,51.76624387408123
2026-08-20 20:00:00,M-102,75.13803148780916,4.709795813029553,2.0848620401029487,60.1085117121937
2026-08-20 20:10:00,M-101,70.60246268351733,5.698800070775302,2.1133142735310226,42.22903697935657
2026-08-20 20:20:00,M-101,71.20847260995168,5.332837915671476,1.4783274969920872,41.52987082063064
2026-08-20 20:30:00,M-103,71.08073053420395,5.37769667050116,2.405497922487813,46.34501843140524
2026-08-20 20:40:00,M-103,67.77163447752943,4.837070666938488,2.288828546713569,53.74840804826276
2026-08-20 20:50:00,M-104,71.92950517046664,4.993350820904842,2.1686655712141185,51.88407068150141
2026-08-20 21:00:00,M-103,71.68675888939089,5.1207396110301495,2.4748549717492425,41.73018041812959
2026-08-20 21:10:00,M-103,73.20620124203364,4.509643887948017,2.158301497399821,53.29587030491738
2026-08-20 21:20:00,M-102,72.42252572846431,4.440384553661045,2.1570033077381465,39.59151026774716
2026-08-20 21:30:00,M-103,75.98997274806118,4.929663431212645,2.5451877451377847,42.135808279558
2026-08-20 21:40:00,M-104,76.61754308023684,5.435134344899076,2.385426853254698,47.19179877967567
2026-08-20 21:50:00,M-102,66.746883390861,4.906088174531527,1.705472389380964,44.12598127817346
2026-08-20 22:00:00,M-104,76.34386250295385,4.741537661084179,2.2216183125351705,54.22901642055655
2026-08-20 22:10:00,M-103,66.06831786445073,4.833391456043048,1.7675062472644962,50.00464938100766
2026-08-20 22:20:00,M-104,74.93927944068868,4.9950959095846095,2.1764540928325973,60.35892824339082
2026-08-20 22:30:00,M-102,75.09869392351435,5.0407634667309535,2.166814727456935,46.2697024425191
2026-08-20 22:40:00,M-101,62.44341554168748,6.174484653492951,1.515786440640405,47.14458494271479
2026-08-20 22:50:00,M-104,72.46489623264705,5.674579282819294,1.9573540360411377,56.47267826343234
2026-08-20 23:00:00,M-104,69.65751943319842,5.661148350526778,2.092839958253141,47.36355437813343
2026-08-20 23:10:00,M-102,68.20617371032313,5.725861163923022,1.847298433152045,58.458036733952824
2026-08-20 23:20:00,M-102,78.75426165349502,4.750530608799678,2.110148479836766,51.78579747269144
2026-08-20 23:30:00,M-104,68.7316042968129,4.649935923255742,2.282064221950374,31.530494710802486
2026-08-20 23:40:00,M-103,67.96811535440975,4.701908368809675,1.9892924275192356,56.24299289904625
2026-08-20 23:50:00,M-104,72.37847470002546,5.800527760002027,2.078609816847891,54.38908769183866
2026-08-21 00:00:00,M-102,75.42794873149208,4.95376369500288,2.4841984274945914,54.65932824277381
2026-08-21 00:10:00,M-101,71.29175706994937,4.636889717992321,2.165618804128829,34.62315135018319
2026-08-21 00:20:00,M-101,77.83185272834626,5.006051709901084,2.0702885013860657,43.35907027110267
2026-08-21 00:30:00,M-103,74.65487830982045,5.092627510728418,1.6646722171255237,43.879066165102614
2026-08-21 00:40:00,M-104,61.10894340134285,5.320785973162553,2.234859103986097,42.11215042707725
2026-08-21 00:50:00,M-101,69.35266518246496,5.31292795932042,2.1155524822871783,60.193457723257566
2026-08-21 01:00:00,M-104,69.1907895032415,4.827318746256921,2.449308801795493,47.91762513523456
2026-08-21 01:10:00,M-102,74.39680476714712,5.5085453766311705,2.016407490156159,47.744073401595806
2026-08-21 01:20:00,M-101,58.87591471812944,4.912362909812429,1.3643067249531016,51.86405817221045
2026-08-21 01:30:00,M-103,84.74504854358861,5.12967564848273,1.4049576959101084,51.985111675225674
2026-08-21 01:40:00,M-102,74.65513047447105,5.50904833172651,2.2574882673159067,24.655751025619193
2026-08-21 01:50:00,M-103,72.74438401958845,4.911180368225047,1.8004322408056463,43.47549723995446
2026-08-21 02:00:00,M-102,77.90783858209574,4.943791859388488,2.152868712888674,38.11047995546106
2026-08-21 02:10:00,M-101,83.71827026406312,5.466250622361909,2.039981425575825,50.80214265208374
2026-08-21 02:20:00,M-103,76.35373322294201,4.814020070527741,1.9416061163071276,45.97775309966167
2026-08-21 02:30:00,M-103,76.7440654823581,5.026843589378168,1.9662735500441217,48.10771295150888
2026-08-21 02:40:00,M-102,72.65345012232191,5.4500839801193015,1.6971136732341705,33.45036175776634
2026-08-21 02:50:00,M-103,71.29237123316526,6.124341598646189,1.9944778088851152,45.831034427166514
2026-08-21 03:00:00,M-102,69.62102277997549,5.4724320271432365,1.7954272985219606,55.80591176282971
2026-08-21 03:10:00,M-102,67.86944004142728,5.412687893345505,1.8697102179560032,57.86614638171517
2026-08-21 03:20:00,M-102,68.56492950150252,5.438860712652729,1.8867228343517937,53.0320439367849
2026-08-21 03:30:00,M-102,65.24722017828509,4.717064376669828,1.9206573555354483,38.65174294586317
2026-08-21 03:40:00,M-101,71.62064274657489,5.252018532405959,2.32276070977748,56.81581262094487
2026-08-21 03:50:00,M-102,63.57666211386807,5.186605080248619,1.9545732097783572,53.068015785000114
2026-08-21 04:00:00,M-104,72.95458262071855,5.34471304316774,2.3582958178065345,47.17967676154823
2026-08-21 04:10:00,M-103,71.81834695978829,5.252428623614142,2.5382492329642687,33.82474579843179
2026-08-21 04:20:00,M-104,72.73467649193344,5.370864854837701,2.2992306278696524,54.67516465463762
2026-08-21 04:30:00,M-101,69.38934214990003,5.0598397622953595,2.1870639872739788,43.854835690116346
2026-08-21 04:40:00,M-104,87.38430185090252,5.226374012817307,2.114391273319232,50.42316074738346
2026-08-21 04:50:00,M-103,78.80057950090156,4.647477145274354,2.3028755481675245,48.47875702445664
2026-08-21 05:00:00,M-104,65.77728749957639,5.056041724898689,2.031276258508684,58.768764891067946
2026-08-21 05:10:00,M-101,73.16434043713448,5.82587509667949,2.3445994460850192,47.122431098017444
2026-08-21 05:20:00,M-102,68.95996928531338,5.343463752832715,2.2149370318513895,47.894204869398365
2026-08-21 05:30:00,M-104,66.92760136646294,5.190585533177615,1.8740558387268642,59.05030773335041
2026-08-21 05:40:00,M-101,65.29963964438032,6.053255474314456,2.313547808035982,43.39244429374868
2026-08-21 05:50:00,M-101,74.16108345379627,4.587624259764515,2.032018002092149,53.70025995985444
2026-08-21 06:00:00,M-103,68.59309882465213,4.700745000049201,1.9628537973356894,46.60968993985075
2026-08-21 06:10:00,M-103,76.83913012012601,5.970720135074323,1.8333302938603544,40.982206265965495
2026-08-21 06:20:00,M-104,76.96891107265219,5.22068242122202,2.0581065967561,48.008126907046105
2026-08-21 06:30:00,M-102,78.86957192605725,5.090837633669593,2.3487619153945443,52.841935795255914
2026-08-21 06:40:00,M-101,67.73806616962948,4.660358053706961,2.311129001957563,57.47596887983558
2026-08-21 06:50:00,M-104,74.37682805346004,5.401463319877756,2.1236878291106347,58.32285789741978
2026-08-21 07:00:00,M-101,75.16227108321151,5.4450069412873585,2.209875274253762,45.93665148042127
2026-08-21 07:10:00,M-101,69.62910912448018,4.707477537624297,2.445093877032895,41.089255375774506
2026-08-21 07:20:00,M-102,68.14114021303563,5.136875986502307,1.9475117980901986,45.768827702957644
2026-08-21 07:30:00,M-102,80.04760332887986,5.04901787558512,1.6096029987644278,39.72928472668891
2026-08-21 07:40:00,M-104,73.13747937866027,5.315189715888447,2.4553954482625002,46.47829660408446
2026-08-21 07:50:00,M-102,75.17983875355868,4.696337391000711,1.8145776117892485,45.60834301466169
2026-08-21 08:00:00,M-102,67.88961994086036,5.763376354530921,1.7583816568296333,53.09243142909736
2026-08-21 08:10:00,M-104,65.90357766738903,5.612120701718922,1.3713307856329071,32.558453740599354
2026-08-21 08:20:00,M-102,69.15275112753945,5.036570998570233,2.199949068607504,42.86474437739352
2026-08-21 08:30:00,M-103,71.37989306305002,5.102611579762733,1.4324915814067225,42.92137186890659
2026-08-21 08:40:00,M-101,66.67889996591326,5.138610032375073,1.7374094173078922,56.30989076685618
2026-08-21 08:50:00,M-101,71.95077595674809,4.8497611511470735,2.2058828780802706,40.203089358192884
2026-08-21 09:00:00,M-101,63.5574740596575,5.000456761794234,2.2526724383429304,49.58660151754296
2026-08-21 09:10:00,M-101,66.39976288765064,5.078378334546426,1.7719035481236183,47.10310109906153
2026-08-21 09:20:00,M-104,75.35455624138437,5.925790766818208,1.9530463355526582,55.30129768785467
2026-08-21 09:30:00,M-101,75.01895260138947,5.625978238748696,1.6945919157578464,52.170823051573834
2026-08-21 09:40:00,M-101,70.04061617306567,5.620594618301481,1.808061124266086,48.848706122742655
2026-08-21 09:50:00,M-101,66.91117845461524,5.366466525851976,2.0931753410535174,44.11733187788352
2026-08-21 10:00:00,M-101,66.86298224236995,4.697202845980945,1.8244236624212398,35.03360247823087
2026-08-21 10:10:00,M-103,70.13365877029344,5.1813290029401795,1.9145247359385158,49.72959958981184
2026-08-21 10:20:00,M-101,75.22259245822646,5.636719806826021,1.4873526614338517,51.71342858970911
2026-08-21 10:30:00,M-103,76.64122845672162,4.633780916784721,2.3965346576821482,36.97592671267743
2026-08-21 10:40:00,M-104,69.51734132259016,5.486448943092969,2.178523307609873,39.364140849700156
2026-08-21 10:50:00,M-102,66.23253787007609,6.245174151368245,2.2775168801430206,49.76630981360173
2026-08-21 11:00:00,M-101,73.33921818933166,5.6778174906953796,2.451648863615902,50.37399180345509
2026-08-21 11:10:00,M-102,67.88232514687076,5.8363131110028945,1.7111754935589993,41.06546882935559
2026-08-21 11:20:00,M-102,69.40873680569399,5.298252437698973,1.8745619309401917,43.981547005023735
2026-08-21 11:30:00,M-104,78.62638045218519,5.635569376944246,1.3368079713462262,35.14457813000701
2026-08-21 11:40:00,M-102,76.13557714282884,4.876966053540684,3.099148018535783,57.640847326692636
2026-08-21 11:50:00,M-103,72.78987156125726,5.558138715553552,1.9476451396389183,38.900879148420834
2026-08-21 12:00:00,M-102,65.64040499443638,5.494474660327343,2.3635547649702193,51.795815738739854
2026-08-21 12:10:00,M-102,73.05698283735329,5.330460028316948,1.5666435994825894,47.755275126926335
2026-08-21 12:20:00,M-102,77.31328645393764,5.792203338873325,2.3487359489750532,57.027155337373316
2026-08-21 12:30:00,M-101,70.12183167117232,4.957546822968675,2.650156806827383,42.4542213505767
2026-08-21 12:40:00,M-101,78.75557044993357,5.115824117586852,1.9789017378402065,48.42876897238271
2026-08-21 12:50:00,M-103,78.46372644759103,5.242957918611234,1.6461914761936396,36.11101163533855
2026-08-21 13:00:00,M-103,80.31866416071736,4.73667506300977,1.9514212596690623,34.43031214142172
2026-08-21 13:10:00,M-101,73.52621563265676,5.302119374710112,1.220633466264971,52.17433508705832
2026-08-21 13:20:00,M-103,74.93695849903006,4.426481314170769,1.9867396546423552,35.50481912651209
2026-08-21 13:30:00,M-101,79.07093644165545,5.671129540492695,2.2873384987595484,46.402477258958285
2026-08-21 13:40:00,M-104,74.23696968534487,5.220986814954685,1.98748482446927,55.07906813581044
2026-08-21 13:50:00,M-102,69.49382946104893,4.965598193243307,1.9005511558588615,53.226793992662756
2026-08-21 14:00:00,M-102,69.7572858173607,4.824531874467196,2.1846488406392117,43.347901584359846
2026-08-21 14:10:00,M-103,73.1927747688687,5.094439436671366,2.2114086964323434,36.880478045142794
2026-08-21 14:20:00,M-101,65.5471928902689,5.509716869847586,1.419033053123186,51.5664640315887
2026-08-21 14:30:00,M-101,71.28370542317904,5.446482540431902,2.031088036797576,57.395797480021265
2026-08-21 14:40:00,M-103,77.48273559115127,4.882507923724693,2.852594793480235,43.364333449340634
2026-08-21 14:50:00,M-101,61.043730744173594,4.819282147317565,1.5327443140231916,42.37680999115018
2026-08-21 15:00:00,M-104,79.67241050897258,5.4956044178438415,1.9701034085084268,44.32568625991701
2026-08-21 15:10:00,M-102,77.6118710935158,4.874943667923237,2.679611142718096,52.00126097564981
2026-08-21 15:20:00,M-103,69.70117692084762,5.226959398335777,2.3864613047902865,56.59962324490439
2026-08-21 15:30:00,M-103,74.71695413935905,5.255689589135925,1.8203111617283785,39.32275232033634
2026-08-21 15:40:00,M-101,72.01573863453163,5.340427959277032,2.0721473828679113,37.51202733472743
2026-08-21 15:50:00,M-103,78.14995184219342,5.586221693581843,1.9992609120053118,64.37997425352714
2026-08-21 16:00:00,M-104,76.9134157138497,4.6316666784097045,1.7381748684874165,46.75874048476973
2026-08-21 16:10:00,M-101,64.99964638408495,4.339978303632781,1.9740117623774212,49.77024956983217
2026-08-21 16:20:00,M-101,74.93631206732088,4.944648723447242,1.9020118535177148,43.15648411567653
2026-08-21 16:30:00,M-101,70.97186073178376,6.010687783524484,2.0394621283268624,51.429736166169015
2026-08-21 16:40:00,M-101,72.4141628525905,6.109978345039321,1.7380658867581382,54.72042612291066
2026-08-21 16:50:00,M-104,68.35914049515092,6.0240297110046495,1.5531836299143686,50.09857320101051
2026-08-21 17:00:00,M-101,80.74068534560418,5.11315838450769,1.9855517293126703,60.186006539101044
2026-08-21 17:10:00,M-103,77.20030909951288,4.3980482131068275,2.600291376362573,45.712787870412356
2026-08-21 17:20:00,M-104,68.30114418013517,4.145632404256672,2.028771024191979,46.159822688752364
2026-08-21 17:30:00,M-102,65.32694696544884,4.923682827302765,1.883942177373959,49.61984445894191
2026-08-21 17:40:00,M-102,70.07163684511076,5.110866866432788,2.2639300317634743,51.25473151854268
2026-08-21 17:50:00,M-103,74.17251323045653,5.785281430475182,1.9445881355916175,49.59563083443827
2026-08-21 18:00:00,M-103,73.20102921973111,5.590512456794101,2.6538115237356883,39.00909481131436
2026-08-21 18:10:00,M-104,78.26566412384122,5.302332285546229,1.9986306217467225,50.187606163368926
2026-08-21 18:20:00,M-102,75.94959861090426,4.799569853076487,2.2451739721053574,45.380784906375936
2026-08-21 18:30:00,M-102,76.84784512876453,4.767649198789799,1.7358884661623546,43.93316090147748
2026-08-21 18:40:00,M-102,73.63427700305219,5.314357459182146,2.1760812386678317,48.2273743832727
2026-08-21 18:50:00,M-102,65.05350634894505,5.5136729404778775,2.0962827169303138,41.2693411886955
2026-08-21 19:00:00,M-102,71.02150734426549,5.376346568010513,1.9802228563692772,40.05226073288738
2026-08-21 19:10:00,M-101,77.30044869954332,4.734430918177005,1.824384783590598,29.69171727997305
2026-08-21 19:20:00,M-103,71.74238535737678,5.492800432956439,1.776689442021669,60.230661299569235
2026-08-21 19:30:00,M-101,74.51545184311874,5.391659935195635,2.0988234323928783,51.890119233721016
2026-08-21 19:40:00,M-102,70.40625842376933,4.71820011721442,2.220128688393766,47.18265115085586
2026-08-21 19:50:00,M-104,66.85094075729077,4.847055563364885,1.955493021297054,43.329437341793465
2026-08-21 20:00:00,M-104,71.38327967976944,5.509823188552705,8.0,27.867774025675082
2026-08-21 20:10:00,M-102,73.54523721516327,5.09447160918435,1.9867298626535306,42.90029786644961
2026-08-21 20:20:00,M-102,68.72156140269279,5.915116285736406,2.0344841087168857,53.01106436014853
2026-08-21 20:30:00,M-104,70.82144377571666,5.425508174229059,1.9298442560629712,54.595220125157084
2026-08-21 20:40:00,M-101,67.30268379007009,4.981015965314829,2.006290402778908,52.496043955223115
2026-08-21 20:50:00,M-101,77.59622458782047,5.19540747982408,2.9443141598860993,49.10874369026728
2026-08-21 21:00:00,M-102,70.52772121205983,5.228522526686973,2.1090720045825986,57.127119021519654
2026-08-21 21:10:00,M-101,79.26377772563092,4.872224359041231,2.225853935450865,45.70023944538022
2026-08-21 21:20:00,M-104,79.64373925270453,4.789335310820068,2.153308261864834,55.59632241294053
2026-08-21 21:30:00,M-101,71.59477017639128,5.515625452214275,1.9080141118460292,45.30792289395851
2026-08-21 21:40:00,M-102,66.95775633726325,5.580372983668943,2.4528962246520836,41.83201083785566
2026-08-21 21:50:00,M-104,61.57051061133331,5.471701661298831,1.8980926803507805,40.96000913704235
2026-08-21 22:00:00,M-101,64.63981463486604,5.881893142445711,2.369269092129893,40.548525051789326
2026-08-21 22:10:00,M-103,65.1308258755067,4.95620204379478,1.8830275506767429,52.613476201617395
2026-08-21 22:20:00,M-104,78.89234813730752,5.953421844732008,1.6640096182995858,42.80078100232045
2026-08-21 22:30:00,M-104,72.57912293613472,4.794585496650631,2.1278886728826674,40.768798084755396
2026-08-21 22:40:00,M-103,73.94802262045994,4.744291496484179,1.6133660753642627,52.99614653762952
2026-08-21 22:50:00,M-103,60.89789495532437,4.408018503032838,2.1874740787558133,50.29579273330563
2026-08-21 23:00:00,M-104,66.01016785391369,4.999392108777933,1.5820444703680392,54.738143879920614
2026-08-21 23:10:00,M-103,76.43539888223144,4.973324948426746,1.8883471893345014,51.58819657890959
2026-08-21 23:20:00,M-102,73.43387056191293,5.436671776114593,1.4988946062163406,42.72821893861882
2026-08-21 23:30:00,M-102,71.26397360657201,5.309750923729203,2.988458453290955,48.53271691528011
2026-08-21 23:40:00,M-102,74.82421179300061,4.663161983041388,1.42111415413429,48.87593093538774
2026-08-21 23:50:00,M-104,80.17898903067908,5.023273192708382,2.0034348091387417,41.56588939068198
2026-08-22 00:00:00,M-103,70.89478768231474,5.032842090510542,2.4001564960155046,40.267625181342055
2026-08-22 00:10:00,M-103,72.34684901329035,4.4008079888671485,2.362735068005459,43.234948736176065
2026-08-22 00:20:00,M-101,72.96298459365653,4.758573972843984,2.297969742760598,62.256076496704566
2026-08-22 00:30:00,M-101,83.96054817636997,4.85313386622366,1.8889700641224836,45.110791340449154
2026-08-22 00:40:00,M-103,61.50321867790487,5.845131258919426,2.472881131217951,56.630067539707
2026-08-22 00:50:00,M-103,75.41611507394404,5.286152822180809,2.319686881780764,44.719376433641415
2026-08-22 01:00:00,M-103,71.42598875620469,5.497975939276375,2.074304866181167,54.221871736779946
2026-08-22 01:10:00,M-104,74.8338586309209,4.525614026282855,2.0842032652043074,54.31744158890493
2026-08-22 01:20:00,M-103,68.71313723002638,5.737396517356297,1.8936270733346197,54.66813355566431
2026-08-22 01:30:00,M-101,71.75517484570774,5.785495928360842,1.6816217909584366,50.71479139406271
2026-08-22 01:40:00,M-104,75.55705289732748,4.300744764784918,2.433002841417551,57.64156605146806
2026-08-22 01:50:00,M-103,87.5645510052192,4.882607474237869,2.459272797760536,50.6484777854691
2026-08-22 02:00:00,M-101,76.04018094701036,5.423094507856979,1.6905618006395275,59.99470810538196
2026-08-22 02:10:00,M-104,67.75967200984746,5.489974804092182,1.9461751921988328,36.66056137768096
2026-08-22 02:20:00,M-103,69.88120158988649,4.894677371280751,1.9498018742393748,50.43800373366773
2026-08-22 02:30:00,M-103,69.73292945808073,5.062525241625856,1.9885704336908916,49.98326514774966
2026-08-22 02:40:00,M-103,63.021784136849924,4.931178522529686,2.0225032075056535,41.44436107936156
2026-08-22 02:50:00,M-104,70.3495490414928,5.249688121125754,2.331401511576163,52.05708955234617
2026-08-22 03:00:00,M-101,75.66414540910873,5.738730339157861,1.7384739420296398,37.56942127096367
2026-08-22 03:10:00,M-101,65.62883940461603,4.853031029286458,1.7037785529705691,43.4207097196777
2026-08-22 03:20:00,M-102,77.24241325525296,5.650369223995787,2.4328169097500414,34.00638530971534
2026-08-22 03:30:00,M-103,74.43887410542169,4.8482475674439005,1.8380743403415456,58.9103856187397
2026-08-22 03:40:00,M-102,68.32883339014481,4.818567754376402,1.557937626248027,46.37915354238293
2026-08-22 03:50:00,M-102,71.29235181331076,5.568367578254446,1.8302045202650454,63.168188243714184
2026-08-22 04:00:00,M-101,79.99160903820517,5.614871370103428,1.8844815426645998,53.62064948563646
2026-08-22 04:10:00,M-104,75.66773906752933,5.583134471543195,2.544236954704018,51.136687493457174
2026-08-22 04:20:00,M-104,72.04391827449074,4.607891166301837,2.323689174331858,43.89640614003301
2026-08-22 04:30:00,M-101,70.81158341519507,4.9903220598675775,2.4016322158212846,40.67554975018806
2026-08-22 04:40:00,M-104,72.38304535225829,5.570344866401495,2.286990774821375,51.660801017278615
2026-08-22 04:50:00,M-102,69.44118221028849,5.218693828253753,2.33118528506536,47.499401935089125
2026-08-22 05:00:00,M-103,61.476252471404926,4.716838219211141,1.7591712556968886,38.62510779160289
2026-08-22 05:10:00,M-101,82.21088955267365,5.406243072606449,1.9304892456262805,37.38199108444177
2026-08-22 05:20:00,M-103,72.77662499599701,4.878336733453838,1.6535296404417579,41.28907389599491
2026-08-22 05:30:00,M-104,73.99073632561269,6.007536181776496,1.9263291893120384,60.74677057686361
2026-08-22 05:40:00,M-103,71.71046125061545,5.895178658088216,2.239436746827159,63.49294542607913
2026-08-22 05:50:00,M-104,68.32441599637706,5.4718438418600055,2.0471041496842863,49.43492403116237
2026-08-22 06:00:00,M-104,71.07037759525615,5.812453017146399,2.4590182866361032,49.04259957368902
2026-08-22 06:10:00,M-102,64.00302618902845,5.2291561075555215,1.6005044727204734,45.64575739719335
2026-08-22 06:20:00,M-104,83.38543249026652,5.5444468724687574,2.175083422744384,41.45860256183349
2026-08-22 06:30:00,M-102,65.82744000788801,5.8649741328859335,1.5630940193457388,57.62625340325071
2026-08-22 06:40:00,M-102,66.8401685807641,5.310474406807441,2.032961764210775,61.11503475727995
2026-08-22 06:50:00,M-102,69.798703978068,5.085165772818573,2.2591166978947674,41.746066399125
2026-08-22 07:00:00,M-101,78.44037862426188,4.432920118820298,1.9249241016115233,47.42013135102779
2026-08-22 07:10:00,M-101,72.07254499631327,5.162589913425328,2.1928943114304347,44.850935895028826
2026-08-22 07:20:00,M-104,65.81932101984769,5.57054043305304,1.6640936828084731,45.05832647594516
2026-08-22 07:30:00,M-102,78.2716918037867,5.625535042405433,1.417708507631266,56.301357788009035
2026-08-22 07:40:00,M-101,75.65500313392741,5.426964279573284,2.1949603678707312,38.816269182437146
2026-08-22 07:50:00,M-102,74.69217478608226,4.956415407266992,2.6104035819265063,51.265287836554144
2026-08-22 08:00:00,M-103,75.5786712058542,4.310430293973584,1.6513842709405377,53.09766675114106
2026-08-22 08:10:00,M-103,83.97180950291225,4.977153205897869,2.427767963037378,47.00494178478726
2026-08-22 08:20:00,M-103,82.92547447518056,5.063044808025722,2.0151981930857437,54.25147478890741
2026-08-22 08:30:00,M-104,68.56642328498353,5.059181964764494,1.5325079674074233,49.03356288376215
2026-08-22 08:40:00,M-102,80.11942496405577,5.478350360640066,1.603973144526743,56.51990944809279
2026-08-22 08:50:00,M-103,73.9158409487945,6.093554384956678,2.0055246706762273,37.34456286551902
2026-08-22 09:00:00,M-101,74.49547908068875,5.255588140828492,1.8584381992265637,45.55857317295192
2026-08-22 09:10:00,M-103,63.53864584178336,5.102470694879592,1.5404804581346163,47.49730800004276
2026-08-22 09:20:00,M-103,71.14807117305902,5.083350184148158,1.4070862515711082,29.294548308700556
2026-08-22 09:30:00,M-103,67.93588204831718,5.255973145108472,1.703648235225723,40.39833086495025
2026-08-22 09:40:00,M-104,76.14029407446654,4.827267807843221,2.0678331529158913,42.30480521948849
2026-08-22 09:50:00,M-101,77.35540250201403,5.2540893514357245,1.9977597365889017,54.63744196376345
2026-08-22 10:00:00,M-102,61.62756824491844,5.4028655513493105,1.8245667148749727,43.0520965757978
2026-08-22 10:10:00,M-101,71.88982567997864,5.29435872860852,2.070660518002019,42.27344708885816
2026-08-22 10:20:00,M-102,77.60930752397127,5.405893870302152,2.3640093519519407,53.72240046459334
2026-08-22 10:30:00,M-104,71.06660518843277,5.395186424206841,2.137944278651952,36.67462547946962
2026-08-22 10:40:00,M-104,75.64531822501182,4.402646492989101,1.9575419650136467,33.50129152789499
2026-08-22 10:50:00,M-104,73.75582733813542,5.486591571277931,2.3248252023312412,45.46885389951458
2026-08-22 11:00:00,M-104,73.70830115976314,4.898043319451896,1.6640523942242968,37.86605262345151
2026-08-22 11:10:00,M-102,70.64342510965851,4.706872376648219,1.9212781611556269,38.13224493738245
2026-08-22 11:20:00,M-103,65.91709597932146,4.702996677465252,1.9296192225398712,52.01403654181587
2026-08-22 11:30:00,M-102,66.39234926287486,5.3950937247126385,1.567066359545004,54.13181686538805
2026-08-22 11:40:00,M-101,75.54676257227659,5.099841282748816,1.8530440432004749,53.52204951096488
2026-08-22 11:50:00,M-104,72.09729127759442,4.443114047206565,1.2737641116866438,55.76143662215063
2026-08-22 12:00:00,M-104,71.30743877696388,5.415117016836528,2.6692623166820337,56.687940240103615
2026-08-22 12:10:00,M-101,69.88054978838824,4.552176341140528,1.6719051740472906,33.09986853821148
2026-08-22 12:20:00,M-102,70.47405577259624,5.262919611333195,2.555139945997459,51.152883719506264
2026-08-22 12:30:00,M-103,77.2345589724407,5.307324516552875,2.0133295770018225,44.29274260301309
2026-08-22 12:40:00,M-103,70.32377959065987,5.59850968676277,2.1977024462545858,42.768030278066945
2026-08-22 12:50:00,M-101,65.29467643349216,6.0017581539100835,1.828920070577174,51.92290242546094
2026-08-22 13:00:00,M-103,75.71825887770086,4.585895653344757,2.072775392186586,35.88793164072974
2026-08-22 13:10:00,M-102,70.97561668067641,5.176386764771628,2.2276713739959524,35.74223975889376
2026-08-22 13:20:00,M-102,72.15697932766388,5.075649117230102,2.2325933450379636,52.43500920857202
2026-08-22 13:30:00,M-101,80.03789153199756,5.395187358682433,2.271170686526025,51.41450212257629
2026-08-22 13:40:00,M-102,71.89719721324747,5.297050946920129,1.8710835514862882,48.95712859110057
2026-08-22 13:50:00,M-104,73.44591836559363,5.041354190768521,1.8318741146280257,41.840606166938045
2026-08-22 14:00:00,M-101,66.10538254350837,5.001594015125115,1.4420382861563388,53.20680744207487
2026-08-22 14:10:00,M-102,70.9016527382452,4.697597115167179,2.183126653911928,52.76212024442333
2026-08-22 14:20:00,M-101,75.04763022604301,5.644537712082929,2.3788325489632047,48.59713160533218
2026-08-22 14:30:00,M-103,64.22313133079379,5.406641881719788,2.5655935879712755,39.7587527111116
2026-08-22 14:40:00,M-102,73.00422546557854,5.612995689007812,2.1068104221031776,45.02326157989345
2026-08-22 14:50:00,M-104,72.50395536322404,5.060321738586019,1.7317320794820008,53.8648357426711
2026-08-22 15:00:00,M-102,72.2064372779372,4.904424039087506,1.4060163498486906,57.29033855961251
2026-08-22 15:10:00,M-101,77.18579449329121,4.714758220016847,2.3645833565791725,45.7142437763657
2026-08-22 15:20:00,M-101,73.6721925742426,5.361512912683297,1.3713032016278626,46.25228922534216
2026-08-22 15:30:00,M-102,79.39035949178222,4.7320930489622945,1.8807885727896816,46.86817624382457
2026-08-22 15:40:00,M-104,67.03205242202982,6.031898381034948,1.9214926102197238,49.924251062376804
2026-08-22 15:50:00,M-104,72.67962283609174,4.611560838507952,1.9756907017521432,43.932528899579836
2026-08-22 16:00:00,M-104,72.42233393194974,5.323147053645626,2.012530910012544,27.740704596998913
2026-08-22 16:10:00,M-101,66.6537275312246,5.905084618246204,2.048351644728651,56.349383011529675
2026-08-22 16:20:00,M-102,76.78147501045673,5.4695903916687145,1.1546228582725147,60.562822630137845
2026-08-22 16:30:00,M-103,83.62336652926409,5.279053170621301,2.0051295684545445,43.713200982760014
2026-08-22 16:40:00,M-101,71.91496962758085,4.7641823588671475,1.2196485490608429,40.533426417568585
2026-08-22 16:50:00,M-104,74.52510544136884,4.578203865144533,2.2562763255818483,47.040296343268444
2026-08-22 17:00:00,M-102,72.42259237907663,5.546522549012914,1.8057061954687357,46.68747281389859
2026-08-22 17:10:00,M-104,68.43207665046413,5.877766258348726,1.2450371461718275,54.96863004014072
2026-08-22 17:20:00,M-103,62.89619861098992,5.002517504284823,1.7150283629151184,48.382476091515265
2026-08-22 17:30:00,M-104,68.47113258452318,4.687422321572642,1.8004736312853713,42.451640187401715
2026-08-22 17:40:00,M-104,65.04020809524134,4.093823756252942,2.4167448661442514,38.771133846093655
2026-08-22 17:50:00,M-103,80.52051039029558,4.7586558203518585,2.0688232096125856,54.05943929373771
2026-08-22 18:00:00,M-102,71.4244515303838,5.148854420875432,2.120555730522703,52.19657868814975
2026-08-22 18:10:00,M-101,70.27040335476414,5.91960545837653,2.4134275719772105,55.42391914664273
2026-08-22 18:20:00,M-102,76.44576912393903,5.502910161504836,1.9663494992264288,41.22269274495234
2026-08-22 18:30:00,M-103,66.39124448572056,5.337288432118039,2.263965786361341,60.869058296698306
2026-08-22 18:40:00,M-104,68.16567980997723,5.019946152414491,2.239351389876197,35.79413845059934
2026-08-22 18:50:00,M-102,72.3403613462431,4.93757542723482,1.5497356772507058,52.967207149810356
2026-08-22 19:00:00,M-101,77.14384495711741,5.832541418878584,2.5155442521704403,34.63292062962169
2026-08-22 19:10:00,M-103,74.50842522584394,5.290332343341276,1.502894376975257,42.467680328110724
2026-08-22 19:20:00,M-102,73.2416257125794,4.25382968863554,2.3210783273172466,58.92716051313572
2026-08-22 19:30:00,M-101,72.39058867618009,4.896907158446241,1.4690244370830285,53.81954978133193
2026-08-22 19:40:00,M-103,74.00117927763388,4.8138027857027685,2.2104328758530856,44.176457091589725
2026-08-22 19:50:00,M-101,73.00826452564627,4.954181195870141,2.65167020735256,44.36814070024818
2026-08-22 20:00:00,M-103,66.85013862611532,5.453309797128289,1.925457470207426,48.704354775848095
2026-08-22 20:10:00,M-104,72.23039610816576,5.151649803192588,1.9102755250013987,51.59898693532506
2026-08-22 20:20:00,M-102,66.63155670541124,5.165410566848352,2.213653999760897,56.761055678778874
2026-08-22 20:30:00,M-101,72.40541271450412,5.791062922596357,1.88471124041311,44.806361967740536
2026-08-22 20:40:00,M-103,69.5967602925588,4.886592509595991,2.6363975463099876,36.717504555589585
2026-08-22 20:50:00,M-101,84.6969081139143,6.038889786649308,2.0672672873105435,49.09878038934132
2026-08-22 21:00:00,M-101,71.80052808124144,4.897911583883012,1.887940672122746,44.79798413744123
2026-08-22 21:10:00,M-102,64.97880216869206,5.240139188475657,1.8109000652365108,38.89556406676087
2026-08-22 21:20:00,M-104,71.32909894661537,5.073458382068755,1.6734680354394427,50.08368240718956
2026-08-22 21:30:00,M-101,74.59679372818944,5.255538610075432,1.7802857546348787,46.508203721350476
2026-08-22 21:40:00,M-103,80.36681973076261,5.400066397782909,1.8772643122194912,50.14558544528856
2026-08-22 21:50:00,M-103,69.0527380003064,5.3952258580399945,1.829326324275497,41.738890598689736
2026-08-22 22:00:00,M-104,64.0878601298818,4.861097201220739,1.7696386540520137,51.40697371227849
2026-08-22 22:10:00,M-103,76.08418505715491,4.694688395148593,2.734594430623354,38.78031262271515
2026-08-22 22:20:00,M-104,65.09700647050174,6.32642730590757,1.6394667232286786,42.20588027212392
2026-08-22 22:30:00,M-103,69.81922279246257,4.9822070471797515,2.0513214056761613,46.29960038238906
2026-08-22 22:40:00,M-102,70.71189757244503,5.514645597402394,2.207382353416305,60.192728904717995
2026-08-22 22:50:00,M-101,71.65183273349946,4.476561410264561,2.2205377984543064,53.49377757983946
2026-08-22 23:00:00,M-102,75.44582228537168,5.074174276042895,1.9794875234761349,55.54034752987453
2026-08-22 23:10:00,M-101,68.58182858856806,5.142760277207901,1.9157540998534417,57.91953923340201
2026-08-22 23:20:00,M-101,70.6313537391662,5.412766781467525,2.1580416219338274,73.21982495067611
2026-08-22 23:30:00,M-101,71.92864823525306,3.9748956365536277,2.0932825774923702,48.291123472909035
2026-08-22 23:40:00,M-102,72.74798978759394,5.274763275885249,1.9093644078313703,57.94280646190899
2026-08-22 23:50:00,M-101,72.48913587353961,4.6826163450844485,1.4533424998964493,55.088446780813584
2026-08-23 00:00:00,M-102,74.1800288761129,5.345955570037716,1.8362266971833634,54.97222752315268
2026-08-23 00:10:00,M-104,76.21919754820868,4.7336518614228265,1.5987074427023897,60.41967732628127
2026-08-23 00:20:00,M-103,73.96317057825485,4.815032786833489,1.7664941574767856,45.06480878310867
2026-08-23 00:30:00,M-103,74.26792761754609,5.076867575323029,2.0116281334809356,44.50920483244534
2026-08-23 00:40:00,M-101,64.0888841662676,4.726451738678563,2.125557650398816,50.23835859437303
2026-08-23 00:50:00,M-102,72.2511384958284,4.98600949896909,2.6231584629523423,46.72110159654679
2026-08-23 01:00:00,M-103,74.39753774000805,4.662980904155508,1.8119077673836652,50.22950597098721
2026-08-23 01:10:00,M-102,75.64470597285225,4.3750732967355725,2.2711189723463026,58.93924149537108
2026-08-23 01:20:00,M-102,68.53824612883103,5.658080673593212,2.107086008553243,44.65297294105605
2026-08-23 01:30:00,M-101,68.70480362555678,4.616778088229232,2.4535991847239265,45.867247261843886
2026-08-23 01:40:00,M-103,69.12949662358201,5.119593600576407,2.201680051858469,49.22017702468604
2026-08-23 01:50:00,M-101,74.68206949945672,5.538800986672204,1.6470315004497893,46.40177101782381
2026-08-23 02:00:00,M-101,77.16940527462104,4.923275153867781,1.3969338897480692,34.60195920390559
2026-08-23 02:10:00,M-103,69.962699463542,4.828675345114508,2.1089415948836265,43.939106501107425
2026-08-23 02:20:00,M-103,76.53981156813525,5.3018071399003395,1.8150421507348633,52.81161269566253
2026-08-23 02:30:00,M-104,72.61739904582296,5.703070220227219,1.656890188917291,58.06282725652852
2026-08-23 02:40:00,M-104,71.37857111418782,4.673808130711089,1.5563478034134228,39.917670027235914
2026-08-23 02:50:00,M-102,70.94307885091015,5.132433475592153,2.0563414241555042,39.8850232053841
2026-08-23 03:00:00,M-103,75.73305682301078,4.4203774322647025,2.5276976947596776,48.21163661902135
2026-08-23 03:10:00,M-104,73.62788908393534,5.0230595483430145,1.8569646790028855,33.47083454585514
2026-08-23 03:20:00,M-102,83.37912713823819,5.215392108042134,2.2065946088763626,44.885208579090104
2026-08-23 03:30:00,M-102,67.73887678501337,4.81541891121022,1.9642067774238425,35.84770558314025
2026-08-23 03:40:00,M-102,74.59050851014987,4.994353674778646,1.5487162688138125,57.583429098897255
2026-08-23 03:50:00,M-104,69.35399495094244,4.566297954261648,2.2571839702286463,42.614681919547166
2026-08-23 04:00:00,M-103,67.65356506505678,5.234685375121672,1.6168577845904202,59.56983930437319
2026-08-23 04:10:00,M-101,71.94566431482514,5.675062411997418,2.0075693207077476,55.79464947420837
2026-08-23 04:20:00,M-102,72.68676239703518,4.706285258603292,1.8804678547481433,43.47577891611808
2026-08-23 04:30:00,M-104,86.59086777530047,4.919797705051428,2.312577102097992,40.49628254207746
2026-08-23 04:40:00,M-104,71.07927092158398,5.426145810904382,1.6296471526352596,46.64517975582688
2026-08-23 04:50:00,M-101,66.34910635257658,5.7454408236952315,2.136804467730686,47.267473630192576
2026-08-23 05:00:00,M-101,73.36505358747193,4.528064584505981,1.7060709074279548,50.42302860766681
2026-08-23 05:10:00,M-104,61.62679981226816,5.124046868162823,1.8211131756849253,42.564196973288745
2026-08-23 05:20:00,M-103,71.54021608697867,5.3274088700437865,0.7276799203609643,53.22476411465542
2026-08-23 05:30:00,M-101,72.0801264114758,5.154074624217019,2.732234500066268,49.857296384999295
2026-08-23 05:40:00,M-104,75.97300191472605,4.085443569905311,2.1926949264891813,45.61723390298895
2026-08-23 05:50:00,M-101,76.86811124713924,5.425490504188947,1.7314283799216423,43.01571541207384
2026-08-23 06:00:00,M-103,69.48215190546141,5.88370135799079,1.6063705090834521,46.7058051183092
2026-08-23 06:10:00,M-102,71.24692992685033,5.252497788026277,1.8265229364922309,42.28169123720701
2026-08-23 06:20:00,M-101,68.16939584694664,4.736002276017581,2.250907837186808,48.40907086418511
2026-08-23 06:30:00,M-103,66.35968722596154,4.969092739136073,1.337770276045276,48.59807079653937
2026-08-23 06:40:00,M-104,73.54947389690317,5.996460880445017,1.9504454532469817,49.83195098433438
2026-08-23 06:50:00,M-101,65.632072257017,5.609483143387251,2.6197246553619356,60.36369686770298
2026-08-23 07:00:00,M-101,69.92686549714068,5.488011978272948,1.6031187824112685,47.07288696210299
2026-08-23 07:10:00,M-104,67.02413020050382,5.36038566259047,2.0281347635672793,55.032185069871375
2026-08-23 07:20:00,M-102,74.7484159314513,4.902488299514062,2.771158435340215,49.60711177882991
2026-08-23 07:30:00,M-104,81.00715049633244,5.1097429687049045,2.2212530703917706,46.332289886710825
2026-08-23 07:40:00,M-101,65.49206008598334,5.164934768944668,2.0440733371699094,47.165885110341364
2026-08-23 07:50:00,M-104,62.734907585512154,5.447308442229,2.1773227592181508,47.588215135823646
2026-08-23 08:00:00,M-103,71.37556557324966,5.879013502420107,1.859697132746604,49.95837395409752
2026-08-23 08:10:00,M-104,72.07848897978879,5.703252161556907,2.454870949856204,41.28475464346721
2026-08-23 08:20:00,M-101,73.09329653378649,4.561277039891782,1.8602344919849259,37.742617315885234
2026-08-23 08:30:00,M-104,69.76839742382828,5.300797736005472,1.314286436942408,52.58008175431993
2026-08-23 08:40:00,M-102,70.99680350587285,5.531543505325554,1.863043913620839,54.28686682806882
2026-08-23 08:50:00,M-104,73.83755205270302,5.478487148565086,1.6616429145431537,53.21945082961962
2026-08-23 09:00:00,M-102,77.20215446322419,4.916844806475662,1.9015820957308998,49.08480412989531
2026-08-23 09:10:00,M-103,62.22475614840859,6.511349147095763,1.9093205793217791,53.37057239217302
2026-08-23 09:20:00,M-102,70.15530280484269,4.625311946950997,2.4190981199317174,52.99400318212
2026-08-23 09:30:00,M-104,73.06904396970532,4.712565199000277,2.243352454332535,53.513405512684685
2026-08-23 09:40:00,M-101,67.41011947694632,5.30511778656771,2.092142920651389,41.98321425060521
2026-08-23 09:50:00,M-102,80.6558481588365,6.152561374733734,1.9989691060335917,40.32133741991758
2026-08-23 10:00:00,M-103,68.82295059885631,4.823712317183123,1.629399696899702,45.280015272734104
2026-08-23 10:10:00,M-102,71.79353656496359,5.080377235458854,1.236588666817013,47.87831123320141
2026-08-23 10:20:00,M-102,74.78011048421145,5.684782152857062,2.039606003987474,46.30655211007397
2026-08-23 10:30:00,M-102,69.04357605599053,5.1919620303005205,2.2781244212507805,34.863167680634874
2026-08-23 10:40:00,M-103,62.76713476097791,5.049428265461367,1.9620831408643937,60.051848284946
2026-08-23 10:50:00,M-104,69.85672736541733,5.454534805849025,1.8128009870246549,46.08167807779985
2026-08-23 11:00:00,M-102,77.14720277963521,5.322633095603317,2.1625757578249742,49.208930916038675
2026-08-23 11:10:00,M-102,70.31552436607431,5.663697453536557,1.9708337297814786,56.71184293534141
2026-08-23 11:20:00,M-101,67.7678284927051,5.781161000079414,2.5900104671908863,31.585194113351562
2026-08-23 11:30:00,M-103,76.62836104751361,5.338151377002413,2.4314549197238997,44.418142896618015
2026-08-23 11:40:00,M-102,70.34612551988474,5.331279726420239,2.3358278199581655,45.29017908494137
2026-08-23 11:50:00,M-103,69.44919593174892,5.29634994202876,2.2652069399734662,45.64582968184549
2026-08-23 12:00:00,M-102,72.74728044831654,5.420108750492179,1.5484414049419901,46.78559386500233
2026-08-23 12:10:00,M-104,75.85375104809394,5.224826787042159,2.23204779571841,58.129943589113914
2026-08-23 12:20:00,M-104,83.90856765866273,5.19972618295497,2.1317140851763012,52.71421213009056
2026-08-23 12:30:00,M-102,76.13618053828712,5.738482204372259,2.212248654936907,54.70624688040181
2026-08-23 12:40:00,M-104,77.79919983194172,5.8822522811597695,2.1724133203845684,48.32984190267646
2026-08-23 12:50:00,M-102,69.47016900506073,4.521601174914961,2.158466905746823,38.204388676981495
2026-08-23 13:00:00,M-104,66.87065947015262,5.204509518283256,2.9453032643423582,33.44212075397795
2026-08-23 13:10:00,M-101,72.31165674809561,4.890087504949644,1.9733350155168283,37.29414593737859
2026-08-23 13:20:00,M-101,72.53584957629798,5.060062840081268,2.3277180832902657,50.51835992916214
2026-08-23 13:30:00,M-101,66.60743629317702,5.381132294380895,1.8351535664075989,48.22238798888345
2026-08-23 13:40:00,M-103,71.12352735047993,5.501247267194111,2.276724554360685,46.52885446710795
2026-08-23 13:50:00,M-103,73.99658800859565,5.149543100374895,2.3287619615813595,45.41996165281904
2026-08-23 14:00:00,M-101,73.8019669750904,4.338996849374739,2.127549126997372,62.08205102809923
2026-08-23 14:10:00,M-103,74.52143926692136,4.765729488740719,2.584236429831775,42.23967486316468
2026-08-23 14:20:00,M-104,73.45482365068722,5.603424851590075,1.690503387273854,54.49473619281241
2026-08-23 14:30:00,M-102,69.46495670364972,3.966808110084281,1.8294726704161222,48.01339055214696
2026-08-23 14:40:00,M-102,69.43049686675579,5.7343422182569,2.0743330301082215,47.57342341749802
2026-08-23 14:50:00,M-102,66.00524301003063,5.434553495790044,2.3082823987194776,56.23646284031721
2026-08-23 15:00:00,M-101,80.92387519592548,5.79227923668851,2.0628003324532265,58.23771267884011
2026-08-23 15:10:00,M-103,72.06725182309647,5.110643865903568,2.450015662778698,46.323153801806136
2026-08-23 15:20:00,M-104,70.87573472102574,4.272367559189693,1.7684085451617881,53.594419034694994
2026-08-23 15:30:00,M-104,67.3560395927377,5.393663188677924,1.600797528679006,50.54723953505038
2026-08-23 15:40:00,M-101,86.6782895116389,5.773593905817254,2.1078449177877765,48.0520599716694
2026-08-23 15:50:00,M-104,66.63335983888553,5.61612481248104,1.9729869033602063,49.429784598599184
2026-08-23 16:00:00,M-104,69.85576037196964,4.901788832430384,2.190002302125377,43.18393829608614
2026-08-23 16:10:00,M-104,74.0791841814303,5.239042483958191,1.9904091981967236,45.8573042466824
2026-08-23 16:20:00,M-104,75.00106482872138,4.960223679049035,1.88099307328179,43.935553041731055
2026-08-23 16:30:00,M-103,76.78966027607842,4.831330091114783,1.9737718498966967,54.30963701500244
2026-08-23 16:40:00,M-104,81.03804253884631,5.629924857030933,2.010097113177615,47.33359219121256
2026-08-23 16:50:00,M-102,74.53078827730356,4.661110459930677,1.8932565450530843,38.91600182769473
2026-08-23 17:00:00,M-101,66.71984600016665,4.7977826062382745,1.9289037837868002,42.93593943785839
2026-08-23 17:10:00,M-103,70.71527437439109,4.703188464937426,1.8587423320545815,25.605147483514752
2026-08-23 17:20:00,M-104,73.53916186256943,4.52938861451543,2.2998327919542922,44.53855178682496
2026-08-23 17:30:00,M-103,82.34113020752912,5.265886431329172,2.0679073515770297,48.26351545568005
2026-08-23 17:40:00,M-104,65.01097260787851,5.722676371816889,2.7898633652590683,47.04704905793118
2026-08-23 17:50:00,M-102,78.01288252612613,5.116805459689631,2.0562465929474616,61.86108046071975
2026-08-23 18:00:00,M-101,72.89957184773209,4.522413489746125,1.8071998853849685,52.02434228640526
2026-08-23 18:10:00,M-104,76.1891526761474,5.577975042883913,2.9347363812020726,51.71316297162406
2026-08-23 18:20:00,M-104,71.49002641682034,5.958565789315737,2.1447692322000176,36.497116758008055
2026-08-23 18:30:00,M-104,67.78783684936838,4.909190954134033,2.346543675412486,45.44750562118007
2026-08-23 18:40:00,M-104,75.75436389700666,4.984650579977027,2.2072360441208723,44.59336034873413
2026-08-23 18:50:00,M-101,75.27215513552811,5.4320472835375275,2.218053860254212,42.497431608343945
2026-08-23 19:00:00,M-101,76.86028482869861,5.929843186503273,2.187478917973366,42.40083534140658
2026-08-23 19:10:00,M-102,71.93347682310683,4.966074634423649,1.6142704023283772,35.34313932240863
2026-08-23 19:20:00,M-101,69.00088988340076,4.600397598550808,2.128635166646494,39.069027567230705
2026-08-23 19:30:00,M-104,64.20606502488079,5.484138372822583,1.5362985436524164,54.11865381935464
2026-08-23 19:40:00,M-102,76.09686634069703,5.5595806329140345,1.938973007255613,46.99959715604773
2026-08-23 19:50:00,M-102,74.11944741221993,5.202759152695852,1.7460338902028494,44.45518307207966
2026-08-23 20:00:00,M-102,67.1710868356802,4.9488400331541476,2.1251145650470535,47.96212065743104
2026-08-23 20:10:00,M-104,69.30713163351687,5.647470428946421,2.1169441865683822,56.17173475090806
2026-08-23 20:20:00,M-103,69.6662059402428,5.437616202046584,2.1684010617678156,48.0294736461305
2026-08-23 20:30:00,M-104,64.5850778400879,4.854204017393428,2.1005538004621807,51.782618916517265
2026-08-23 20:40:00,M-101,67.91158801697433,5.222092629087553,1.7876111303747604,42.073766103282196
2026-08-23 20:50:00,M-101,66.33084821596823,4.591731610588909,1.9086487787269122,43.66959034477296
2026-08-23 21:00:00,M-104,69.93760494056032,5.508650705397065,2.3221386564390696,50.47783819544573
2026-08-23 21:10:00,M-104,68.30651250835218,5.081994893777715,2.37374983705304,61.248575958359794
2026-08-23 21:20:00,M-102,63.86497539566626,5.003930125426868,1.5986259154807079,58.00842401660412
2026-08-23 21:30:00,M-104,82.1129511528474,5.185206481681405,1.4641753286205739,52.079796486192976
2026-08-23 21:40:00,M-102,78.26270365514615,5.218138464698612,1.7455887158783507,49.060036321125025
2026-08-23 21:50:00,M-101,68.10490289240008,5.602718527704503,2.365822653711288,57.807485489390196
2026-08-23 22:00:00,M-102,73.36210698326805,5.46599073909635,2.425209410564062,53.56274826131587
2026-08-23 22:10:00,M-104,74.08732544910647,5.129615824543239,1.67635084185959,31.94436584340537
2026-08-23 22:20:00,M-101,77.95542927386738,5.543650667373548,2.1075582738077183,40.622484065013445
2026-08-23 22:30:00,M-103,67.90697486669961,5.380331764161226,2.6420509665990304,50.36698227750552
2026-08-23 22:40:00,M-102,77.46053391991214,5.008030163671283,2.145359017034117,35.49122704114319
2026-08-23 22:50:00,M-101,69.26047347896532,5.143876828793582,2.497526149831583,41.71687696670197
2026-08-23 23:00:00,M-102,65.32068797915693,5.133299700020596,2.3495542995290846,43.10129539439418
2026-08-23 23:10:00,M-101,75.62068279657248,5.427367604428391,1.6814304528202313,46.20683865627917
2026-08-23 23:20:00,M-101,78.45379212061214,5.034839823375261,1.9335065017760227,45.987988542416545
2026-08-23 23:30:00,M-102,84.93954486765342,5.024315866110265,2.012164067402147,45.976157009832214
2026-08-23 23:40:00,M-103,66.00137367454893,6.0859407892452815,2.036446685807469,53.777152620682195
2026-08-23 23:50:00,M-101,75.49459842540395,5.622880966786197,2.3207151337034997,46.14343294184626
2026-08-24 00:00:00,M-101,69.95099378103234,4.8577297010086875,2.143039666796393,45.30758907550136
2026-08-24 00:10:00,M-101,75.91679355262016,5.456923447273989,0.9723296696776598,38.55579527099539
2026-08-24 00:20:00,M-103,64.64755224384375,5.25325752954483,1.540505904417546,55.17042341390077
2026-08-24 00:30:00,M-103,65.68615112150718,5.376198028867043,1.234416679758385,43.2995174023676
2026-08-24 00:40:00,M-104,68.12062588416758,5.261803596054297,2.061377834229367,40.39078770399107
2026-08-24 00:50:00,M-102,72.39482022834042,5.735339190468356,2.0841706773137165,49.4916340240828
2026-08-24 01:00:00,M-103,68.79459366730822,5.3555291550931505,2.0991287355137516,42.63141116331856
2026-08-24 01:10:00,M-102,75.2952717195671,5.172060085803571,1.6643751062998844,44.31833082143994
2026-08-24 01:20:00,M-104,77.13447309128958,5.668985759642358,2.235950401791996,49.80922122023348
2026-08-24 01:30:00,M-102,74.99788770622678,5.304978268489543,2.2506918737639854,45.7146216335431
2026-08-24 01:40:00,M-103,80.09393819830434,5.254665360698076,1.5606978264781948,64.18126562710444
2026-08-24 01:50:00,M-102,74.07913314727672,5.341310171118752,1.4868866294928949,47.47620019676562
2026-08-24 02:00:00,M-103,65.91551644829916,5.157875939485136,1.9999539098205716,52.324867532154556
2026-08-24 02:10:00,M-102,78.81688256769169,5.204152146847961,2.6271237957646756,34.40814166754939
2026-08-24 02:20:00,M-103,68.97421882197001,4.935987435057157,2.5949099597695247,41.97545607659689
2026-08-24 02:30:00,M-103,76.55209249842785,4.861974751169255,2.1971915261568182,40.391604135583016
2026-08-24 02:40:00,M-102,79.86867108277553,4.750643326082902,1.7445011649469733,41.3193419368816
2026-08-24 02:50:00,M-104,74.283440053652,4.573607520941316,2.3103949308210048,50.90876595685902
2026-08-24 03:00:00,M-101,64.51920593417675,4.80412718737695,1.8416515073168356,55.24895547444187
2026-08-24 03:10:00,M-104,67.40893916745104,5.121579834489884,1.7313725371641664,50.412413532441576
2026-08-24 03:20:00,M-102,78.61372233442567,5.246402912100537,1.2496116089323022,46.413487635035835
2026-08-24 03:30:00,M-104,71.15438657178592,5.077916546583562,2.0358337694216786,43.58401472901306
2026-08-24 03:40:00,M-103,72.39786767471082,4.139933429442689,1.7795464278019186,55.79519825830556
2026-08-24 03:50:00,M-101,75.79412208081804,5.908563860993054,2.0337506328349764,62.49878817908403
2026-08-24 04:00:00,M-102,75.48161431040161,5.688916055300672,1.1952248063170285,48.945389933485835
2026-08-24 04:10:00,M-102,73.3939990619273,5.400591933047708,2.0594393354042904,54.575541448501006
2026-08-24 04:20:00,M-102,70.95665814389767,6.058370802648971,1.1491075926099303,50.403592448568325
2026-08-24 04:30:00,M-101,70.43665777133822,4.76018614713233,2.380779088643993,53.28853434525912
2026-08-24 04:40:00,M-103,76.28949412645672,6.049431304281702,2.1826619319472798,39.84817255322918
2026-08-24 04:50:00,M-102,74.76784765533897,4.765653665462254,1.9024673300013943,44.58304603900513
2026-08-24 05:00:00,M-104,70.71349999691105,5.307432066381111,2.1969519510287276,50.768286080319086
2026-08-24 05:10:00,M-102,77.4105615649657,4.626773203689608,1.6576740080677568,56.48743660857386
2026-08-24 05:20:00,M-102,71.35482942435108,5.206612342994966,2.0253314304652124,42.27306044853628
2026-08-24 05:30:00,M-102,67.74168912832803,5.373774924099275,2.2781709134611177,33.766906222719115
2026-08-24 05:40:00,M-102,68.20514650548327,5.130389350989451,0.9169987628180136,44.51214901491126
2026-08-24 05:50:00,M-103,67.10629581845117,5.521244849840562,1.8434714741128666,55.07091500043775
2026-08-24 06:00:00,M-104,70.63794991698157,5.244556502269266,1.992074554452269,36.912730862385054
2026-08-24 06:10:00,M-103,78.16862139168097,4.964913372230121,1.9312972337889818,39.76156075507891
2026-08-24 06:20:00,M-104,67.97452409484745,4.944934006988947,2.509985639179592,49.09143010235778
2026-08-24 06:30:00,M-102,72.94237880509051,5.5649111976770635,1.6066346062769905,47.188201230669755
2026-08-24 06:40:00,M-101,68.71655327186294,4.9058160865868645,1.78259426479417,52.16126537087259
2026-08-24 06:50:00,M-103,70.69845479364281,5.6119313367182215,1.329445840792043,39.39891267688095
2026-08-24 07:00:00,M-101,64.44979394007373,5.750220306774369,2.528600327945601,45.72514984081933
2026-08-24 07:10:00,M-103,70.89730885421731,4.449078761944242,1.91379845008692,56.366297816821685
2026-08-24 07:20:00,M-102,71.03147310097519,5.709816874285465,1.8465568891871524,39.64972664454251
2026-08-24 07:30:00,M-103,74.70143972017847,6.127190214300114,1.98163106119125,58.33838607417188
2026-08-24 07:40:00,M-102,73.11640456627686,5.313401692540868,2.2226825399506134,40.528081098779175
2026-08-24 07:50:00,M-103,66.00803937523978,5.46958788338267,2.1215771912306436,53.94567104164328
2026-08-24 08:00:00,M-102,77.42099122021772,5.666652395966121,2.9267594747449808,45.38929042850812
2026-08-24 08:10:00,M-102,73.05151520110998,5.07603295816944,2.1588775609413213,39.98564219652717
2026-08-24 08:20:00,M-104,72.99196758588744,5.2820261005920415,1.8371640997908216,44.52170666993181
2026-08-24 08:30:00,M-102,71.9540882330743,4.608610211669601,1.8035251418666185,51.81450431725296
2026-08-24 08:40:00,M-104,69.4112127638889,5.262385762838703,1.8625343666541168,47.952022035689566
2026-08-24 08:50:00,M-102,73.08901169874363,5.424150398040044,1.4743570763795568,55.829285880103406
2026-08-24 09:00:00,M-101,74.37794217964291,5.432273360316912,2.013952472622055,58.05018042654417
2026-08-24 09:10:00,M-102,63.26552154327223,5.6794411256189115,2.274213837173121,39.71878534277505
2026-08-24 09:20:00,M-101,69.30619581326953,4.851339019839012,1.7853227397818674,39.206115985627584
2026-08-24 09:30:00,M-101,70.72526514798206,4.960326959496927,1.717416980300561,38.86644358465411
2026-08-24 09:40:00,M-102,73.28085302847138,6.05297830569611,2.530580801202982,41.70562732766386
2026-08-24 09:50:00,M-101,77.96655502963563,5.132352231806331,1.5007308951825922,55.72950164573821
2026-08-24 10:00:00,M-104,68.14129592701609,5.2900152042905475,1.2762635682329446,51.92253365466715
2026-08-24 10:10:00,M-103,69.51019076591079,5.169845481223651,1.596484319723416,44.18480698954298
2026-08-24 10:20:00,M-102,69.43732944676725,4.83024362816274,1.4608485490064962,47.92228186564016
2026-08-24 10:30:00,M-101,67.9923620494773,5.930588144901313,2.1351791224366035,57.83013853616157
2026-08-24 10:40:00,M-102,70.26406752443869,4.962534364635728,1.8737534248426493,61.356075956853836
2026-08-24 10:50:00,M-104,75.85401109993985,4.692721514331882,1.923109534241656,49.815690334099614
2026-08-24 11:00:00,M-102,66.73082252317828,4.997166875213762,2.4035269619411705,29.38503171166821
2026-08-24 11:10:00,M-102,74.13907197576452,4.29923229922351,1.7580327985930282,50.08100966331981
2026-08-24 11:20:00,M-101,63.490488849908324,4.906920640757568,2.2712812941109743,54.54323690678943
2026-08-24 11:30:00,M-104,69.19331001778897,4.764342130966453,2.528962979721121,49.572426210992525
2026-08-24 11:40:00,M-103,70.35255349891007,5.477842883917296,1.8405181256952188,53.08560443114349
2026-08-24 11:50:00,M-103,80.37429836457032,4.896963592198057,2.25795799944471,50.49945762122269
2026-08-24 12:00:00,M-101,70.62598847623656,5.599511771010482,1.915363730614857,39.35748207762694
2026-08-24 12:10:00,M-102,60.99378263274541,5.8293177968811944,2.323434345094276,41.79633096645576
2026-08-24 12:20:00,M-101,62.00555546569375,5.551528901329419,1.4499787843483043,45.7519346900889
2026-08-24 12:30:00,M-101,72.17014793173341,5.103075270012965,1.4240707142061289,55.457903447668464
2026-08-24 12:40:00,M-101,75.06885427894954,5.263501523517517,1.8630562997823608,42.638811521755656
2026-08-24 12:50:00,M-102,73.87727928813626,4.513756776935173,1.6888763168290803,51.19131843217353
2026-08-24 13:00:00,M-104,72.83785052900495,5.139799282365442,1.8191518116995402,50.12584815744838
2026-08-24 13:10:00,M-101,77.81129798752833,4.812802689369925,1.923165696143501,59.10338085555391
2026-08-24 13:20:00,M-102,69.30204389631434,5.512446871517184,2.252004736142688,47.7082415530941
2026-08-24 13:30:00,M-104,76.47455278013413,6.357738575160013,1.8573187975019227,35.71669107206619
2026-08-24 13:40:00,M-101,63.83992557486791,5.424919736188214,1.7116485412819196,52.528093254277444
2026-08-24 13:50:00,M-103,67.47526083530967,4.303986932970401,1.8769703181343853,62.966386481438036
2026-08-24 14:00:00,M-104,62.96479302534092,5.037446413188532,1.7307991520676838,52.98668341406519
2026-08-24 14:10:00,M-101,70.62577349665104,5.255120916418504,1.67309807427805,42.48636885732715
2026-08-24 14:20:00,M-104,71.76869391366829,5.239310841367119,1.4354441152480608,40.426378845747244
2026-08-24 14:30:00,M-104,72.57050746113259,4.871134093476061,2.0243173406773773,41.32921816544816
2026-08-24 14:40:00,M-104,72.30941676443568,5.310381284186621,1.8009530026910312,62.02318316267432
2026-08-24 14:50:00,M-104,67.36223334594136,4.640874623386276,2.3381975587321353,45.70870791634995
2026-08-24 15:00:00,M-104,71.04879577793392,4.77479107479172,1.4934113677793708,43.3614962432038
2026-08-24 15:10:00,M-104,64.51276665697125,5.49060893872167,1.8102707557332425,46.89094349110937
2026-08-24 15:20:00,M-101,78.81614487566125,4.742951546104078,2.634517527230562,45.78165065976009
2026-08-24 15:30:00,M-103,70.48186963551,5.442195222471516,1.6711366690157528,58.97355251851253
2026-08-24 15:40:00,M-102,69.55556940478155,4.583741301404774,1.9172133617663567,40.89865756288588
2026-08-24 15:50:00,M-104,79.94470164222041,5.994171647706281,1.574454606011121,56.26450262162312
2026-08-24 16:00:00,M-102,65.78876733225385,4.8515785349181755,1.5280503705266566,48.854644675157594
2026-08-24 16:10:00,M-101,66.37206442984015,5.09935004268845,2.5415588440806873,56.449185593993796
2026-08-24 16:20:00,M-104,66.51889837565717,5.348775967490683,2.0598638224230017,59.07833330613836
2026-08-24 16:30:00,M-103,71.66064309150259,4.9455925213745076,2.046787593383168,48.593583437391665
2026-08-24 16:40:00,M-102,74.158158148188,5.264532682482087,1.4062893177093223,45.79455473280584
2026-08-24 16:50:00,M-104,75.69837734058916,5.458910526034057,2.125559485837906,48.46325182305572
2026-08-24 17:00:00,M-101,84.85997658747485,5.632275954626569,2.405097681097839,47.33660529596408
2026-08-24 17:10:00,M-103,60.752837728996184,5.556173846187831,2.4023169712899852,36.40123480982891
2026-08-24 17:20:00,M-102,75.04367794562208,5.122685291288797,2.233916630362156,58.86736261649551
2026-08-24 17:30:00,M-102,69.21434713713884,5.134015701680379,1.6046800478416086,49.720495121668336
2026-08-24 17:40:00,M-104,69.06792425555614,6.257098851111265,2.109593196017547,39.85830570464262
2026-08-24 17:50:00,M-103,68.90113935873062,5.6274500807121814,2.2336547361668124,33.52733675861114
2026-08-24 18:00:00,M-103,67.45615164596013,4.785179354655904,1.3719447452188844,31.706805369487558
2026-08-24 18:10:00,M-103,80.42262417301725,5.244994673694499,1.6075521429813753,53.393363056812525
2026-08-24 18:20:00,M-103,76.21148663506952,5.049185587549814,2.3108550626102047,43.66715702115033
2026-08-24 18:30:00,M-101,72.11597989278687,5.139099594734601,2.306616021835175,44.815695323264066
2026-08-24 18:40:00,M-103,78.755078762435,4.646727179031361,1.4579959382325127,51.41707985177177
2026-08-24 18:50:00,M-102,64.43735517350562,5.014634544526321,2.2782575107442105,44.38766290728755
2026-08-24 19:00:00,M-102,65.34647434334536,6.015200097937261,2.0333561897037664,51.82567091237459
2026-08-24 19:10:00,M-101,61.11016133902656,5.4605843353939765,2.273353134112503,48.666848450637005
2026-08-24 19:20:00,M-102,68.50292729938356,4.078977366331843,1.7779175367981206,47.411092917955344
2026-08-24 19:30:00,M-102,72.80849263352377,5.7475255716240765,2.2258142237683156,36.99074716015958
2026-08-24 19:40:00,M-103,72.51429288966168,5.690333285309123,2.2953400710699685,42.26188050492798
2026-08-24 19:50:00,M-102,72.7467095552994,5.038321613062113,1.877032772590501,52.21774755910806
2026-08-24 20:00:00,M-101,64.94471584466959,5.5227685947024465,2.00621339116065,43.22584729595164
2026-08-24 20:10:00,M-103,76.0157737130701,4.81327035513226,1.7730174296733714,56.43758689049143
2026-08-24 20:20:00,M-104,73.19813759119499,4.98838492768014,2.5780736320400575,64.42480926795379
2026-08-24 20:30:00,M-103,75.66527140733,5.874345862301435,1.957904821235982,52.59469710588926
2026-08-24 20:40:00,M-101,62.53618911204974,5.077721482058632,1.6772914861879864,58.4498232395561
2026-08-24 20:50:00,M-103,73.55745429398895,4.358620752120254,1.7494609301438375,53.045090668072476
2026-08-24 21:00:00,M-103,66.06117380041236,5.171513549748399,2.0443697103997396,44.260165841294686
2026-08-24 21:10:00,M-101,70.01338373724319,5.164635223188539,2.263665910122374,49.40106165365197
2026-08-24 21:20:00,M-103,74.67182449318192,5.739265856218057,1.5324606041973174,62.093246622682095
2026-08-24 21:30:00,M-101,72.45546803127957,5.206451389979092,2.646681001029857,44.33512380160784
2026-08-24 21:40:00,M-101,67.74230010110341,5.010287959851868,2.108036352919466,40.72470890785348
2026-08-24 21:50:00,M-104,72.03136578092209,5.670275265354043,2.1632595905392944,40.060639038193116
2026-08-24 22:00:00,M-102,64.34232342378178,5.2543556046255,1.9659836596617972,46.47729431316516
2026-08-24 22:10:00,M-102,77.75133697949148,4.862489793295428,2.006740638572894,40.97569537949857
2026-08-24 22:20:00,M-103,70.97357990251875,5.719748902243728,1.948100901725409,59.71813599206066
2026-08-24 22:30:00,M-103,77.59274972127663,5.28714779403256,2.356228589162586,49.51449574213901
2026-08-24 22:40:00,M-104,69.36734156451979,5.2013166850057475,1.9972249943913203,54.80208416832352
2026-08-24 22:50:00,M-104,69.38212005796709,5.280058776135244,2.2684675764724482,45.909342265942115
2026-08-24 23:00:00,M-104,68.17906606681076,4.718199232862531,1.8481533668265997,40.01861961570717
2026-08-24 23:10:00,M-101,76.38086965846537,4.962555800719748,2.0684741849093107,38.83424238196706
2026-08-24 23:20:00,M-104,68.45284421335762,5.2016121708247525,1.7186278795162027,41.64405780475315
2026-08-24 23:30:00,M-104,75.22297716207588,5.112401337238894,2.425784881392338,50.43267845818698
2026-08-24 23:40:00,M-103,70.08773801165354,5.772592772267468,1.7081884657483095,51.63918052237563
2026-08-24 23:50:00,M-104,62.1201835005419,5.297832633727151,1.8862571945085358,52.222372511410796
2026-08-25 00:00:00,M-101,69.14842966106767,5.5847067651863815,1.8897638556408394,37.579291213527
2026-08-25 00:10:00,M-101,66.10445892818576,5.204227909559132,1.8761170143141812,47.99713569871211
2026-08-25 00:20:00,M-103,72.16951361841168,5.675329817685755,2.252873519305028,40.817567183753255
2026-08-25 00:30:00,M-104,66.04796132162755,5.378887490457919,1.8891697823421747,50.810261773091696
2026-08-25 00:40:00,M-104,76.62987550357309,5.206039218424808,2.4878735856893757,51.35353938848216
2026-08-25 00:50:00,M-101,71.54462069823487,5.1940226099684415,1.7135337198544411,39.79478867081493
2026-08-25 01:00:00,M-104,71.11202002620631,4.770502618169067,2.0592821144799474,54.77620725037443
2026-08-25 01:10:00,M-104,75.27946068893792,5.42811207406134,1.72847490374059,64.3717605906977
2026-08-25 01:20:00,M-104,76.81953467037931,5.181907869458629,2.1473404738860133,53.84385016309264
2026-08-25 01:30:00,M-102,71.89950624115174,4.974103617918458,1.9944175955581305,46.86016172314227
2026-08-25 01:40:00,M-103,68.14399850225355,5.697907796865432,1.9457282843555326,45.78418007753181
2026-08-25 01:50:00,M-102,63.130151919439356,4.637402788347339,2.4159662382762335,46.53655212829244
2026-08-25 02:00:00,M-103,68.5697512148241,5.009876847055405,1.7709803451307138,42.674863072560925
2026-08-25 02:10:00,M-101,68.9139387667602,5.6624734369507905,2.2052803051663,49.766787446564344
2026-08-25 02:20:00,M-104,72.53528726496148,5.341985323414114,1.7308640305638228,40.03076186191987
2026-08-25 02:30:00,M-103,70.27426559430987,5.17846348255626,2.039439820056131,34.772115493814695
2026-08-25 02:40:00,M-102,75.43966486025714,5.312951594417566,1.5815486351217942,49.53721177269484
2026-08-25 02:50:00,M-104,68.93508364364655,5.280736376971979,1.768118998792641,48.14863146043075
2026-08-25 03:00:00,M-101,71.71479416573528,4.517501854171336,1.9712499340494973,44.00180988493964
2026-08-25 03:10:00,M-103,77.91993721598445,5.042832151593418,2.6351272085630773,39.021123641727435
2026-08-25 03:20:00,M-103,73.70912606977484,5.927434744531187,2.035281354660921,50.028208188398246
2026-08-25 03:30:00,M-103,71.69981229155718,4.903304139350275,2.579133910553347,41.068774730006844
2026-08-25 03:40:00,M-104,68.99027779032411,5.05676454365305,2.077113152091821,47.02738954394266
2026-08-25 03:50:00,M-102,68.83384301642512,4.956270656510866,1.8645205144337713,60.35480297888511
2026-08-25 04:00:00,M-102,67.74693373524026,5.160843149506839,2.5387747829102425,52.558328387027686
2026-08-25 04:10:00,M-103,69.2949656710855,4.9375947259040665,2.1529561677256965,38.41607136332812
2026-08-25 04:20:00,M-101,75.77832919372158,5.419033675971127,1.7750474421410503,39.07603900291388
2026-08-25 04:30:00,M-101,70.89055864353865,5.28879103553062,2.164700010790104,49.06273364920631
2026-08-25 04:40:00,M-102,65.25113465309384,5.548096426798159,1.8975918375323364,38.37275522558686
2026-08-25 04:50:00,M-101,80.84084646529891,4.727076475214968,1.3038380313400464,33.987921631359995
2026-08-25 05:00:00,M-102,73.59982595572582,5.046846782702694,2.3275906057429663,51.72660407907706
2026-08-25 05:10:00,M-103,64.96528299743416,5.098424815774539,2.383226919474675,50.246550280246076
2026-08-25 05:20:00,M-102,69.79075536379588,5.405041109539868,2.6432797104972963,51.15418831895393
2026-08-25 05:30:00,M-102,72.55443191414209,4.843050461256834,2.147750292268342,49.84124627272533
2026-08-25 05:40:00,M-103,80.5229604664869,5.612044211916255,1.9129468015711135,47.542825018293236
2026-08-25 05:50:00,M-101,66.45943770870565,5.7338870157329245,2.292246299582505,43.364680166263376
2026-08-25 06:00:00,M-102,76.88020359677974,4.755007443563987,2.2974371278616172,51.612944762615605
2026-08-25 06:10:00,M-102,78.99743213486171,4.979107197297895,2.5733984140977477,58.70918441883605
2026-08-25 06:20:00,M-103,68.85672847462715,4.960630821268559,1.9843803319267452,44.49139694789582
2026-08-25 06:30:00,M-101,70.61243190569883,6.384573792104875,1.942047359601342,40.85481852854191
2026-08-25 06:40:00,M-102,66.81845376313115,5.006544952656451,1.7495594530845153,40.05416406412132
2026-08-25 06:50:00,M-103,70.98269429459847,5.95493144897026,2.1881117303538207,41.932888366663974
2026-08-25 07:00:00,M-102,71.81705012828535,4.630015602202025,1.4581084161192077,49.41818967133252
2026-08-25 07:10:00,M-104,75.29824999041185,4.754657065226037,2.2716305805018977,33.02260705512508
2026-08-25 07:20:00,M-103,77.45091735510223,4.89102796066831,2.205742292653026,51.07419297102628
2026-08-25 07:30:00,M-101,68.25951967689177,4.819439809849065,2.20477457086043,52.50739107207309
2026-08-25 07:40:00,M-101,62.16337467887003,5.0794455696286755,2.048378832775644,35.41345148039984
2026-08-25 07:50:00,M-101,71.89377610361879,4.881049808775326,2.5365423866358796,41.14573694605681
2026-08-25 08:00:00,M-101,73.4676876498432,4.831296283269442,2.3051977128994023,48.557766858917894
2026-08-25 08:10:00,M-102,73.24708843842521,5.721312398412998,1.787522983018505,46.99571188786921
2026-08-25 08:20:00,M-102,70.36663376245478,5.750707130130925,1.7937873326058236,51.63746227788013
2026-08-25 08:30:00,M-101,72.62376049831967,5.6271834242688925,1.692114165304877,47.01204224938544
2026-08-25 08:40:00,M-101,79.57722404176124,5.435799530012948,2.1929491664714558,56.85338668742476
2026-08-25 08:50:00,M-101,73.90867084481255,5.241734379600799,1.649951377566015,45.75181420669423
2026-08-25 09:00:00,M-102,70.13315787498458,4.9763361892003415,2.3791872502541733,41.11876909296173
2026-08-25 09:10:00,M-101,69.49901091452003,4.7710791228602085,2.4630406579209403,40.5559069361677
2026-08-25 09:20:00,M-101,71.15073821161134,5.3633480665447095,1.6923443058673422,53.14827956497182
2026-08-25 09:30:00,M-104,80.1836998091532,4.6718663233539415,1.9350580128925012,48.20734799369841
2026-08-25 09:40:00,M-104,71.08349645236902,4.7527355818710735,2.0058173434768447,52.43601130507636
2026-08-25 09:50:00,M-101,71.90102827739646,5.718810965292165,2.3093941061643837,52.29185749460429
2026-08-25 10:00:00,M-103,69.58843214531848,6.055292068774939,2.563270181463457,33.861051030653115
2026-08-25 10:10:00,M-101,77.49491678720982,5.376982812174917,1.4100776624959979,40.0194217928359
2026-08-25 10:20:00,M-104,81.79918627372338,5.69790571853259,1.888636748865661,40.85562471647326
2026-08-25 10:30:00,M-103,74.25306524715694,5.089368257150207,1.9068941565538786,42.287550680557665
2026-08-25 10:40:00,M-103,72.41386451892713,4.598046616260542,1.5097655507897083,45.05751271396432
2026-08-25 10:50:00,M-101,72.18391416587117,5.475477228378363,1.8302114932435785,54.9940471623203
2026-08-25 11:00:00,M-104,60.07846605607127,5.4561801954715285,2.1497191305227137,56.389376466687295
2026-08-25 11:10:00,M-104,75.72575432142409,5.23225084924611,1.902462384006155,45.949764188579024
2026-08-25 11:20:00,M-103,72.67083207997922,5.0909310438527005,1.4593825909874054,46.24103397072679
2026-08-25 11:30:00,M-101,74.14171025330363,5.632994760361495,3.0059289443034696,43.061963931598996
2026-08-25 11:40:00,M-102,68.44268902958147,4.7564201349576365,2.0931622528214633,48.62431388066981
2026-08-25 11:50:00,M-102,70.07771560511455,4.851798739499204,2.039092945537336,49.417646179137556
2026-08-25 12:00:00,M-104,69.94487531748413,4.746352071957808,1.6157257729265337,53.64532888501586
2026-08-25 12:10:00,M-102,77.1081149203652,5.238237833186123,2.0912471566899464,53.58907108187787
2026-08-25 12:20:00,M-104,70.10620081698454,4.710448144550834,1.942525175585477,31.88517364251664
2026-08-25 12:30:00,M-104,82.41330161054898,4.892091018768141,1.339016805549608,46.932185366540175
2026-08-25 12:40:00,M-104,74.15431209507518,4.882409996997761,1.6254105959949543,57.68870021623073
2026-08-25 12:50:00,M-102,65.62158670002134,5.082726250449719,2.278224106185881,44.93319550886558
2026-08-25 13:00:00,M-104,71.35726853374021,4.53068149911821,2.6804061775001546,55.97469272854302
2026-08-25 13:10:00,M-103,68.74162438921792,5.2392422464167705,2.1285078917650657,45.85483739992168
2026-08-25 13:20:00,M-101,61.02808765089988,5.761286642799105,2.3860791474026786,49.22446427209375
2026-08-25 13:30:00,M-101,79.99735470056895,5.260971117542543,1.9454856419958766,40.04176515320596
2026-08-25 13:40:00,M-104,75.51571271110002,5.893594515160594,1.969708843761789,40.3052600970344
2026-08-25 13:50:00,M-101,74.66603658949656,5.800299183644617,2.3818426596668125,53.0784410058411
2026-08-25 14:00:00,M-102,72.82701830149853,5.549980771261534,2.581972051212814,54.172727961404654
2026-08-25 14:10:00,M-102,65.0899121565378,5.233608629186599,2.4553838427129677,48.18500234340345
2026-08-25 14:20:00,M-101,69.58191430222281,5.210125174710448,1.6267729236153134,39.40733030153126
2026-08-25 14:30:00,M-102,76.20890387392006,5.543709897563467,1.976564388389664,48.3066318962505
2026-08-25 14:40:00,M-101,66.74389985108749,5.023748225723185,2.0971336395667035,56.800644724719945
2026-08-25 14:50:00,M-101,59.34115341874593,4.352865661839641,1.9091127127723648,60.200065290362325
2026-08-25 15:00:00,M-101,70.86446996109537,5.421401824346332,2.1357501401954586,45.7830444737186
2026-08-25 15:10:00,M-104,71.29121222986231,4.691019116529263,2.2872018840841317,36.380925048195465
2026-08-25 15:20:00,M-101,72.67781708207355,4.767036447314327,2.350983413184299,53.88254519688345
2026-08-25 15:30:00,M-104,75.64259321757268,5.200100776598105,2.590054553277533,46.06825832481499
2026-08-25 15:40:00,M-101,75.18802906115604,5.157193805100939,1.884695613346308,54.60128449092728
2026-08-25 15:50:00,M-101,73.2938490262196,4.564565977157967,1.5225883923062402,49.96750557512333
2026-08-25 16:00:00,M-101,77.97765694043355,5.274471203859913,2.1253821079050583,41.81589125966705
2026-08-25 16:10:00,M-102,64.40515109593343,5.6347628473874725,2.6593338609146806,48.407710524615666
2026-08-25 16:20:00,M-104,74.52290907238695,4.692246293380398,1.8330584490160793,57.15836856938029
2026-08-25 16:30:00,M-104,75.13269181668471,5.772617498881942,2.240396441972302,46.955922077229296
2026-08-25 16:40:00,M-101,65.8021885695988,4.497923128691525,2.243511027365425,40.756363855882356
2026-08-25 16:50:00,M-101,64.48564695658806,6.152795864966929,2.0670047165706134,36.8794908198234
2026-08-25 17:00:00,M-102,68.270289367622,5.014932806282433,2.0024236523653,42.59484719194744
2026-08-25 17:10:00,M-102,68.69229278742354,5.265527648572101,1.6767997779975126,45.12904616760313
2026-08-25 17:20:00,M-102,75.76709731751215,4.3485848923814485,1.201418274652798,53.739993951420814
2026-08-25 17:30:00,M-104,68.92730608154453,5.172038770088811,1.61085225266759,40.15405512531865
2026-08-25 17:40:00,M-104,67.71825740859398,5.302816979973186,1.8633935478109054,58.87626320010745
2026-08-25 17:50:00,M-104,68.9418313165272,5.161227053155228,2.384097940597947,38.63993452411166
2026-08-25 18:00:00,M-101,77.59316167077105,4.946613515326432,1.9639051781770185,64.32040264789785
2026-08-25 18:10:00,M-104,72.06521687188476,4.7740459666624835,1.818340998378648,60.078629897281296
2026-08-25 18:20:00,M-103,71.10374487321545,5.70873697879179,1.6881550953162994,48.988163745715944
2026-08-25 18:30:00,M-103,71.44997250649475,5.213863210749078,2.229882039978318,36.466145256612855
2026-08-25 18:40:00,M-102,78.4603016716326,5.893338569432547,2.4754250082507117,47.61203156612304
2026-08-25 18:50:00,M-104,68.25414136698379,4.963082940342285,2.372202502653611,45.29211329409446
2026-08-25 19:00:00,M-103,78.57754145470052,5.004342387982502,2.212152394915464,39.07998943864354
2026-08-25 19:10:00,M-102,73.05248149460752,5.567017410068273,1.483535538765971,50.0370673907321
2026-08-25 19:20:00,M-104,71.19790309012326,4.469661267098396,1.87691401500468,42.234498091010494
2026-08-25 19:30:00,M-101,84.50450248967141,4.653941487931185,2.6815564801113863,42.995659070652934
2026-08-25 19:40:00,M-103,66.72180255100702,5.693868237108924,2.3926826721703285,46.57424955799351
2026-08-25 19:50:00,M-101,70.23157120216497,4.672629731849563,1.4618738736178463,43.97563819906008
2026-08-25 20:00:00,M-104,65.83784380418,4.381427043113853,1.980543316880255,62.547096319770205
2026-08-25 20:10:00,M-103,76.76230985268084,6.040837234632891,2.1270844514313634,44.24999756900315
2026-08-25 20:20:00,M-104,80.44594466825839,4.572782058456608,1.733244537940823,51.08616707976133
2026-08-25 20:30:00,M-101,80.3496139070232,5.282853729247677,1.1917785925069029,49.018657445472535
2026-08-25 20:40:00,M-103,78.11974376573002,5.231088336725922,2.034588415755751,50.469251576812105
2026-08-25 20:50:00,M-101,71.01189766102017,3.9352172575218622,1.7242846098328464,51.003618825276526
2026-08-25 21:00:00,M-104,70.17379511255076,5.079707339574486,1.7256553913203605,54.169530406242856
2026-08-25 21:10:00,M-104,63.644151137529676,5.401785962265599,1.8758618740242348,49.8651225293305
2026-08-25 21:20:00,M-101,82.17936767590896,5.359439221683488,1.953213429870816,49.57427056420424
2026-08-25 21:30:00,M-103,74.34489039074234,5.606584307711576,1.9968210220665097,48.40933947927697
2026-08-25 21:40:00,M-101,69.54021547565259,5.025628908292555,1.6906035353772995,47.031075033620176
2026-08-25 21:50:00,M-104,78.64028444493484,5.520626998941473,1.922926664628073,41.61741482837526
2026-08-25 22:00:00,M-101,67.1361774162,4.8898019193639675,1.3849018203590358,47.57392135805859
2026-08-25 22:10:00,M-104,74.03311017111336,4.565289662614251,2.1088636728788273,49.688871626858734
2026-08-25 22:20:00,M-101,71.13685432854582,4.616022230943446,1.000303605330595,50.81515189600957
2026-08-25 22:30:00,M-103,75.1933856994015,4.542050295162063,1.8986784718482332,49.26199341093165
2026-08-25 22:40:00,M-103,71.6821323040694,5.654313685551037,2.3217151537869336,46.369314905860264
2026-08-25 22:50:00,M-101,64.74536054444388,4.5184419209236495,1.6292307594538107,47.60044067762872
2026-08-25 23:00:00,M-101,72.37788186335018,5.323317478292187,2.25075057128009,44.12447460814445
2026-08-25 23:10:00,M-103,77.24432070937681,5.080334112667406,2.4045064492423123,50.19256793704595
2026-08-25 23:20:00,M-104,71.85391797073008,5.153808141947216,0.842235016625914,46.45210240460115
2026-08-25 23:30:00,M-103,75.87557560794544,5.813623282839865,1.9470229837484903,49.26392656738229
2026-08-25 23:40:00,M-104,66.77235257162974,5.002707684753127,0.9934793003301037,55.00562130367787
2026-08-25 23:50:00,M-101,71.86869603365074,5.475220702697357,1.958627044050169,43.03448763250306
2026-08-26 00:00:00,M-101,68.87744772455711,5.216903508121501,1.9974900761565355,52.17686766637339
2026-08-26 00:10:00,M-104,75.73490420052354,5.131591492465287,1.1311096049312066,48.23247125919761
2026-08-26 00:20:00,M-101,72.15745781130998,6.234986105973913,2.6736934267279526,62.148355197065285
2026-08-26 00:30:00,M-104,75.45036838168306,4.551396214428084,2.1001055326721185,46.48589770075543
2026-08-26 00:40:00,M-102,77.43855213078933,5.78010932594685,1.7028417987712876,52.86615208205747
2026-08-26 00:50:00,M-103,75.45809287560694,5.495382954470488,2.5128827996244816,48.10747416229184
2026-08-26 01:00:00,M-102,73.36559217146822,4.984213752415697,1.371535372775189,38.28186844180554
2026-08-26 01:10:00,M-104,67.00893870744298,5.933193332848726,1.569790138268589,44.35517633136599
2026-08-26 01:20:00,M-103,71.9860694466655,4.368350449425159,1.1951905667155356,54.163297737998754
2026-08-26 01:30:00,M-104,69.33454798992084,4.965205004215418,2.630365818788767,44.97113877574209
2026-08-26 01:40:00,M-103,70.27968021647887,4.656183008078916,2.1163212300152012,32.4582057961227
2026-08-26 01:50:00,M-103,70.12732924624875,5.385437559192157,2.2307906264469732,47.78017888152847
2026-08-26 02:00:00,M-103,67.10037212608877,4.69912115446577,2.1053504318714666,40.35364591434293
2026-08-26 02:10:00,M-103,62.21330705433005,5.394878776033594,2.2008187164006046,48.92272412817703
2026-08-26 02:20:00,M-104,68.65928475836117,5.116103612880301,2.0273271998635964,58.858029569786126
2026-08-26 02:30:00,M-103,72.9668972596208,4.984290725804763,2.0948224699476046,53.38620117562032
2026-08-26 02:40:00,M-103,65.25911477286255,5.37489126071499,2.037661202678033,58.75659080117984
2026-08-26 02:50:00,M-102,72.07841118235812,5.079120269227872,1.7869928680507525,44.06941584988856
2026-08-26 03:00:00,M-101,81.50134212155483,4.710114320623433,1.9836813321748659,46.997835664551275
2026-08-26 03:10:00,M-101,77.1152827762612,6.46061784533574,2.095758100641587,40.68894662234554
2026-08-26 03:20:00,M-102,80.21770754560265,4.980774767636885,2.038692191843246,43.21169588471933
2026-08-26 03:30:00,M-102,73.95563938466363,4.202075913931593,1.4827797622863392,41.51180617399674
2026-08-26 03:40:00,M-104,77.83754911493223,4.8210555896253755,1.5292546659870567,38.8529392155163
2026-08-26 03:50:00,M-104,68.38017634766106,4.629725490232271,2.378994501870737,57.560996377319384
2026-08-26 04:00:00,M-104,68.77829866489007,5.571765527218232,1.8925520839408094,33.35627793481504
2026-08-26 04:10:00,M-102,58.30429896931264,5.344743696816214,2.204653871462579,57.590972333631896
2026-08-26 04:20:00,M-102,77.9307273702115,5.3794207608056555,1.6177580315971614,56.72241247444162
2026-08-26 04:30:00,M-103,79.70161989909943,5.03348989037324,1.4843989431737146,51.498548728352986
2026-08-26 04:40:00,M-104,69.23411377326364,5.074292388824386,1.7047411856139005,40.19844912334152
2026-08-26 04:50:00,M-104,70.73024146801383,5.03308100337655,1.9221022252300053,36.92477421989755
2026-08-26 05:00:00,M-104,68.23068943154519,5.1634630671390385,1.7672008952504557,44.16117423115505
2026-08-26 05:10:00,M-101,73.91326775738746,5.575900045914176,2.452876733087,52.37584319437947
2026-08-26 05:20:00,M-103,77.6246627265162,5.351233935627406,2.0628331555381116,48.02144546208472
2026-08-26 05:30:00,M-104,63.286140130594795,5.4250507733293905,2.6471285164966503,40.695503534336694
2026-08-26 05:40:00,M-104,74.04719265321125,5.424801508712141,2.141542853924996,56.037433492595426
2026-08-26 05:50:00,M-104,70.61664114140427,5.597999096821782,1.1556072137280662,59.79068329727077
2026-08-26 06:00:00,M-101,72.56697195983345,5.329667518693115,2.369614562260494,46.41380585189782
2026-08-26 06:10:00,M-101,74.29497000837145,5.361481632705513,1.4716569321355157,48.76535832518142
2026-08-26 06:20:00,M-102,71.05898780613589,5.73496280853692,2.080686783523969,37.43805921459353
2026-08-26 06:30:00,M-103,71.4820657329711,4.9007293368986,1.7288605798176544,45.09929298723675
2026-08-26 06:40:00,M-102,70.9306241622268,4.814915839021822,2.7499488620624652,51.573079846006955
2026-08-26 06:50:00,M-103,76.85158100894141,4.6663352803659155,2.5038592746005475,50.483995781804445
2026-08-26 07:00:00,M-101,74.09379980063748,5.282311553629115,1.7403627754043847,44.44632505553205
2026-08-26 07:10:00,M-104,73.1029176886868,4.3658204914513945,1.9554248161576109,46.08029544066487
2026-08-26 07:20:00,M-102,65.64524139453859,5.407969343226855,2.0856093243772262,44.869524844188135
2026-08-26 07:30:00,M-104,70.10710128393423,5.150863107474751,2.302194925046564,46.0507470039713
2026-08-26 07:40:00,M-102,76.49334580169587,5.710587864919476,2.0102031693137543,50.96264361762689
2026-08-26 07:50:00,M-101,72.18848286561962,4.897637210290754,1.6412867852166966,34.22724040241614
2026-08-26 08:00:00,M-101,75.29765734794569,5.108506771562122,1.7488544762799814,47.47955339634454
2026-08-26 08:10:00,M-101,80.83255900163817,5.704991499982016,1.998431371268123,50.449828749379826
2026-08-26 08:20:00,M-102,77.19303034604408,5.822411041050168,2.432059942567642,44.00660720051246
2026-08-26 08:30:00,M-103,72.46579168849871,4.893931435411681,2.1497432511876156,44.64466869224583
2026-08-26 08:40:00,M-102,69.44505414902136,5.281801554664222,1.7293047756847444,44.84723891429185
2026-08-26 08:50:00,M-103,59.232252019720505,5.332488539957822,2.2269304721984264,44.64665018523988
2026-08-26 09:00:00,M-102,71.15807538763573,5.368144032529517,1.864555306392644,48.041186444952615
2026-08-26 09:10:00,M-102,70.36993752091576,5.08184095330797,2.3116428018153945,48.90301930609649
2026-08-26 09:20:00,M-101,73.95183097197688,5.776622529155636,2.884453646415012,33.2963997863634
2026-08-26 09:30:00,M-104,71.23047386512656,4.349633432370305,1.8744107701697577,52.57016260030602
2026-08-26 09:40:00,M-104,70.39807470281603,5.010491394339512,2.2805618059042296,45.970007809571285
2026-08-26 09:50:00,M-103,63.1030053474639,5.401568829747826,1.7391123337867946,61.530742228279735
2026-08-26 10:00:00,M-104,67.30016085424967,5.405751165377205,1.9607076814830458,39.65846022770904
2026-08-26 10:10:00,M-102,74.3832552040028,5.8087415637766435,2.0103468004052356,41.92879843871968
2026-08-26 10:20:00,M-102,80.57953815566347,5.739201426940579,1.9322107189844668,46.579637149917176
2026-08-26 10:30:00,M-101,71.51237308127189,5.071506268611749,2.8620547910712584,50.89257814780225
2026-08-26 10:40:00,M-101,73.63905536787061,5.784942059588772,1.8926924238625662,34.34462870839949
2026-08-26 10:50:00,M-104,76.76239078476402,4.878681215300145,2.2053980385747036,42.19629963518725
2026-08-26 11:00:00,M-103,67.94553031899875,5.618899322256327,1.3244695957367987,52.139241124016905
2026-08-26 11:10:00,M-104,73.83407021642721,6.014735115289447,2.151198797179364,41.3631323749722
2026-08-26 11:20:00,M-104,68.29754946833921,5.746724848084736,2.3997191073232864,57.590184634633594
2026-08-26 11:30:00,M-104,76.32412219245505,5.247596672585856,1.8153409300973322,44.82281480805649
2026-08-26 11:40:00,M-104,72.75701523975866,5.050699552702545,1.1214222506358555,41.70438759060672
2026-08-26 11:50:00,M-102,73.49225906990719,4.512133916683322,1.9864718809104362,52.27170980452664
2026-08-26 12:00:00,M-103,68.08700701290705,5.339742837061392,2.006014347634935,59.25332170777112
2026-08-26 12:10:00,M-102,75.53516179805392,4.698152247413087,2.2534262677605064,50.914773811207276
2026-08-26 12:20:00,M-103,82.42356460615508,4.843089401373729,2.7038160623947016,56.82300579456281
2026-08-26 12:30:00,M-101,66.96044152285897,4.664164389668498,1.8669812222898927,59.73644738445874
2026-08-26 12:40:00,M-104,70.30120496176238,4.992823450304505,1.7002991567189019,41.54698924050695
2026-08-26 12:50:00,M-102,73.15803737084046,5.187413763480858,1.591578769519995,54.5687393384171
2026-08-26 13:00:00,M-103,75.93203105997908,5.3231265615245675,2.0693275159610596,37.33570643487516
2026-08-26 13:10:00,M-101,69.20226857355266,4.929772014063717,2.1677739905864755,50.97431772250469
2026-08-26 13:20:00,M-101,57.8348485492863,5.681177667877833,1.8090206119730954,47.50077476639627
2026-08-26 13:30:00,M-104,78.79594747082012,5.106307633904516,2.2725389610040265,56.70065142129444
2026-08-26 13:40:00,M-103,75.80253059792071,4.8455249050305165,2.1628844268867113,56.20576059089389
2026-08-26 13:50:00,M-102,63.28526234756667,5.3018315202595465,2.0151310913757117,51.98848345374082
2026-08-26 14:00:00,M-104,68.96215604110222,6.083598775094718,1.684154847739556,50.08899529637973
2026-08-26 14:10:00,M-102,79.84091214763663,5.3508222549408035,1.831347489580347,51.55858073705366
2026-08-26 14:20:00,M-101,79.23898209228933,5.036714967681877,1.1495856458111093,48.43239609963582
2026-08-26 14:30:00,M-102,76.69320011339472,4.512642389746583,2.0825254724693116,47.57162981224467
2026-08-26 14:40:00,M-102,71.11943783020068,5.101264455562569,2.009219451061602,58.0980472057671
2026-08-26 14:50:00,M-104,72.41493709406255,5.305717656289652,2.06596764688132,58.94022873774723
2026-08-26 15:00:00,M-102,71.34537097436937,5.025588598934994,2.1765116554475963,47.00838561608455
2026-08-26 15:10:00,M-104,77.6411989163442,4.450576912791551,2.135037520251278,49.66345482107521
2026-08-26 15:20:00,M-101,67.62078796752445,4.817245574723455,1.9613658867738877,48.57158657340942
2026-08-26 15:30:00,M-104,67.97100172557897,5.854542307399491,2.0170338151069633,36.718110906439634
2026-08-26 15:40:00,M-104,77.05137293418008,5.845300451678708,1.5084892541563408,45.64495095671595
2026-08-26 15:50:00,M-103,71.77819272244218,4.801012373857931,1.795697774008701,59.197929407336716
2026-08-26 16:00:00,M-102,78.89233677726904,5.50274055423974,2.0176648687892116,42.75156887477733
2026-08-26 16:10:00,M-101,68.64243896509727,4.669642246853422,1.7424512484306738,62.801804236109106
2026-08-26 16:20:00,M-104,71.72610819830588,5.831942326897729,2.301052778555391,56.20488416712568
2026-08-26 16:30:00,M-101,67.38793507578023,5.310356131552407,1.7694787716657394,50.810487053823465
2026-08-26 16:40:00,M-103,72.03681340711783,5.62733867437744,2.0757068939369105,51.925903001834946
2026-08-26 16:50:00,M-102,64.607265315006,4.428207993767858,2.0407979798853675,41.57955312565482
2026-08-26 17:00:00,M-104,69.56183289522518,5.5049366958662,2.261197157763643,46.14339873442709
2026-08-26 17:10:00,M-102,64.8187306753594,5.196546671341974,2.3152769109099056,58.089793772252314
2026-08-26 17:20:00,M-103,75.4696161659563,5.5833680818558795,2.2429114138387787,43.698294625785266
2026-08-26 17:30:00,M-103,75.58294669879825,5.611690509144033,1.2628978295159032,55.4279222986416
2026-08-26 17:40:00,M-101,63.34868634757827,5.229603110263637,2.4179518518045944,38.360718673940596
2026-08-26 17:50:00,M-104,78.66942872750286,4.9296266624068386,2.5345578784681093,39.61289111267492
2026-08-26 18:00:00,M-101,84.48707563209928,5.550863281980773,1.8312565004874857,61.309692659104215
2026-08-26 18:10:00,M-103,72.2300319336817,5.172930475267693,2.0828264194354973,47.91713997631773
2026-08-26 18:20:00,M-102,68.79442869887677,4.8072467709125615,1.6882089119542263,44.23050079103962
2026-08-26 18:30:00,M-101,86.12165295501524,4.785931495844042,1.318067522643747,57.53918578899274
2026-08-26 18:40:00,M-101,65.40515750848745,4.535276012659429,1.7414496570601647,56.72075088474453
2026-08-26 18:50:00,M-102,72.10053233434549,4.970368978196622,1.8109513361877365,54.44528195680067
2026-08-26 19:00:00,M-101,72.89811136315961,5.69621142073347,1.8758022440268647,44.01071456411526
2026-08-26 19:10:00,M-102,78.72573810226207,5.280023409867446,1.6643800684979042,45.99157696843627
2026-08-26 19:20:00,M-104,73.79869487563394,4.961604532334632,1.7433011916139665,50.18140176607311
2026-08-26 19:30:00,M-102,69.50683052105774,5.562185172181036,1.9961477874300573,52.860795395030664
2026-08-26 19:40:00,M-104,67.24407814806023,4.825385520224475,1.7304205559114503,44.44061498187024
2026-08-26 19:50:00,M-102,70.29089089876932,5.24290762344975,2.1902335163925097,49.19515977434487
2026-08-26 20:00:00,M-103,66.96536319527428,5.119166332273518,2.238581227989104,49.871739105581845
2026-08-26 20:10:00,M-103,72.23912659892342,5.550608781514759,2.8331357111575715,57.00738829462677
2026-08-26 20:20:00,M-104,69.17901910069757,4.490247233086225,2.3939879762432117,53.28126080254583
2026-08-26 20:30:00,M-104,64.52981103355124,4.8174110143834055,2.085086070414945,37.45238848615296
2026-08-26 20:40:00,M-103,78.27572894187452,4.46278945340746,1.7829074961663125,46.5045878406023
2026-08-26 20:50:00,M-104,69.5116373828548,5.083181475185829,2.1028115730858996,41.49851641011608
2026-08-26 21:00:00,M-102,65.65931597512343,5.745142376634594,2.1143085859707247,51.976611944281714
2026-08-26 21:10:00,M-102,71.15870432756229,4.972548755655913,1.8203404188480188,54.46207345353531
2026-08-26 21:20:00,M-103,72.34185782983829,4.970192227811958,2.274305988863507,48.710891899271715
2026-08-26 21:30:00,M-101,63.267666372104834,5.592275990882862,1.5106656948613437,46.12311078560505
2026-08-26 21:40:00,M-102,73.65823833562881,5.680847301304885,1.9144600575618713,48.48418855125188
2026-08-26 21:50:00,M-104,66.76421215654868,5.160143019729045,2.1945504607610924,49.46243491434428
2026-08-26 22:00:00,M-101,80.55514404595394,5.508121684322452,1.8993455483427661,43.51930243798165
2026-08-26 22:10:00,M-101,74.61980256038368,4.715370456604925,1.9276359587997551,39.46902229461444
2026-08-26 22:20:00,M-102,70.00050004945342,5.820088450266437,1.9517749485827018,33.64902670211253
2026-08-26 22:30:00,M-102,68.27416114841324,6.166917832271674,1.7075395657592891,56.870274922172186
2026-08-26 22:40:00,M-101,71.47516146218189,5.434547106034926,2.4108653260509727,51.47456370544476
2026-08-26 22:50:00,M-101,75.06395370791645,4.26205077039574,1.6436868148270147,50.5375770794092
2026-08-26 23:00:00,M-103,71.872529357074,4.948796381920998,2.1113557645934597,56.856392215670645
2026-08-26 23:10:00,M-104,70.91420596431571,5.475771394751195,2.1447767643988307,39.21172393215308
2026-08-26 23:20:00,M-103,72.29185145408948,5.010332651275137,1.6679823345768616,35.85058386901487
2026-08-26 23:30:00,M-102,68.98070534381523,5.772489349412544,2.02558648903326,50.689623415633626
2026-08-26 23:40:00,M-103,70.28397036578481,5.46467076899614,1.6816287395393543,50.052899628104015
2026-08-26 23:50:00,M-103,61.57103780547498,4.882086024655392,2.4868648662695807,35.88085233229073
2026-08-27 00:00:00,M-103,76.86863115426183,5.214519164847064,1.6014259720583255,50.516647434983305
2026-08-27 00:10:00,M-103,73.49398890160882,4.79777505071241,1.7711360170188124,45.19843933320303
2026-08-27 00:20:00,M-104,68.13272077983285,5.117836804714401,1.5715212470755469,42.35038358183693
2026-08-27 00:30:00,M-104,81.49367490677619,4.9504330418053515,1.524805445596357,45.666034042023114
2026-08-27 00:40:00,M-101,72.43508240196194,5.728642810104867,2.5569253518088026,30.90930000357071
2026-08-27 00:50:00,M-102,66.81928214012402,6.152205425573948,2.1899711358693965,43.860380436256435
2026-08-27 01:00:00,M-103,76.28368710735229,4.555965250043911,2.0491026989951906,43.06993801361057
2026-08-27 01:10:00,M-101,73.99024108254632,4.3345526712056115,1.7701980628285774,51.89971712855298
2026-08-27 01:20:00,M-101,73.9728999274211,5.089672410166877,2.317664133866369,46.892389044423794
2026-08-27 01:30:00,M-101,69.87122197674205,4.516712935527093,1.7115221462213914,52.47208211575217
2026-08-27 01:40:00,M-104,74.25247861889018,5.220795221651913,2.277773753015536,30.153224586843233
2026-08-27 01:50:00,M-103,70.69120854889452,5.537021251212667,1.6946210531880275,42.126312442002664
2026-08-27 02:00:00,M-103,74.77970725822921,5.8723638537700715,1.7744223043435148,51.89197936100011
2026-08-27 02:10:00,M-102,62.475277729946804,5.290627551421877,2.2653988351412724,45.83794758598791
2026-08-27 02:20:00,M-103,69.83063268510405,5.11308014881769,2.3023395704545186,53.91822373082057
2026-08-27 02:30:00,M-103,80.61077548904098,4.309726787542112,2.2091155268638665,35.367779634275436
2026-08-27 02:40:00,M-101,68.1646627229985,5.21178331713361,1.632614059485122,53.11777587782632
2026-08-27 02:50:00,M-102,68.98080851253407,5.232079267247258,1.84364559699701,43.52602547550472
2026-08-27 03:00:00,M-103,69.76019330775013,5.487530566395735,2.0549145594194798,42.84662040932128
2026-08-27 03:10:00,M-104,65.92596932055679,4.881180354311909,1.7027516633314679,54.93732932849216
2026-08-27 03:20:00,M-103,60.958596118858736,5.004226329893863,2.4798369660452524,56.13330790969554
2026-08-27 03:30:00,M-101,70.84706800738194,4.534898985113117,1.159318569617309,55.242897872610975
2026-08-27 03:40:00,M-104,72.67929712040828,4.1689182369021704,1.7274411696207965,62.270493475337865
2026-08-27 03:50:00,M-101,71.73747465730673,4.701176309141448,1.821651723995559,56.86762525910334
2026-08-27 04:00:00,M-103,71.27560719026057,4.493353383586142,1.0046197173298812,42.43194391387391
2026-08-27 04:10:00,M-104,72.21520435425194,5.351520532939276,1.5113198044173333,48.991466896949554
2026-08-27 04:20:00,M-102,77.11420735775383,4.966839674499915,2.218851329389724,45.47861464060546
2026-08-27 04:30:00,M-102,71.04776907035392,4.957793291466345,2.010599272793537,62.20362901964346
2026-08-27 04:40:00,M-104,69.12958711456365,4.7570141292211545,2.550597607715016,55.73408968289097
2026-08-27 04:50:00,M-104,70.59437257555958,3.745345555369405,2.540829256059687,46.67783904300581
2026-08-27 05:00:00,M-101,74.89673379878388,5.878739836936398,2.151566232511381,54.14536858427101
2026-08-27 05:10:00,M-104,79.06013439271625,4.749878264750445,2.1096333871502493,39.37461073580827
2026-08-27 05:20:00,M-101,68.85928130415411,5.014410968567542,2.023075888002615,49.75183216351831
2026-08-27 05:30:00,M-103,72.49466893514442,4.545298525619811,1.0707212937421784,41.43454255177841
2026-08-27 05:40:00,M-101,73.6917872096798,5.637368654548285,1.5119041703358738,36.17985459560815
2026-08-27 05:50:00,M-104,67.03710996635589,5.264543021666796,2.035236426084627,53.49175366270884
2026-08-27 06:00:00,M-104,72.10208583606459,4.828135621630359,2.215608998061685,54.36013766631286
2026-08-27 06:10:00,M-103,64.67163071328953,5.023496674895189,2.101384434248349,51.2004884534839
2026-08-27 06:20:00,M-104,63.154748481303,5.955180964956192,1.6876372612995199,46.719230716034495
2026-08-27 06:30:00,M-104,73.83373203946128,5.167163755653425,2.3280921988643235,39.13548941607513
2026-08-27 06:40:00,M-102,70.08062629334609,5.1182199080728425,2.5188554100641225,39.87057190497927
2026-08-27 06:50:00,M-102,73.0114020381061,4.776378331237331,2.328296360101969,41.21504014182842
2026-08-27 07:00:00,M-103,71.91052511495825,4.347438482287464,2.346359765356665,46.364286957925536
2026-08-27 07:10:00,M-101,67.11799975668102,5.127982596889296,1.804270970715676,55.53325113523441
2026-08-27 07:20:00,M-102,71.77372849017831,5.3464683005460785,2.3765769429452797,55.42282947755057
2026-08-27 07:30:00,M-101,65.83449347492572,5.694813008947452,2.05101552376468,36.46002680270986
2026-08-27 07:40:00,M-104,78.954861790007,4.188176559475155,2.1790444349827016,43.14736664298137
2026-08-27 07:50:00,M-102,65.22014827570018,4.693706652839637,2.1279011449886482,42.958872862997126
2026-08-27 08:00:00,M-103,71.02107364515709,4.938666509249598,1.9574795130958562,30.278918100491282
2026-08-27 08:10:00,M-103,66.78864205976376,5.198433618142059,1.6989991337071944,51.96284662864935
2026-08-27 08:20:00,M-103,74.85210586680398,5.13473483881221,1.9712521677560837,46.276881229770346
2026-08-27 08:30:00,M-102,70.34284314359249,5.145240091440729,2.345366566118988,47.20800224358317
2026-08-27 08:40:00,M-101,69.40666640189394,5.383643226356475,1.8454834681404817,57.421097408629464
2026-08-27 08:50:00,M-104,76.26600772525777,4.793518100149401,2.312671541912851,48.6181630929905
2026-08-27 09:00:00,M-101,72.14715295838776,5.620363649005163,2.257974734716185,44.98488674523787
2026-08-27 09:10:00,M-101,74.58322222967983,5.3950535987647665,1.8953719110430594,52.004543347034605
2026-08-27 09:20:00,M-104,67.09337031741268,5.056075481142364,2.486080036266852,55.412102926028936
2026-08-27 09:30:00,M-104,64.97591528036247,5.920408596350012,1.875558665083253,50.07527296234458
2026-08-27 09:40:00,M-102,72.53603981020066,5.900387216007295,2.528341401914421,52.82432719088704
2026-08-27 09:50:00,M-102,70.40576822252635,5.619802909837214,2.1519444435393402,46.981026451799806
2026-08-27 10:00:00,M-102,75.13217336226973,3.841649453244494,1.9944469285412703,47.42699577548236
2026-08-27 10:10:00,M-102,71.60045773668725,5.910525291723089,1.6892695168818213,48.7911449720918
2026-08-27 10:20:00,M-102,73.02537669617315,5.55764133511237,1.9691089194527356,42.72815334697137
2026-08-27 10:30:00,M-104,63.883087350293785,6.1028838869708215,1.9286841702769528,44.02356869941279
2026-08-27 10:40:00,M-101,81.44218469807129,5.756859066280093,1.559596265162183,57.64515749272931
2026-08-27 10:50:00,M-102,71.17879007483984,5.9102542048737785,1.9238346020488164,62.05569267103625
2026-08-27 11:00:00,M-102,75.487934851696,5.595394682581171,1.71866888696602,59.14538539826726
2026-08-27 11:10:00,M-101,67.81954164890186,5.8069119393904804,2.2050971191425734,38.73719850262017
2026-08-27 11:20:00,M-102,73.5400495110867,6.097355683330498,2.457198166504871,38.06099725790519
2026-08-27 11:30:00,M-101,65.48577618237627,5.297449632270193,1.5705795132966658,39.665033976383874
2026-08-27 11:40:00,M-101,74.26033919129836,4.492496255164842,2.599307704928423,48.940712093156364
2026-08-27 11:50:00,M-104,70.22012957807084,5.061642594993186,1.9550071379652045,28.338927853496354
2026-08-27 12:00:00,M-103,72.14595251967783,5.375475519722547,1.65874251527152,43.878389033663495
2026-08-27 12:10:00,M-104,75.48987015065049,5.233699412967201,2.2652141730728643,57.84969502412779
2026-08-27 12:20:00,M-103,65.8372984438986,4.639047115228259,1.8437409326107332,54.877071815102354
2026-08-27 12:30:00,M-103,68.57754134693602,4.46601956866226,1.971392163388977,44.43633744598545
2026-08-27 12:40:00,M-103,74.28662140543383,4.866476799114327,1.8585026145257724,44.96651191180553
2026-08-27 12:50:00,M-102,82.49110737273374,5.563482800192868,1.714141723847285,51.97069194764833
2026-08-27 13:00:00,M-104,71.30958832669259,5.911152896870337,2.2533989613406664,54.54688128670939
2026-08-27 13:10:00,M-103,74.95568058961966,5.612455426199966,1.8997945089870345,44.26803912582168
2026-08-27 13:20:00,M-101,71.4651426507076,5.675842279201362,1.497171872737264,46.35943784796394
2026-08-27 13:30:00,M-102,81.71122797378149,5.1636329920763995,2.1928710434755763,44.03793190035984
2026-08-27 13:40:00,M-104,63.26389166517372,4.416062894032317,1.5780461771416856,38.680553910373504
2026-08-27 13:50:00,M-103,72.47310522334679,4.995150738602783,1.5963589395636595,46.461793763847304
2026-08-27 14:00:00,M-101,63.8722798321897,5.08355601465743,2.4174121717420607,45.928507218538655
2026-08-27 14:10:00,M-104,59.467142147316416,4.976326380923943,1.581281035276426,39.17549118807941
2026-08-27 14:20:00,M-104,73.48731026558909,5.224612689418582,1.1892443000753783,52.5225665634641
2026-08-27 14:30:00,M-102,72.69748898073729,5.398638891951828,2.2180015197365233,51.38324475038122
2026-08-27 14:40:00,M-104,70.57581531128899,5.583856834709574,1.8936477996816043,52.87003790591554
2026-08-27 14:50:00,M-102,71.46902954980123,5.07484606103515,1.9238207076016594,42.62350751174942
2026-08-27 15:00:00,M-103,87.49149717035628,4.343308267459933,1.88992486232743,34.11497025319747
2026-08-27 15:10:00,M-102,70.70912430984284,4.98270502631899,2.0810844786565545,51.271317907519546
2026-08-27 15:20:00,M-101,74.55062180625038,5.219669678646393,1.7365482653339264,43.351210997592005
2026-08-27 15:30:00,M-102,68.75317590193059,5.750263564960034,2.5166402060980175,41.76532306728009
2026-08-27 15:40:00,M-101,73.47616287520302,4.944486471017153,1.4833193318917106,39.200628477495904
2026-08-27 15:50:00,M-102,70.80883162472192,5.430644632779731,2.155706220836993,46.07274230338992
2026-08-27 16:00:00,M-104,69.94740758635135,5.330539554835945,2.2247423513568045,59.041291079353314
2026-08-27 16:10:00,M-103,81.09449266100162,5.219755239905525,1.7341218837083177,44.4618533505114
2026-08-27 16:20:00,M-101,77.8859248159217,5.6187399936960665,1.6416929441527637,40.37137869083146
2026-08-27 16:30:00,M-102,72.68373323699615,4.902621461461338,2.356010974959555,52.5635338072102
2026-08-27 16:40:00,M-102,60.47894032028017,4.9411660976604175,1.6531987360941498,49.209685958398985
2026-08-27 16:50:00,M-102,70.19495388373716,5.194644629607597,1.7876676207373017,33.164890426182545
2026-08-27 17:00:00,M-104,85.51513782202542,4.911934072707835,2.3105581368609114,52.63642423827301
2026-08-27 17:10:00,M-104,70.84669166680146,5.42860553097457,2.0121594317386586,62.8992743795112
2026-08-27 17:20:00,M-101,77.51608786026829,4.879063463035241,1.3709997163298135,29.796248507996836
2026-08-27 17:30:00,M-101,79.20971200976301,5.30183689348531,2.61147070059373,39.350057831845135
2026-08-27 17:40:00,M-104,73.09481957927987,5.154922254045959,1.814496234427012,28.060310379438757
2026-08-27 17:50:00,M-101,67.79089184065924,5.2967166841495175,1.859034948532754,47.472869054814154
2026-08-27 18:00:00,M-103,59.823438341085556,4.993116372221633,2.0895244883142277,54.93270365627947
2026-08-27 18:10:00,M-103,75.42081604304477,5.047410267462928,2.2187768789514255,48.73850524857396
2026-08-27 18:20:00,M-104,67.92621998588226,5.2432041705986725,2.6863865019520135,57.74396988678869
2026-08-27 18:30:00,M-101,72.88075225943847,5.290933527772591,1.4189761477080063,53.81385203231094
2026-08-27 18:40:00,M-102,65.75089830205317,5.19810913807398,2.289083273124081,59.915031264515235
2026-08-27 18:50:00,M-103,70.673812297649,5.967413060430888,2.260053392917527,56.121475376749665
2026-08-27 19:00:00,M-104,72.16859527450526,4.754168386566422,1.951992281194059,45.17939851973347
2026-08-27 19:10:00,M-101,73.34296790522149,5.171108292271279,2.2755457931856777,48.46708519364388
2026-08-27 19:20:00,M-104,66.42588906323793,4.491866940047357,2.326995906172791,41.91926159163319
2026-08-27 19:30:00,M-102,77.98455474380677,5.367436665400324,1.5163130252545485,46.38540681792366
2026-08-27 19:40:00,M-103,69.01552607634014,4.698139058630434,2.6124182770582904,48.43282170412684
2026-08-27 19:50:00,M-104,63.62765269773377,5.074760384855541,1.4544332114016503,47.40564873525252
2026-08-27 20:00:00,M-104,71.45488290018268,5.032571053600903,1.6026393015664295,57.39577468412527
2026-08-27 20:10:00,M-104,72.1718765451323,5.326401006970527,1.9083743142315663,45.688823562452185
2026-08-27 20:20:00,M-102,72.8029471658588,4.951244087104669,2.67372917961547,41.4753951050985
2026-08-27 20:30:00,M-104,78.81066201842539,4.932112436037708,1.8921101795863147,41.91272275567769
2026-08-27 20:40:00,M-102,70.8177558163207,5.846135408838654,1.9888231384822164,52.585701901357716
2026-08-27 20:50:00,M-102,71.40190187815614,5.328055055713537,2.501227511366597,38.178031143377
2026-08-27 21:00:00,M-102,66.48407809383453,4.9475271165899795,1.8948886501020845,46.59169680894358
2026-08-27 21:10:00,M-103,76.10276751443948,5.087124847684946,1.5875471504742635,57.29250171818795
2026-08-27 21:20:00,M-103,72.92154532039052,5.940409728521836,1.85396780766659,50.04818912018581
2026-08-27 21:30:00,M-104,69.89986136352918,5.094175804787007,2.479777141832022,47.47776227616872
2026-08-27 21:40:00,M-104,62.47662653267268,4.889825519581426,2.024802748969298,47.74862717453099
2026-08-27 21:50:00,M-103,79.22206097527544,4.891751732443123,2.675730390669691,40.79304785440979
2026-08-27 22:00:00,M-101,65.86160017771971,4.952893083554691,2.258277224191754,42.00005702695821
2026-08-27 22:10:00,M-103,69.04360995315147,4.9324760249079755,1.7743168722622809,46.63372828959796
2026-08-27 22:20:00,M-102,73.79172255538002,4.6241584682428405,2.0178767065627774,49.89891121076505
2026-08-27 22:30:00,M-103,66.01721035691656,4.69410995637386,1.701373658650342,54.63705008261478
2026-08-27 22:40:00,M-102,64.53245110873428,4.826805831537384,1.7660484392729305,48.64792432020004
2026-08-27 22:50:00,M-104,61.38026208649667,5.466206958303895,3.5676794878590146,57.46941923027973
2026-08-27 23:00:00,M-101,75.60498476452818,5.028443220727207,2.356518578511834,59.236386106466675
2026-08-27 23:10:00,M-104,69.2740687763684,5.106777239907682,2.3013842961523356,53.566870487375425
2026-08-27 23:20:00,M-102,86.63635046236665,5.7715396113647035,1.7818868896421776,56.57486985639119
2026-08-27 23:30:00,M-102,67.02822467184563,5.782753217472289,2.549354423198378,41.06500535028334
2026-08-27 23:40:00,M-102,67.3927448828554,5.07304377558802,2.384795460627528,39.95560745718356
2026-08-27 23:50:00,M-101,69.17303514857299,4.9161114201924665,2.6585674512752195,51.62581363403116
2026-08-28 00:00:00,M-103,73.21567327569244,4.8110063588469085,2.6415899519394572,38.611531316930666
2026-08-28 00:10:00,M-104,69.64898330607345,5.511749096368707,1.4823187491658674,45.967397091888465
2026-08-28 00:20:00,M-104,75.06166107001256,5.1078817449149705,1.6115561787555324,53.39834333730818
2026-08-28 00:30:00,M-103,67.10705805005672,5.0260772993547445,1.6486742645877273,57.893610472796446
2026-08-28 00:40:00,M-104,65.09204140768209,4.833850941188102,1.6696207748336471,46.22049044798354
2026-08-28 00:50:00,M-101,63.008926302954464,4.853650115944875,2.1132083274911366,43.450389932846164
2026-08-28 01:00:00,M-104,60.882129160314015,5.34402618617196,1.801618791766464,50.24323135058108
2026-08-28 01:10:00,M-102,69.40965490262471,4.608052780350732,2.725409489266881,40.48519589533277
2026-08-28 01:20:00,M-103,70.49509843803389,5.647690912204572,2.666637958728573,46.78704946194601
2026-08-28 01:30:00,M-101,68.84281486258408,4.959769910283287,1.997738442072336,47.943999662066034
2026-08-28 01:40:00,M-103,78.21702898593581,5.132663825086693,2.6843641756524264,47.804112051304436
2026-08-28 01:50:00,M-101,78.14015104804068,4.598359918836751,2.5208471195340705,48.619524316725176
2026-08-28 02:00:00,M-102,70.32598506277749,5.194435327790936,1.8422527042879593,42.158396010995006
2026-08-28 02:10:00,M-103,63.03039443404018,5.052255575789248,1.2967746295910536,42.91104905167108
2026-08-28 02:20:00,M-104,69.16647445972474,5.1774637305145905,1.9237110652637448,42.77018617277166
2026-08-28 02:30:00,M-101,69.00089303041469,5.862269004262851,1.7743822541225345,36.6593396256346
2026-08-28 02:40:00,M-103,68.7143251886097,5.279964120605608,2.0722769688010407,50.39281225292274
2026-08-28 02:50:00,M-104,68.51140548050877,4.842403367134389,2.0312299004061622,54.262602161844036
2026-08-28 03:00:00,M-103,68.73268552137597,4.879906040254045,2.02205618061473,53.57417057997475
2026-08-28 03:10:00,M-103,70.0672919205112,5.467809033661196,2.183289659482708,46.16252197677472
2026-08-28 03:20:00,M-103,68.82229450592222,5.784411980947041,1.5756173185207125,42.32296332375279
2026-08-28 03:30:00,M-101,73.04161254312795,5.326863109337973,2.1439760971493977,53.21020249653883
2026-08-28 03:40:00,M-104,73.8018435795243,5.509920735049646,1.8461343464440478,52.47246115662186
2026-08-28 03:50:00,M-102,67.44677456408755,5.474381975501517,2.0699937699522906,49.52194449705407
2026-08-28 04:00:00,M-101,78.35532663003517,5.8385789860108845,2.3350934458312667,60.21017876696291
2026-08-28 04:10:00,M-101,67.09968849079692,4.322684422273285,1.5714600793726397,47.81502135043056
2026-08-28 04:20:00,M-101,63.91099693092332,5.500248522687038,1.9015472215656508,46.20177011252578
2026-08-28 04:30:00,M-102,73.90389035682526,5.642681219756604,1.9585130180898975,45.2012786824778
2026-08-28 04:40:00,M-104,67.9129593279283,4.597574332238992,1.8200058599502758,37.07385605463435
2026-08-28 04:50:00,M-104,73.60645735378694,4.801449317197113,2.314940323646535,52.629379748996044
2026-08-28 05:00:00,M-104,59.98165699449735,4.817147763117331,1.747864074419835,47.26160242989556
2026-08-28 05:10:00,M-103,78.96227970741533,4.872044411630178,1.8056098601951813,51.56951868949756
2026-08-28 05:20:00,M-103,75.36146704020202,4.983227327079013,1.7515283034667775,60.89314601463868
2026-08-28 05:30:00,M-103,64.49761725418499,5.309171265874724,2.3822193940035805,45.26473761066768
2026-08-28 05:40:00,M-102,64.60611438076857,5.589553593025316,1.8276445606557241,31.633938982459142
2026-08-28 05:50:00,M-103,80.36132952048764,5.6865926309958414,2.1610158868092446,51.36749258657541
2026-08-28 06:00:00,M-102,68.31310048251021,4.822979622474499,2.691496785430526,49.16801572924873
2026-08-28 06:10:00,M-104,67.82907575633688,4.819883650583658,1.973813552877295,42.872822868200764
2026-08-28 06:20:00,M-103,60.66973952925359,5.7921198280073005,2.389221238011605,50.78086434935049
2026-08-28 06:30:00,M-103,70.24610897199223,5.49103477093839,2.5849739294325946,53.50267424073063
2026-08-28 06:40:00,M-101,70.86140192582124,5.237289178841048,2.359517046014145,41.37373062851917
2026-08-28 06:50:00,M-102,75.57746548384742,5.413001503999736,1.9941195394077909,45.89067697017632
2026-08-28 07:00:00,M-104,65.00460785907762,5.186588298166852,2.2247377156495145,58.3372761089425
2026-08-28 07:10:00,M-101,64.39856603879696,5.436063107371427,1.5494174924026292,42.94864466139445
2026-08-28 07:20:00,M-101,74.25481317388238,5.048769986572417,1.7269848946475168,48.466688287896496
2026-08-28 07:30:00,M-104,77.03365035613533,5.320962220497654,1.7883636864288284,29.629121837692807
2026-08-28 07:40:00,M-101,64.14423824441059,4.520254277333727,2.7842142420609988,37.62708149243093
2026-08-28 07:50:00,M-102,77.40757043149871,4.890497067328556,1.7155954200106565,49.1026224813296
2026-08-28 08:00:00,M-102,72.18770920743411,4.895344970444346,1.7103831370583595,56.59591466709921
2026-08-28 08:10:00,M-103,77.45902669537323,5.031524485056889,1.6346276569128557,38.46579222599299
2026-08-28 08:20:00,M-101,71.64889819241192,4.783069035349113,2.195934116675766,48.52194843442348
2026-08-28 08:30:00,M-103,59.38861041256025,4.959905368379613,2.049917487434109,45.36997463662398
2026-08-28 08:40:00,M-101,71.2401630884198,4.518513671920846,2.3803656419592976,54.671616384947455
2026-08-28 08:50:00,M-102,77.30071909335635,5.4469152143777055,2.234940883127074,39.4753768627419
2026-08-28 09:00:00,M-102,67.53126990458142,5.162868916489873,1.5168635536465764,51.0105435385724
2026-08-28 09:10:00,M-102,70.06017515546274,4.432656576500793,1.7174527804963704,43.424165191026205
2026-08-28 09:20:00,M-101,71.11933248224511,4.824326540253997,2.477865061896537,49.56126617378533
2026-08-28 09:30:00,M-102,57.50243060065759,5.351470642402975,1.9288456143981183,48.48251736615931
2026-08-28 09:40:00,M-101,80.35673787718738,4.955640124126395,2.4156571363063044,46.23754648100167
2026-08-28 09:50:00,M-103,67.49312160051413,4.886376342937857,1.947611668229639,51.34468292388569
2026-08-28 10:00:00,M-101,74.52867716236399,5.166433295346366,1.6613202500990174,48.30556914012073
2026-08-28 10:10:00,M-103,71.56649431925895,5.3546188908301975,1.8938587278166528,47.07035588546314
2026-08-28 10:20:00,M-101,78.2880952817968,4.553641394332378,1.6611825715576063,45.5050842618408
2026-08-28 10:30:00,M-103,74.0302806121404,5.447557816548046,1.8020565331591516,48.54318872821736
2026-08-28 10:40:00,M-102,70.82537864239512,4.839868023276681,2.070323997297836,49.55430483702251
2026-08-28 10:50:00,M-103,67.5324245374036,5.1919324142875904,2.1790617816291573,41.076005439435654
2026-08-28 11:00:00,M-102,75.9892535069107,5.184060936688821,1.4434330368609958,45.55370133457836
2026-08-28 11:10:00,M-102,62.632793480226916,4.962820246792102,1.9939211973718156,40.61369838758179
2026-08-28 11:20:00,M-103,75.22945210137947,4.739353114241179,1.7946844925540866,47.7210820405345
2026-08-28 11:30:00,M-101,66.50477624222563,5.071441053358481,1.7730548168644156,43.8536745660218
2026-08-28 11:40:00,M-101,78.2614183097832,5.931398639083838,2.046439616696577,53.39548203586879
2026-08-28 11:50:00,M-104,72.80649771331348,4.587246236291366,1.807341844558776,52.70908884429683
2026-08-28 12:00:00,M-101,75.22061883925055,5.9615408585971945,2.483748298196336,41.54076005504941
2026-08-28 12:10:00,M-104,72.4099440691236,5.083125473015561,2.415821656687871,47.983848582210676
2026-08-28 12:20:00,M-101,63.238114524295014,5.215917137689888,2.413639902879714,52.469616054738545
2026-08-28 12:30:00,M-101,67.6963541830233,4.7109801348768725,1.8267814315783943,46.7728417588518
2026-08-28 12:40:00,M-102,75.36194668805692,4.852928762495134,1.6631254077782371,42.902477326361186
2026-08-28 12:50:00,M-104,72.83327908679922,4.973690657482892,2.0287104752858403,40.35317530368643
2026-08-28 13:00:00,M-101,77.90494952652836,4.7294372631049395,1.9473780717998066,53.97987293104853
2026-08-28 13:10:00,M-104,74.01637281518586,5.105986919183108,1.7869118931518222,54.31899203799479
2026-08-28 13:20:00,M-102,67.1664905464867,5.016842848686953,1.5884929436665636,46.54436680788166
2026-08-28 13:30:00,M-102,68.01967931139683,6.03285151409608,1.985468710756175,53.362963091686744
2026-08-28 13:40:00,M-104,72.51458695261618,4.675311616443793,1.8585756924116343,27.243526290802613
2026-08-28 13:50:00,M-102,60.429779669999476,5.2462107325368645,2.240921462963307,57.29288255496465
2026-08-28 14:00:00,M-103,80.36720942811493,5.3115308268558215,2.2327871180325176,46.90138636305975
2026-08-28 14:10:00,M-103,74.2087336818878,4.718355753106673,2.385279931897951,48.992435925596425
2026-08-28 14:20:00,M-102,78.13517298524437,5.509072372953778,1.5592465568419867,45.756375934338216
2026-08-28 14:30:00,M-103,64.09698029595415,5.020752844203267,2.1403704076927714,57.76995237307254
2026-08-28 14:40:00,M-101,78.22282580177628,4.07842465678762,1.7453870028182148,40.57487863231126
2026-08-28 14:50:00,M-104,83.15749455513874,5.496932325447054,1.5728550262161205,58.321222286247846
2026-08-28 15:00:00,M-101,65.39560822311341,4.697376602153937,1.8499892170679515,50.77389644661578
2026-08-28 15:10:00,M-104,75.85700897451883,4.728501274237406,2.374046743047116,52.3586495114271
2026-08-28 15:20:00,M-102,72.00554972343646,5.509555937301579,1.8696885762503306,45.69556805669759
2026-08-28 15:30:00,M-101,64.27783075875878,5.043777332911698,2.547909130985689,38.842465614725405
2026-08-28 15:40:00,M-102,74.46441985925935,5.612997467748175,2.192107480432117,54.51357535875271
2026-08-28 15:50:00,M-102,76.16801602418674,5.744574742914393,1.8620683323567981,50.17985845832531
2026-08-28 16:00:00,M-104,68.99436723665576,4.9097821928549665,2.406016950117243,57.53136420816172
2026-08-28 16:10:00,M-104,77.82958260127612,5.556968123179764,2.15588887024,46.64356575849011
2026-08-28 16:20:00,M-104,63.66618296605401,4.860042639373203,1.6736042140436531,45.065380347707595
2026-08-28 16:30:00,M-101,64.52621926775178,6.204902162709479,2.65058092245318,57.716617656482114
2026-08-28 16:40:00,M-103,72.68298697794376,4.888169347960954,2.0908175880802666,61.38325915148211
2026-08-28 16:50:00,M-104,72.12692638986135,5.661739348432002,2.006578667194922,48.06543023456011
2026-08-28 17:00:00,M-104,68.41713255787947,5.57970551164671,1.7005635655330344,42.730697522000256
2026-08-28 17:10:00,M-101,76.04797217985943,5.34223951994902,2.4128383936627085,53.673715339526844
2026-08-28 17:20:00,M-104,74.65447157107975,4.898255577362493,2.181046399576457,46.22185603680528
2026-08-28 17:30:00,M-101,76.29069535467008,5.131871128626366,2.2202333631033344,52.19483977780559
2026-08-28 17:40:00,M-102,71.38431782323866,4.230885349174952,1.822364029765981,46.185068179348725
2026-08-28 17:50:00,M-104,75.0129013398917,5.300989017272013,2.291935200168524,58.948098127482695
2026-08-28 18:00:00,M-104,69.77174848485002,5.357326898962773,2.3191347577497807,43.1035734646451
2026-08-28 18:10:00,M-102,82.26909345043298,5.260074738577617,1.7659276164266071,51.36370763765372
2026-08-28 18:20:00,M-102,67.93727114939007,3.8620122229183496,1.5040534511116532,44.57908620837513
2026-08-28 18:30:00,M-102,82.52648714729156,4.630463599709585,2.2034805707686234,46.02945407005462
2026-08-28 18:40:00,M-104,72.17443973544704,4.863359057718102,1.4493285676379912,45.11561041667596
2026-08-28 18:50:00,M-103,65.1224455521563,5.331246519935071,2.0532055222432226,53.17025646265391
2026-08-28 19:00:00,M-103,78.84039675244301,5.330202507539343,1.8434642133244425,54.4285418045371
2026-08-28 19:10:00,M-103,72.6295069419748,5.1233992936129695,2.4265328237761223,51.9041718025266
2026-08-28 19:20:00,M-104,76.25562049190118,5.48586049147178,1.8625046382314774,47.24411573278311
2026-08-28 19:30:00,M-102,78.11927959271297,4.738190931113695,2.3875455402013315,48.98126021701115
2026-08-28 19:40:00,M-104,73.68977777072513,5.474605752562298,1.8200266944729409,54.284050979215976
2026-08-28 19:50:00,M-102,69.03879577593592,5.413633947177951,2.3499968517708636,54.505181110453236
2026-08-28 20:00:00,M-104,76.87856688834626,5.36989962977706,2.721119540342891,29.168070580525256
2026-08-28 20:10:00,M-104,72.00377753727298,5.118081806011455,1.6261835015718158,46.09444479759113
2026-08-28 20:20:00,M-102,75.4292890930421,6.023834721174068,2.1022125026058176,46.4301884599236
2026-08-28 20:30:00,M-103,61.231347131042696,5.421938059820445,2.9620738455685225,52.684767948883135
2026-08-28 20:40:00,M-102,74.23490858504925,4.764248861535899,2.0233060894160224,47.53260427602478
2026-08-28 20:50:00,M-101,68.80707087427484,5.311737464081193,2.021625894580377,53.03428366664501
2026-08-28 21:00:00,M-101,80.26654818589265,5.538617519683399,2.275974631572857,40.449374602786136
2026-08-28 21:10:00,M-102,75.11543673944547,4.935351130484061,2.014378302433164,49.82038160822546
2026-08-28 21:20:00,M-104,73.19928872924649,5.690172511118995,1.4024709019003065,54.30143957415346
2026-08-28 21:30:00,M-101,74.4315499667511,5.3719151675722046,2.3963005811936284,37.67931991477296
2026-08-28 21:40:00,M-101,67.00779573561641,4.1458847480505945,1.2989680551471827,65.59550427746231
2026-08-28 21:50:00,M-104,80.11628345264027,5.334852389802067,1.8541229221015803,56.33620153006564
2026-08-28 22:00:00,M-104,81.95685209208452,5.017286880514278,2.422599012204827,48.009473117259496
2026-08-28 22:10:00,M-103,73.96456755274109,5.441730916543781,1.8752101499750249,42.201143249328624
2026-08-28 22:20:00,M-104,79.95201784286819,5.624896678113316,1.7572062276374585,46.77440394808406
2026-08-28 22:30:00,M-102,69.15425900663733,5.287822921213818,2.3077423668082964,48.58661651727938
2026-08-28 22:40:00,M-102,68.01443216887509,5.949363505275113,1.7021098246079647,51.08463789768433
2026-08-28 22:50:00,M-103,72.20462374364462,5.119581901946427,1.5722209981428161,58.504625946220216
2026-08-28 23:00:00,M-101,74.1747051918395,5.481168020374244,2.0960798956226494,44.66731071390008
2026-08-28 23:10:00,M-101,70.0300665937844,5.562224158136806,1.9359768455555932,51.93896886300793
2026-08-28 23:20:00,M-104,74.68884095184242,5.15619431399827,1.5647144100339054,38.95299586179921
2026-08-28 23:30:00,M-102,73.53194741036707,5.550448438590002,2.2229333889982046,45.104794999723126
2026-08-28 23:40:00,M-101,67.00846612354472,4.932397155777024,2.162570661952032,50.63701793508551
2026-08-28 23:50:00,M-103,74.59396508725861,5.009844211440452,1.8740857441880288,52.838837437061635
2026-08-29 00:00:00,M-103,76.31764121260761,4.60938008934866,1.8980337978562687,42.727372663347666
2026-08-29 00:10:00,M-102,72.85734658795195,5.308634102366521,2.1646374597032048,44.9144581279166
2026-08-29 00:20:00,M-103,77.76324051630846,5.346363254134455,2.4166264969132234,58.22389644908482
2026-08-29 00:30:00,M-103,65.91298103251523,5.730668421360654,1.9010223764617362,56.13336033739631
2026-08-29 00:40:00,M-102,74.33975211065926,5.556013001960148,2.2291409725528504,49.45920051936656
2026-08-29 00:50:00,M-104,66.14859646801612,5.071841999508655,2.19782007597961,32.34348392745499
2026-08-29 01:00:00,M-104,66.42959320883456,4.669819140699576,2.3077575524481415,65.57792783383006
2026-08-29 01:10:00,M-103,68.84534583131105,5.3947826811339885,2.013758219560213,47.860479068399286
2026-08-29 01:20:00,M-104,67.28969908212878,5.6998389275865895,1.6806860700767747,45.812030593850714
2026-08-29 01:30:00,M-104,69.26002090629432,5.5398332382117745,1.8381252963800108,44.3434805190212
2026-08-29 01:40:00,M-103,70.92924844644406,5.68801488618578,2.119998713023577,50.63456926039376
2026-08-29 01:50:00,M-104,76.18577243165691,5.104649710960791,2.6364625324335575,50.70607812419651
2026-08-29 02:00:00,M-103,70.39420480647149,4.99002146432096,1.8305931318813025,54.654395111885584
2026-08-29 02:10:00,M-101,64.07187146615203,4.86839439149569,2.2816756052345895,41.517564849556905
2026-08-29 02:20:00,M-102,77.7003392324758,5.174846590023882,1.885180242263134,45.81253585301117
2026-08-29 02:30:00,M-102,67.81454933192481,5.164634141814031,2.0386640645601477,62.21382006256942
2026-08-29 02:40:00,M-104,71.70639786447686,5.293004932842602,2.5303888622422575,49.57213443274994
2026-08-29 02:50:00,M-104,74.23268253470356,5.141816144334022,2.2675024034971516,46.79232938671277
2026-08-29 03:00:00,M-104,72.9980520920139,5.1398675216229535,1.5655452545406652,41.40867564091409
2026-08-29 03:10:00,M-102,77.47089773760737,4.850487676162535,1.7996337416659431,51.54154014074526
2026-08-29 03:20:00,M-101,74.3950157169638,5.623728556098171,2.4396774705544755,55.21712751929711
2026-08-29 03:30:00,M-101,67.69345210151445,5.2344331280096705,2.0496573149199735,54.12211352066865
2026-08-29 03:40:00,M-102,82.89281086995831,5.121500229571623,1.5979059581344477,46.188393954737585
2026-08-29 03:50:00,M-101,72.97166731669117,4.863656836037858,1.7133666442591977,50.52876598354475
2026-08-29 04:00:00,M-102,71.26329886689247,4.6006391003240115,2.24622273294891,59.70161605654028
2026-08-29 04:10:00,M-101,76.81962711527785,5.788583886647205,2.3480435984261705,55.496176045200286
2026-08-29 04:20:00,M-103,73.24725472965036,5.449587418659314,2.006249355518761,42.51086080464676
2026-08-29 04:30:00,M-103,73.99614096469664,4.4692369708435145,2.8663598303276356,30.17796454764971
2026-08-29 04:40:00,M-102,84.46091999300343,5.543414035319346,2.2884533272094734,50.077407549589644
2026-08-29 04:50:00,M-101,70.62439285872476,5.6151165266049,1.9147816256284849,53.58997688723903
2026-08-29 05:00:00,M-104,70.41119552991302,5.255969255035419,1.7145028831652296,40.375428556887165
2026-08-29 05:10:00,M-101,72.58289256006232,5.919149903088291,1.6587904933763356,47.93847334514056
2026-08-29 05:20:00,M-103,77.35757967790519,5.297523838955297,2.1173974621681295,46.15410653888845
2026-08-29 05:30:00,M-103,64.467329849048,4.562429412422865,1.8289280342803076,48.73000425562539
2026-08-29 05:40:00,M-101,62.172220542617474,5.364326050471744,2.5858103138941986,44.187125990162016
2026-08-29 05:50:00,M-101,69.06442364689926,5.310203785770728,2.5132091310212505,57.03357698339595
2026-08-29 06:00:00,M-104,63.83038520470356,4.92851641804983,2.2215732916240296,49.035782164429335
2026-08-29 06:10:00,M-104,69.8758432623718,5.458101476594841,1.5873513394650867,41.84688179684675
2026-08-29 06:20:00,M-101,74.51249848064646,4.449550630214112,1.7647233946066583,54.42223507515604
2026-08-29 06:30:00,M-101,67.54625568223868,5.645755072349256,2.439487134009385,39.15068682805806
2026-08-29 06:40:00,M-101,64.86586711609328,4.804845233377547,1.8029268300717143,56.99146064274593
2026-08-29 06:50:00,M-101,72.34668580857674,4.756774243697335,2.3927496068718335,54.93741596955795
2026-08-29 07:00:00,M-102,76.31271742307585,5.148778852461636,2.1661113730621664,57.728427067245505
2026-08-29 07:10:00,M-101,63.52513280741694,5.394837817619636,2.0181012596846157,46.89227539290869
2026-08-29 07:20:00,M-104,76.10116199152992,5.2737658286170435,1.7540085154725957,44.52720214151636
2026-08-29 07:30:00,M-103,76.08653101869163,4.86580337540243,1.967014654766337,48.58815232653165
2026-08-29 07:40:00,M-102,76.77042551078314,4.97225981896365,2.066376784206214,47.40894249551128
2026-08-29 07:50:00,M-101,78.09240107435843,4.690130943680142,2.3613886144053926,43.430846001055414
2026-08-29 08:00:00,M-103,83.01006962329808,5.098894044266559,1.6899925397781859,44.1246368011205
2026-08-29 08:10:00,M-102,70.21953975690472,5.68375954652991,1.9080141051158597,45.43539006913475
2026-08-29 08:20:00,M-103,72.54785790038929,5.198081678060256,2.0156880961762997,39.80997419492096
2026-08-29 08:30:00,M-101,69.91780783375987,5.586736414641754,2.2319374251901576,52.74574302719534
2026-08-29 08:40:00,M-101,72.00988422377905,5.854930601976786,1.682037481867028,47.63392003700295
2026-08-29 08:50:00,M-104,79.66436677818156,4.935391666433365,1.5392005724894746,45.84135071536447
2026-08-29 09:00:00,M-101,65.27492758034666,5.116042036125086,2.2358878030985174,40.22752087340826
2026-08-29 09:10:00,M-101,67.69475163917213,6.177036787478123,1.4687178097686537,39.877389156327745
2026-08-29 09:20:00,M-102,78.8859046825228,5.849954535390975,2.449742900166759,61.55139835505689
2026-08-29 09:30:00,M-104,77.10018253451045,4.447417963384441,1.9454258658809822,43.609197759969014
2026-08-29 09:40:00,M-102,70.18434176591461,5.374216742227408,1.4583641212039438,52.27369875946528
2026-08-29 09:50:00,M-103,76.2720100056036,5.200251996552863,1.831852923208777,49.13844128930124
2026-08-29 10:00:00,M-101,73.70607921246017,5.571903899886443,2.132693271574233,28.573680772243282
2026-08-29 10:10:00,M-103,79.50137304500494,4.864759554631725,1.813554619355758,60.547155761970146
2026-08-29 10:20:00,M-102,72.37254796913386,4.822176232581698,2.0070104120885217,52.78858785143281
2026-08-29 10:30:00,M-101,77.1281605693629,4.895768178117876,2.25902742799685,42.62630891986634
2026-08-29 10:40:00,M-101,85.2100595524631,4.942632154210705,1.929233382614333,47.80143446899283
2026-08-29 10:50:00,M-102,74.99049577523733,5.5668958750640565,1.6720298132368532,39.95571642817434
2026-08-29 11:00:00,M-102,72.24664082897422,4.668459472083004,1.8953556009198556,60.78354334922794
2026-08-29 11:10:00,M-102,75.61223492610489,4.919823745018307,2.495194047760741,41.646396042309746
2026-08-29 11:20:00,M-102,70.17359570898057,4.394944424274351,2.5897725208666142,44.33841202313739
2026-08-29 11:30:00,M-102,83.93983852762366,5.653203020535568,1.2930258391202036,42.89307245296686
2026-08-29 11:40:00,M-101,72.9003551884799,5.771963544744013,2.381859768217017,48.56265580146419
2026-08-29 11:50:00,M-102,70.63533339887243,5.052816956111296,2.0875517006123747,57.5922155009752
2026-08-29 12:00:00,M-101,67.82155497489983,5.06592278583405,2.3233939376920523,60.5256211436661
2026-08-29 12:10:00,M-101,77.4861009580322,5.403949856027304,1.8073291089063297,45.20702699044392
2026-08-29 12:20:00,M-102,76.33593706413869,5.863516903320216,1.38110777167448,50.64781287622546
2026-08-29 12:30:00,M-102,69.51322814292953,5.383874836403763,2.2045710760266117,48.573337888228515
2026-08-29 12:40:00,M-104,74.88225672561211,4.886106125886198,1.670657958551049,41.12873514889159
2026-08-29 12:50:00,M-101,64.45722015893571,4.471529842606102,1.5140976489803017,64.95788902217161
2026-08-29 13:00:00,M-102,72.92485287536579,4.698193181801431,1.5385595161342869,57.53931693607379
2026-08-29 13:10:00,M-102,74.26378176038347,5.23294875264061,2.210319823845367,49.32381094797724
2026-08-29 13:20:00,M-102,80.53664904779612,4.905102614559643,2.048808363110219,59.073132654492916
2026-08-29 13:30:00,M-104,68.14590598635655,5.287735467695842,2.273863107656136,56.48474698902463
2026-08-29 13:40:00,M-104,65.60823685598838,4.951184192693695,2.2341763390737275,48.57302938757229
2026-08-29 13:50:00,M-103,67.52286019537479,4.723834105917515,1.852673252395682,50.28174523729595
2026-08-29 14:00:00,M-101,65.3171574984254,4.670335765846119,1.9753342491428905,58.58488299663658
2026-08-29 14:10:00,M-103,78.68328678879492,5.903059529217954,1.8209968649261112,41.37692493209224
2026-08-29 14:20:00,M-102,79.74319647512019,5.60004448713264,1.9263852794970782,59.71583488124938
2026-08-29 14:30:00,M-104,73.60108288974415,5.978733078322581,1.661460841706627,46.42421207520419
2026-08-29 14:40:00,M-104,78.10647472842574,5.442977905339797,2.136669502856017,58.67273719993297
2026-08-29 14:50:00,M-103,72.66979190290118,5.006503866123323,2.3762922621436147,47.96341381776026
2026-08-29 15:00:00,M-104,71.52444176149616,5.795503415120472,1.7141854395626548,50.3632435573108
2026-08-29 15:10:00,M-102,70.3348119047312,5.1851193993872045,2.4484443758904697,47.75984150399279
2026-08-29 15:20:00,M-104,70.44804504311217,5.299378796630659,2.0397325237672796,44.27709464032141
2026-08-29 15:30:00,M-103,64.26099221845485,5.180729029416017,2.0843776417420345,46.109615712989815
2026-08-29 15:40:00,M-102,73.3212738180367,3.8738931013221936,1.4051996681373686,57.65377982217997
2026-08-29 15:50:00,M-103,71.79833044892978,5.9221307555326845,1.367458191651993,31.80085212129272
2026-08-29 16:00:00,M-104,75.72680362038938,5.420951775680989,2.0504407269728886,39.32723838636614
2026-08-29 16:10:00,M-103,72.46761748219305,5.34842037739083,2.2764062436212025,42.92169803449328
2026-08-29 16:20:00,M-103,71.18648149215454,5.172200771978248,1.7650168447242667,40.45158645294785
2026-08-29 16:30:00,M-101,67.64403484996184,5.273542519173759,2.584532865204081,58.56985727290842
2026-08-29 16:40:00,M-104,72.36076618410881,4.931224478869189,2.2572275909890105,56.80373884497243
2026-08-29 16:50:00,M-104,75.69118615408081,5.477460708538272,1.6820805619022052,52.14422266576231
2026-08-29 17:00:00,M-103,66.2833050445807,4.611805745020391,2.0107970334687275,43.535371527657254
2026-08-29 17:10:00,M-101,72.4373687684037,5.283730794611746,2.8669251968031944,57.34536306755896
2026-08-29 17:20:00,M-104,73.16521475764742,5.452708061756997,1.565102599020103,36.88309051803119
2026-08-29 17:30:00,M-102,68.40967608190869,5.110598889779694,2.184894478620287,62.99387848103555
2026-08-29 17:40:00,M-103,69.06071847545999,5.366890506611961,1.8870394065468301,43.207591419757144
2026-08-29 17:50:00,M-104,73.15305424383108,4.753899523494588,2.247413701821479,46.165753447109935
2026-08-29 18:00:00,M-102,66.33289490853689,4.7653779530968166,2.4435457762114337,44.994593046537
2026-08-29 18:10:00,M-104,73.74961857624696,5.3065227044618775,1.8648170189510214,40.48824810130926
2026-08-29 18:20:00,M-102,67.523228131704,5.505347344579474,2.391619295097511,61.475791867558435
2026-08-29 18:30:00,M-103,77.31426846516608,4.35631045502423,2.777421187995186,53.52226241549141
2026-08-29 18:40:00,M-104,83.6891387269415,5.434909285799845,2.023196158070482,56.50829379455851
2026-08-29 18:50:00,M-104,67.6962159914909,4.955559324830649,2.274711040622965,39.434315095574604
2026-08-29 19:00:00,M-101,74.67103931187337,5.1132372607116645,1.7933457304288538,49.266564789027996
2026-08-29 19:10:00,M-103,68.3662904755899,4.597216934395734,2.0067407581609245,51.64720082531983
2026-08-29 19:20:00,M-102,77.20477086898894,4.816772241915982,1.9381637175521151,49.8952956648489
2026-08-29 19:30:00,M-104,65.67370795457393,5.6347563964886405,2.2789275739805084,39.877385842524
2026-08-29 19:40:00,M-104,74.40293379213857,5.214788518291096,2.421636577514924,55.52850014791446
2026-08-29 19:50:00,M-102,67.63505516555324,5.027749719230699,1.9616208028088893,48.85085057949608
2026-08-29 20:00:00,M-103,70.96507705450816,5.147580241316034,2.5367679960065233,41.31525175049898
2026-08-29 20:10:00,M-101,66.84487362426347,5.420145321098936,2.53551660454657,35.013246223131354
2026-08-29 20:20:00,M-101,76.11175235447877,5.398222523273502,2.296398810112965,52.24666559442916
2026-08-29 20:30:00,M-104,67.81509822780207,5.16623784982144,1.819390713897395,65.15319013892051
2026-08-29 20:40:00,M-102,74.75982129665914,5.691831599903501,1.785859914141034,40.89322008657603
2026-08-29 20:50:00,M-104,70.27950985868833,5.636708186608,1.7156665258584864,49.193129352890764
2026-08-29 21:00:00,M-102,71.42763814100569,5.386017413108679,2.332208124583356,55.77348095364104
2026-08-29 21:10:00,M-101,72.73877953700064,5.224575302309532,1.5758811273787225,39.11243413729089
2026-08-29 21:20:00,M-103,68.19087664170576,5.4957944928037925,2.2368931789388524,44.64030261640483
2026-08-29 21:30:00,M-102,73.05183556770443,5.341420339810533,1.6216117282615605,41.978888545170186
2026-08-29 21:40:00,M-101,79.65167282177205,5.677360032312676,2.288241141944691,54.89273686377182
2026-08-29 21:50:00,M-104,68.10952607083642,5.604802619532238,2.0060268539556962,57.27865798547842
2026-08-29 22:00:00,M-102,77.85905071636923,4.741785744362022,2.46677349665094,49.113253853122146
2026-08-29 22:10:00,M-103,79.49048816743893,4.711316573166233,2.399509102412445,42.10786151704129
2026-08-29 22:20:00,M-104,67.91922505485978,4.884437705018166,2.502272894200739,44.90046343450506
2026-08-29 22:30:00,M-104,64.72472697454724,5.639262410530114,2.5112865514011897,43.58651040027273
2026-08-29 22:40:00,M-101,73.50980450085882,4.49066095145294,2.050270791895869,41.15911796863895
2026-08-29 22:50:00,M-102,69.26296238616564,5.377640825098597,1.5944224267513885,47.28573259427075
2026-08-29 23:00:00,M-104,81.34301609581502,5.363144390991833,1.6316169307509174,52.023785391233034
2026-08-29 23:10:00,M-103,72.17403770249916,5.723191626408787,1.269603014739422,51.431802110999634
2026-08-29 23:20:00,M-102,67.9890029598241,5.281152410798749,1.6207169583001673,47.94237344801343
2026-08-29 23:30:00,M-103,66.26420244494145,4.595555774237245,2.024088280196627,48.39937685777755
2026-08-29 23:40:00,M-104,77.44952479545415,4.768290267708345,1.8041210367111933,47.42914443437155
2026-08-29 23:50:00,M-103,69.14408012957907,4.668102015145979,1.936952538456552,38.91951922583608
2026-08-30 00:00:00,M-101,72.21914399730214,4.957925215150087,2.1724503968114903,49.12094427888011
2026-08-30 00:10:00,M-103,76.77901372556241,5.117694294659233,1.8935771596769846,43.91462090181745
2026-08-30 00:20:00,M-102,69.57870824034585,4.675551313200525,1.6073599198555955,38.56859746588394
2026-08-30 00:30:00,M-103,71.77035585629919,5.86179789579353,1.9813682163527988,50.594938969809085
2026-08-30 00:40:00,M-103,71.9171579508874,4.603623382621402,1.6855283296295043,43.71788974507019
2026-08-30 00:50:00,M-101,75.41662255758045,5.805746540738117,1.9052247260573278,49.59427744881185
2026-08-30 01:00:00,M-103,74.95372167755163,5.7333233641477035,2.4699719375480513,53.93346470548599
2026-08-30 01:10:00,M-103,70.89943134372585,5.604236147360066,1.905323143566339,41.348328951983376
2026-08-30 01:20:00,M-104,72.31824530748258,4.887805026626462,2.6198351436717107,48.6448489745108
2026-08-30 01:30:00,M-104,70.14110494238255,5.354102895629606,2.5010725954282895,35.32703982788747
2026-08-30 01:40:00,M-102,64.61193796540277,4.625182989902222,1.797243141997335,58.727731634264934
2026-08-30 01:50:00,M-104,73.28800428699064,5.609908165765187,1.6111066817544786,38.48653452177852
2026-08-30 02:00:00,M-104,81.46095880416534,5.166706848308679,1.9816060433279323,44.396262363218376
2026-08-30 02:10:00,M-104,67.58140429654469,5.015805903435992,2.403664717188911,57.3686593263477
2026-08-30 02:20:00,M-104,68.13485145198649,4.649314819004679,1.8284331828199591,46.3583395174331
2026-08-30 02:30:00,M-101,67.6463611417813,4.085122246616942,2.3178316043917486,39.6182161958979
2026-08-30 02:40:00,M-104,75.62295889361562,4.73265661433391,2.4229539961976307,52.99151262600574
2026-08-30 02:50:00,M-101,74.2424272709822,5.700759188025808,1.729091022373088,52.83372723505829
2026-08-30 03:00:00,M-101,71.20731153791772,5.018724957186338,1.7633821190989944,43.56769562444337
2026-08-30 03:10:00,M-104,67.40990469180518,5.123802014298229,2.249431711244452,44.325514354537205
2026-08-30 03:20:00,M-103,72.46188395819962,5.494999461229804,2.05314664237455,44.952137205673395
2026-08-30 03:30:00,M-101,64.17688936332098,6.01255099515232,1.7598784657097124,46.550832275197784
2026-08-30 03:40:00,M-103,72.71713283428747,5.796252094725538,1.8767368431581444,34.749202461547355
2026-08-30 03:50:00,M-103,76.35762193043968,4.762449248282715,1.9753181565454032,46.730032972173305
2026-08-30 04:00:00,M-104,65.7440043168316,4.325843242853168,1.452300951265589,60.48739938728204
2026-08-30 04:10:00,M-102,64.33740861585169,6.261826416595047,2.2679750872689435,41.72821022934307
2026-08-30 04:20:00,M-104,79.8971894584743,6.221046225246754,1.832457733871283,43.91554484571165
2026-08-30 04:30:00,M-102,68.94120180247708,5.284804118393177,1.0256993216706656,39.71467635762523
2026-08-30 04:40:00,M-102,77.6797392297191,4.62828028948818,1.9916451610916917,52.28513348476748
2026-08-30 04:50:00,M-104,71.23001167401084,5.6334519402522725,1.7404500593872725,56.422381506996636
2026-08-30 05:00:00,M-104,71.19022591529337,5.151407341294326,2.591087767305937,56.26222487424337
2026-08-30 05:10:00,M-102,74.19206349748323,5.149158494602025,1.7950942426780112,39.26392587774438
2026-08-30 05:20:00,M-104,67.58000571626779,5.6025064793973085,1.615824822747486,51.49854211347872
2026-08-30 05:30:00,M-102,72.66248571747823,5.350468636092985,2.1777764344867054,58.03625023949965
2026-08-30 05:40:00,M-103,70.09255292587953,4.6663832900432745,1.7688434211973458,51.56764175397086
2026-08-30 05:50:00,M-104,65.39753278297485,5.0538661292131115,1.7271903295617188,51.34886778340643
2026-08-30 06:00:00,M-103,73.68741037363199,5.497518817897606,2.178325483988542,44.69850194955389
2026-08-30 06:10:00,M-101,70.68346096561042,5.429613500082259,1.6358364422386518,49.540768766555644
2026-08-30 06:20:00,M-103,71.21487585777646,5.317907458461314,1.4899542196301914,56.65422725794484
2026-08-30 06:30:00,M-103,65.94919528292921,5.620040329514139,2.6040993007330178,50.29746277900135
2026-08-30 06:40:00,M-102,79.95700183881402,5.037227355482231,2.2028245581602257,39.26207670779191
2026-08-30 06:50:00,M-103,76.38357093193058,5.280401398848583,1.9075267502519722,44.8077082799982
2026-08-30 07:00:00,M-104,76.82077942085989,3.68098940492008,1.9987829766043224,56.464956772222955
2026-08-30 07:10:00,M-102,70.47277648779159,4.997657412770734,2.1770525253406547,50.27320324245767
2026-08-30 07:20:00,M-101,63.3540855524829,5.54375630885904,2.340668107364697,48.833434547701536
2026-08-30 07:30:00,M-104,81.76458691244756,5.024322489797286,1.735408648039746,44.1218912672731
2026-08-30 07:40:00,M-101,71.69451245997065,4.9901976737273,2.1281512840879886,56.320194263741044
2026-08-30 07:50:00,M-103,68.25600101989973,4.731346171701332,1.8226535383264166,59.6368881847558
2026-08-30 08:00:00,M-104,74.08400787241557,5.651514651728116,1.9338565644205814,56.84232386112623
2026-08-30 08:10:00,M-104,77.83560394001648,5.446808473093257,2.0562425036127165,58.09814135011761
2026-08-30 08:20:00,M-101,71.88474721957267,5.571436569020388,1.9976624994315648,45.489056314636834
2026-08-30 08:30:00,M-104,78.39287583969687,4.42320371711895,2.2574484144059,44.49881631838267
2026-08-30 08:40:00,M-104,77.41499969258435,5.1277974805304645,2.170480295690458,46.9055837855057
2026-08-30 08:50:00,M-104,66.61809406298971,5.073950046512498,1.4721407767197379,48.27001269383378
2026-08-30 09:00:00,M-103,68.63104947170262,5.073742732030651,1.5247618775270952,58.01713846087679
2026-08-30 09:10:00,M-101,76.78768581639883,4.92278760532692,1.8705991603342476,56.16120717627892
2026-08-30 09:20:00,M-104,58.43693718094781,5.044253077698993,2.640018841854639,51.76928571078146
2026-08-30 09:30:00,M-102,71.25272153417505,5.582340152217993,1.7019428586244392,37.98169263907179
2026-08-30 09:40:00,M-102,64.84584399187663,4.339216890993477,1.9271220516355365,36.183847087821874
2026-08-30 09:50:00,M-102,69.61723099283238,5.9997826456137044,1.8122788905652174,49.68323921361192
2026-08-30 10:00:00,M-102,70.50589955485398,5.417728506261908,1.806084465569172,54.16184243920502
2026-08-30 10:10:00,M-103,70.20877811046246,5.180950646952905,2.0623839103667696,47.44303065709704
2026-08-30 10:20:00,M-104,69.23869373943695,5.608075365867817,2.490272046668478,61.404331534848836
2026-08-30 10:30:00,M-101,66.51428175185593,4.546674364674204,2.159588939958206,40.42291269353695
2026-08-30 10:40:00,M-104,83.45955633409343,4.9008845926820435,1.7187641635005177,39.54153635353081
2026-08-30 10:50:00,M-103,81.33731002080675,5.145516055424251,2.9636303287811225,43.35003317867975
2026-08-30 11:00:00,M-102,66.18967089871859,5.81450216669448,2.0275006273363942,43.08391950766135
2026-08-30 11:10:00,M-103,79.91058375651784,5.1790765384930495,1.7979726652662604,51.684001080773854
2026-08-30 11:20:00,M-104,70.00267254763574,5.402524602033316,2.494233731137156,45.04801703709548
2026-08-30 11:30:00,M-101,72.64593736665856,4.934689451828743,1.8358252837196636,37.16511677104937
2026-08-30 11:40:00,M-103,71.68363020051542,5.419078931035371,2.5820197792456048,54.241049196865816
2026-08-30 11:50:00,M-101,68.70125679373017,5.954757816838506,1.6952750231616667,35.68033651749509
2026-08-30 12:00:00,M-103,76.91926171803074,5.647987011253352,2.5005106361224794,40.501472438925035
2026-08-30 12:10:00,M-101,72.6294326528833,5.163344805499954,2.070366682498593,36.64105400479292
2026-08-30 12:20:00,M-101,69.6172428839038,5.503970881269462,2.4518682814458517,49.449848939496114
2026-08-30 12:30:00,M-102,65.47705278099764,5.459882629573245,2.6656179980455406,49.30233398505848
2026-08-30 12:40:00,M-101,67.5320249314044,5.427964452263774,1.6035874483175612,61.41518024711447
2026-08-30 12:50:00,M-102,63.79309942198952,5.7003790123871845,2.446520137265413,54.39678659301885
2026-08-30 13:00:00,M-104,72.06111774207585,5.69701496672686,1.5068836334511084,58.091523283395404
2026-08-30 13:10:00,M-104,66.01667203857802,5.142778631406302,1.63348547566312,50.020267559089454
2026-08-30 13:20:00,M-102,70.67219743740729,5.488845577664996,1.718806689072647,41.161477252366055
2026-08-30 13:30:00,M-102,78.85050926805185,5.027607285478093,2.176272822662251,48.896753213954476
2026-08-30 13:40:00,M-103,77.99649786460793,4.78461742165799,2.011555556927201,52.146947051711145
2026-08-30 13:50:00,M-103,71.83861552948692,5.0787278099332065,1.9415023705430074,52.92665167576102
2026-08-30 14:00:00,M-103,71.56457636928425,5.165674831717188,2.0511823476578264,44.69311499124161
2026-08-30 14:10:00,M-104,81.39937274710505,4.452288554869904,2.2069513562527154,51.4215053164768
2026-08-30 14:20:00,M-103,74.60378060179356,5.5871496517375245,2.2338868433794734,41.46880420411115
2026-08-30 14:30:00,M-101,70.36096770061738,3.9547035598289213,2.3829583924652957,40.69705684122498
2026-08-30 14:40:00,M-101,64.86990941439774,6.421667622768845,2.637012184468604,40.189507020301605
2026-08-30 14:50:00,M-103,73.96936609082371,5.875845610208343,1.992523169645483,48.17238191989758
2026-08-30 15:00:00,M-101,76.14661886291431,5.082546074122459,1.8176188632541792,39.75514551446587
2026-08-30 15:10:00,M-104,68.84174237743179,5.204241862253698,2.2147376452148158,45.026789270902945
2026-08-30 15:20:00,M-101,73.45601377569017,5.336337343114278,1.5995108143073828,54.32041585989771
2026-08-30 15:30:00,M-104,70.18213352542486,4.9348778254049765,1.762453553760936,40.79609225345187
2026-08-30 15:40:00,M-102,71.07983800400498,5.286678616414122,2.3497833312374765,44.46981576546978
2026-08-30 15:50:00,M-102,59.56088971218834,5.135200010034253,1.9565550688138036,48.501418937433186
2026-08-30 16:00:00,M-102,70.89109298141932,5.157577277246065,1.5771326395746863,49.72820831072587
2026-08-30 16:10:00,M-102,76.84684651204027,5.281657478566288,1.4785689271221891,44.504965864361075
2026-08-30 16:20:00,M-101,68.84298722216721,4.608912490740702,2.0170508377878327,53.5080204811461
2026-08-30 16:30:00,M-103,72.26263184107658,5.217806375860142,2.3996637879388034,52.133166105493075
2026-08-30 16:40:00,M-101,68.2202464665404,5.273551485977865,2.3949910221359154,55.97899623053192
2026-08-30 16:50:00,M-104,73.80220838146387,5.2579823296101615,2.038808176012493,47.42878652957058
2026-08-30 17:00:00,M-101,70.91738401231913,5.1028761600537305,2.7031182966836447,44.4102683338056
2026-08-30 17:10:00,M-101,67.30379229658996,5.7120359991862175,1.9633128719208381,43.22157584591515
2026-08-30 17:20:00,M-104,78.66275733832563,5.040856350303303,1.9515013318109062,50.14919262550554
2026-08-30 17:30:00,M-102,76.64466006766108,5.302296658070436,1.1013974315913502,45.35990952032109
2026-08-30 17:40:00,M-102,68.97546618035912,5.783783890266496,1.8434229677935745,44.015811556234475
2026-08-30 17:50:00,M-102,74.48894154708888,5.164280736990859,2.298205262217973,44.861989150282746
2026-08-30 18:00:00,M-103,74.6870600141019,5.296508470360398,2.547386467900896,43.214166604130234
2026-08-30 18:10:00,M-104,75.21150617505587,5.156626913658297,1.7094178782164504,49.393147789339125
2026-08-30 18:20:00,M-104,63.52872052002461,5.75681640710362,2.1617883152525668,38.11191772219158
2026-08-30 18:30:00,M-101,77.03303270516314,5.084023947286167,2.3664076613131506,50.12111404732474
2026-08-30 18:40:00,M-103,69.15150518537135,5.777509559779693,2.0039228536185645,52.735841322820654
2026-08-30 18:50:00,M-102,70.21086033279367,5.153385447408821,1.2008518398654693,43.933846032758915
2026-08-30 19:00:00,M-103,85.189408761301,4.813243124448393,2.086551499850988,61.45425857724583
2026-08-30 19:10:00,M-104,73.50936690360506,5.505717926758354,2.2665007184213124,48.123349176837976
2026-08-30 19:20:00,M-104,70.06838762276412,5.062899474809955,1.6684019867435393,37.07059911830078
2026-08-30 19:30:00,M-101,60.973528136220466,5.479225404594623,1.9110459141939646,46.03129965564331
2026-08-30 19:40:00,M-101,78.94882066973177,3.9717680267843196,1.5955763852549325,48.43859301455058
2026-08-30 19:50:00,M-104,65.27395164595698,5.202342367852726,1.1004483579968767,51.142772888991495
2026-08-30 20:00:00,M-102,66.98280548250249,4.993177615559134,2.3594515441256796,46.19798633122407
2026-08-30 20:10:00,M-102,70.34323850456076,4.721533591060925,1.9986880131693519,40.91900807006927
2026-08-30 20:20:00,M-103,79.08205895850146,4.95104154917209,2.559186248846744,40.33513567321402
2026-08-30 20:30:00,M-104,75.8661999333288,4.941833585068307,2.300062767167162,43.4248050037283
2026-08-30 20:40:00,M-104,71.2108124507987,5.178406392317239,1.8760265834170928,44.09557246236866
2026-08-30 20:50:00,M-102,73.54146031819411,4.58470309242177,1.970886768963457,40.0551808457052
2026-08-30 21:00:00,M-102,68.99807153564447,5.342323201116871,2.1981620867695604,42.870307872274104
2026-08-30 21:10:00,M-104,72.69826844782675,5.814796653342604,2.3384091958645103,52.61620967107548
2026-08-30 21:20:00,M-101,72.36668372389069,5.326417823626522,2.112934720759704,59.53888825386141
2026-08-30 21:30:00,M-104,76.84384947840677,5.564044874153054,2.3869576008513196,53.288231997096744
2026-08-30 21:40:00,M-104,76.83589061219475,5.692553104576208,1.896165942163935,57.141027603307684
2026-08-30 21:50:00,M-102,74.46988691102823,5.75642028048288,1.6509997586250098,54.818829277635885
2026-08-30 22:00:00,M-102,70.18826221226949,6.041562411769587,1.9773167612536044,53.83191229878841
2026-08-30 22:10:00,M-101,75.70911147195064,4.975359100775831,2.071814711757664,45.635426158598705
2026-08-30 22:20:00,M-101,71.54015766898476,4.876682206677498,1.5794626118412496,48.98637614870863
2026-08-30 22:30:00,M-103,66.59042815643434,5.552559541746131,1.5321472705486823,45.05566460280785
2026-08-30 22:40:00,M-104,69.98356104044531,5.51871979884583,2.1565852037656996,46.46624986366461
2026-08-30 22:50:00,M-102,72.42263491892162,5.54905388482706,1.8577751020203517,48.4771697027061
2026-08-30 23:00:00,M-101,76.55107891832373,6.050177104412613,1.9419556830182994,52.994963061053184
2026-08-30 23:10:00,M-103,71.08235913921423,5.205116458959322,1.8741075670047118,50.96326367060587
2026-08-30 23:20:00,M-103,65.95400644380197,5.391770451840784,2.532210315617124,46.867195158899506
2026-08-30 23:30:00,M-102,72.2837084164841,4.758825286832437,2.44161640613825,48.38877118624166
2026-08-30 23:40:00,M-102,72.56728020028277,6.160894505789181,1.5669262084862912,51.034245719354686
2026-08-30 23:50:00,M-103,72.92918814451376,5.0485547854559005,1.8135223754218435,52.67176106640485
2026-08-31 00:00:00,M-101,76.59935757977215,5.061302832327627,2.2975014937893574,37.36703385719958
2026-08-31 00:10:00,M-103,77.0946162004495,5.043962549046291,2.2106776829861348,40.45827725270744
2026-08-31 00:20:00,M-104,69.02894563809167,4.909796863610048,1.985489713184575,55.7511737375754
2026-08-31 00:30:00,M-104,68.91928270975528,4.871753328018558,1.6018399282625175,47.57391301048259
2026-08-31 00:40:00,M-102,66.79900644522263,4.964333072699714,1.761110983846259,45.03146384643115
2026-08-31 00:50:00,M-101,75.49407835140238,4.585391832377075,1.8191313513587986,46.15550368951773
2026-08-31 01:00:00,M-101,79.24410054168858,4.8466069358815425,2.096948015891685,46.154062860964125
2026-08-31 01:10:00,M-104,70.42459036045538,6.077033400151429,2.596304504144033,51.90556447067062
2026-08-31 01:20:00,M-103,70.79284717637503,5.531044814638616,1.7595919178241552,40.24388524213463
2026-08-31 01:30:00,M-102,79.33391278449488,5.616656879527473,1.640887663355666,48.173444225477326
2026-08-31 01:40:00,M-103,74.52778926607503,5.729743954337612,1.9619947331102199,49.72282410615283
2026-08-31 01:50:00,M-103,74.18117852400528,6.025360553963076,2.3611086431799206,50.77387541595852
2026-08-31 02:00:00,M-103,66.04541747013137,4.402859851850271,1.493590961633754,49.56004797347205
2026-08-31 02:10:00,M-101,75.39364034639709,4.6465525981210565,2.5087719528062316,51.6113436121982
2026-08-31 02:20:00,M-104,67.35431829745121,4.838324352597391,1.9397890232595156,43.99112694259181
2026-08-31 02:30:00,M-101,66.32989907032521,4.988621591579681,1.7429879991903192,41.40738087372531
2026-08-31 02:40:00,M-104,70.26614211616644,5.064743774236638,1.4399337496332443,65.1990311027536
2026-08-31 02:50:00,M-102,69.07103638275655,4.998860101237282,2.2472822706972195,45.891147207980346
2026-08-31 03:00:00,M-102,70.8920015280748,5.298689010909425,1.940090081665463,46.708818705418025
2026-08-31 03:10:00,M-103,64.7950918273754,5.215882925835348,2.0597469189640774,52.74488068402519
2026-08-31 03:20:00,M-104,76.79408153233837,4.874724342169788,1.6847158906460227,59.17262504535969
2026-08-31 03:30:00,M-104,77.63843147258214,4.221003050355594,1.8883163880121416,44.18830318145713
2026-08-31 03:40:00,M-104,62.26328762929593,4.753209082579586,1.8296965637758418,41.00829312267332
2026-08-31 03:50:00,M-103,76.89228902833275,4.952842606009341,1.9647924131176273,39.30492654445873
2026-08-31 04:00:00,M-103,67.94735685089186,5.088814253436526,1.7656566857684663,59.15174355052048
2026-08-31 04:10:00,M-102,76.28487768491394,4.691649643310258,1.4630366637594725,40.73325109477276
2026-08-31 04:20:00,M-101,71.65776753666792,4.979137090076611,2.9549749108538124,47.807108444391034
2026-08-31 04:30:00,M-104,72.143877820405,4.691055675181486,1.52280851343187,41.15900617569922
2026-08-31 04:40:00,M-104,71.07451175289391,5.143381291803251,2.0635106524298887,37.861508574291875
2026-08-31 04:50:00,M-101,78.06064602116743,4.7171089022368236,1.3797902600515852,45.9533725283442
2026-08-31 05:00:00,M-104,65.80205993737486,4.817992904633291,1.301033397183709,41.43549333561188
2026-08-31 05:10:00,M-103,75.03920169367504,4.611092141054888,2.0342392721482936,43.15860102203681
2026-08-31 05:20:00,M-103,77.50665082444775,5.130924686993597,2.061028655718906,62.042735681921826
2026-08-31 05:30:00,M-104,75.58170040270205,4.810098503521421,2.4415246467808345,50.97427272920682
2026-08-31 05:40:00,M-103,83.62349457161709,5.608052920003943,2.1398413943554973,54.52028663687792
2026-08-31 05:50:00,M-103,69.35526618637651,5.382632620011805,1.947566248438973,53.77261693994477
2026-08-31 06:00:00,M-104,76.78652411296765,5.168566659317361,1.6676399145772485,47.29397353844683
2026-08-31 06:10:00,M-102,71.4695468232929,4.841131526195295,2.524654223881742,44.92197148435663
2026-08-31 06:20:00,M-101,78.16703038176335,5.371234137392337,2.3250979361175785,49.74254228302782
2026-08-31 06:30:00,M-103,71.96155502139315,5.510815400206887,1.5637846827880515,49.17915538952746
2026-08-31 06:40:00,M-102,70.06062109068765,5.264209785490734,2.0132873048737223,44.018362079842845
2026-08-31 06:50:00,M-103,78.53036101935814,5.921665834960119,2.0504182810342737,48.908934813268026
2026-08-31 07:00:00,M-103,69.54219030490535,5.406836793133667,1.8790212201880159,43.05569205312595
2026-08-31 07:10:00,M-101,64.93637120549722,5.611123247905615,2.270147670032378,46.79979448551412
2026-08-31 07:20:00,M-103,69.41576558413085,5.26010443699119,2.291106598421862,45.653015678378644
2026-08-31 07:30:00,M-101,75.09516473294266,5.50404900396564,1.933330005768213,39.117891851759545
2026-08-31 07:40:00,M-101,78.96019375793546,4.841448445298871,1.9016957639708196,31.54189250821481
2026-08-31 07:50:00,M-101,72.55564687648256,4.993720736554243,2.524635461933636,41.42655725042211
2026-08-31 08:00:00,M-102,78.59098533617012,5.357213599067071,2.326493612326783,60.628732652104105
2026-08-31 08:10:00,M-104,65.20912539261204,5.353944766700822,2.0253261364679345,45.83222752574291
2026-08-31 08:20:00,M-102,69.78368267591048,5.428425320324462,1.4297768363219814,53.43177712627483
2026-08-31 08:30:00,M-104,70.55712441422949,5.695176801525428,2.1204000372067626,33.128883998346495
2026-08-31 08:40:00,M-104,71.4272028626374,4.5587629726830645,2.244329212721184,40.94199752424971
2026-08-31 08:50:00,M-101,72.42047194125098,4.761496353575367,1.0359174300605696,38.51857267846355
2026-08-31 09:00:00,M-103,75.45455478696097,5.3033076884834145,2.088154306911309,46.5838999293902
2026-08-31 09:10:00,M-101,69.77596580914755,4.8740363656884425,1.8541578046214926,64.9536883637467
2026-08-31 09:20:00,M-103,72.69514343476563,6.719995708580213,1.9227010019546569,51.221672602595426
2026-08-31 09:30:00,M-104,71.77438554837974,5.432073828626561,1.6824166665328377,59.8692877329466
2026-08-31 09:40:00,M-101,67.37055048054425,5.16475111798143,1.9481337483587253,46.218942906200354
2026-08-31 09:50:00,M-103,71.43166655459282,4.968038827112264,2.487197051663466,57.5540856169855
2026-08-31 10:00:00,M-102,71.28170235051441,4.98392697256313,1.8437605254145695,62.512796946780234
2026-08-31 10:10:00,M-103,71.17459717498477,5.21356329759183,2.337950745577614,47.23441653512679
2026-08-31 10:20:00,M-101,72.15879728290726,5.250391869679566,1.7177840733921363,44.225147021408446
2026-08-31 10:30:00,M-102,72.37836770306693,4.994485384887919,2.2655646674296137,38.775323441068934
2026-08-31 10:40:00,M-103,69.83852410446335,5.077081489066044,2.000579549467683,45.836578189961216
2026-08-31 10:50:00,M-103,78.36357366985632,5.804928058855569,2.123208690076248,48.57327672640554
2026-08-31 11:00:00,M-103,66.15259685398492,5.823027233192965,2.0025036396341207,62.21667532144404
2026-08-31 11:10:00,M-103,68.39514945765052,5.313415290970695,2.224568831354423,38.93518218132739
2026-08-31 11:20:00,M-103,85.89981812111778,4.596433122743468,1.1013452087231848,48.41763325587885
2026-08-31 11:30:00,M-102,66.81004322505385,5.44232642048757,1.5030611402898506,35.29984315027268
2026-08-31 11:40:00,M-104,65.2312266264512,5.899427098724962,2.1459781743030257,45.01266019813002
2026-08-31 11:50:00,M-102,75.67238372500609,5.8164014958830705,1.2847615761363176,50.17976750188413
2026-08-31 12:00:00,M-102,61.61440073113063,5.530491633764351,1.8142968755234767,51.58808206881991
2026-08-31 12:10:00,M-102,70.8236304501378,5.84009032987862,1.9809807056371727,52.123161557493454
2026-08-31 12:20:00,M-104,82.72912462538244,5.22402292261556,1.710150951835486,50.78182823020792
2026-08-31 12:30:00,M-101,64.275320389233,5.482646336425168,1.7579535090571792,52.062953580673685
2026-08-31 12:40:00,M-104,62.090177571306434,4.893650995153669,2.0950537700537573,48.32017390301864
2026-08-31 12:50:00,M-102,64.50409399021152,5.331519455270071,2.353253234522933,40.6649358580772
2026-08-31 13:00:00,M-103,76.49179784173492,5.798290409786736,1.6645427165608173,35.03840125423961
2026-08-31 13:10:00,M-103,77.62388359992906,4.934759464830899,1.7987296313344205,44.173185247839484
2026-08-31 13:20:00,M-102,69.43705601510746,4.812350456741071,1.7440586593355343,47.05769196855739
2026-08-31 13:30:00,M-103,75.41606202000534,5.243870022560664,1.1525170868429524,56.777522580228364
2026-08-31 13:40:00,M-102,78.95127663755994,5.0980020083242,2.049599126611128,47.295788273906695
2026-08-31 13:50:00,M-103,80.93673207214913,5.49211647448169,2.3271512110399724,46.62401676048315
2026-08-31 14:00:00,M-104,70.76832359410076,4.996033213323831,2.355825122560559,50.698689887892456
2026-08-31 14:10:00,M-101,60.49264141165007,5.973297827021222,1.6952317682457414,46.10991608784158
2026-08-31 14:20:00,M-101,67.89560538795156,4.619645755917525,1.56190568301795,53.67379399262857
2026-08-31 14:30:00,M-104,69.86597902532371,5.7641806537988804,2.0075619416570896,61.85533532868715
2026-08-31 14:40:00,M-104,70.70530601710804,4.855817847261354,2.2902457902982634,63.3354985994749
2026-08-31 14:50:00,M-102,71.0607029949564,4.3918077694371895,2.0541976569086344,48.67928439071142
2026-08-31 15:00:00,M-102,77.59447298965334,5.3070438203569905,2.1012566225558165,50.35824655286814
2026-08-31 15:10:00,M-102,78.3721421334379,5.085426406293752,2.3996408247076815,59.05199284261438
2026-08-31 15:20:00,M-103,71.14163173037608,4.700675784443637,1.7413022042692539,46.9502658397261
2026-08-31 15:30:00,M-102,77.4924243802591,4.443380398728131,1.9230104696644394,52.75434499346925
2026-08-31 15:40:00,M-104,73.78830683315545,5.1962376457278445,2.5721119291164207,40.053879092199224
2026-08-31 15:50:00,M-101,72.32252986431286,5.639126601230718,1.9311161069158305,45.824125962075016
2026-08-31 16:00:00,M-103,76.53272078554981,5.4632290718889,1.5564320619117002,56.09280231651715
2026-08-31 16:10:00,M-102,72.36126024118958,5.22551799197767,1.7657253663123968,42.97263056348664
2026-08-31 16:20:00,M-103,82.2890558854888,5.415481407947981,1.6716370520725652,47.10364174889226
2026-08-31 16:30:00,M-103,64.8079441660272,5.187753640429965,2.1250069049954448,36.980532480785165
2026-08-31 16:40:00,M-102,69.42414550453991,4.556624090636333,1.6864185487439274,62.04037806156746
2026-08-31 16:50:00,M-103,71.36740551523025,4.5605977066494505,2.0948619885014357,56.841196488718325
2026-08-31 17:00:00,M-101,74.19726345228996,5.108574161956895,1.7423771735107727,49.31669696306924
2026-08-31 17:10:00,M-104,78.33980243551545,5.127706021135267,1.2568175115606204,51.552590104576296
2026-08-31 17:20:00,M-104,71.87800716381922,5.582942205328044,2.1073169254436728,50.77128674860358
2026-08-31 17:30:00,M-101,64.88885175246897,5.540786900698636,2.0519622885414113,57.6901822712155
2026-08-31 17:40:00,M-103,76.21256948227503,5.472309857091528,2.1812152354980943,44.36839970340039
2026-08-31 17:50:00,M-102,75.77479383070983,5.073872779115269,1.7644544732921603,53.12587333949762
2026-08-31 18:00:00,M-103,62.29070670310297,4.578706523450437,1.7271594336242182,55.54191549196521
2026-08-31 18:10:00,M-101,71.980979331646,5.385432011679711,2.140513400468541,56.507281793335196
2026-08-31 18:20:00,M-103,64.04929084659851,5.436326190967976,2.5316568503858434,32.184403813178115
2026-08-31 18:30:00,M-104,68.67674451248969,4.125160841885041,2.0039088033272145,43.80507865214399
2026-08-31 18:40:00,M-103,67.485955365186,4.824547816037802,2.1486047836165008,40.86580565088667
2026-08-31 18:50:00,M-101,76.04632349120993,4.889025530172747,1.8874443104510026,49.0471179989948
2026-08-31 19:00:00,M-104,72.58415087086092,5.253257590505546,1.4597293173442103,33.88778846340009
2026-08-31 19:10:00,M-103,65.57204499621986,4.838487805255438,2.33860029670392,33.68063976338078
2026-08-31 19:20:00,M-103,76.40032981478672,5.182839444028912,2.3179449836801567,63.19066494313382
2026-08-31 19:30:00,M-104,64.83097088035792,5.105259276841154,2.248770908811318,52.323825717843384
2026-08-31 19:40:00,M-102,73.65056895235472,5.128382737808023,1.9363190965801536,48.847064702391684
2026-08-31 19:50:00,M-104,67.92994665354222,4.877622567834664,2.208969634908489,50.54570853487287
2026-08-31 20:00:00,M-102,70.1716145873474,4.912456725669995,2.3128166290857406,49.02438646624426
2026-08-31 20:10:00,M-101,74.52135374019193,4.713879823098688,2.567055539734848,54.98145459586068
2026-08-31 20:20:00,M-101,74.60724699529764,5.371030348258224,2.3459841366266048,43.57289065555215
2026-08-31 20:30:00,M-104,78.6848453677798,5.456996182866116,2.0223374287617735,49.30630378251499
2026-08-31 20:40:00,M-104,71.58873150164274,4.8532219224435975,1.54211136060147,49.59194887556401
2026-08-31 20:50:00,M-101,73.5322543148167,5.88428804320767,2.0544804041851092,40.67199429079164
2026-08-31 21:00:00,M-102,69.81131338797837,5.058429348651078,2.0898020885472577,56.938881413441365
2026-08-31 21:10:00,M-101,72.90994941311399,5.888583530708453,2.2481604213614066,44.880262820690135
2026-08-31 21:20:00,M-104,74.19743024004256,4.9110427717757785,2.473862150763199,55.12195168866231
2026-08-31 21:30:00,M-101,71.50845076272812,4.288040000530254,1.9666973207801273,48.80438908460036
2026-08-31 21:40:00,M-104,62.981247579537516,5.380989021210558,2.735345516434589,59.43509382686341
2026-08-31 21:50:00,M-104,73.65735448165448,5.311845297303544,1.3842495429857982,40.71034638034933
2026-08-31 22:00:00,M-101,73.82280738677728,5.215477207888412,2.146769655361569,40.40668838942685
2026-08-31 22:10:00,M-102,68.59913261826024,4.910995384700205,1.7205178627355902,41.66013086296984
2026-08-31 22:20:00,M-103,65.57806481963743,5.184442498531381,1.3324723001089191,48.933068853600616
2026-08-31 22:30:00,M-101,79.37939575251983,4.969933243958713,1.9293789682952944,58.790278770447436
2026-08-31 22:40:00,M-103,74.45722755447201,5.063942695150712,1.4899895555526652,59.15165532715675
2026-08-31 22:50:00,M-101,70.85459484539145,5.578734515094284,1.943500235688514,31.83021979693092
2026-08-31 23:00:00,M-103,66.31483558426257,5.282897753288542,2.01216923683306,49.74795012855777
2026-08-31 23:10:00,M-102,67.89092585789327,5.47447812429939,2.3914894932675823,25.50932472639484
2026-08-31 23:20:00,M-102,78.51295198393116,5.095659172018395,1.472345202832622,53.56522255649524
2026-08-31 23:30:00,M-101,72.68830970434023,5.046092194387851,2.3179558079760203,55.82718590426645
2026-08-31 23:40:00,M-104,69.24706466499647,4.680932861100111,2.034328157597928,47.7182900771547
2026-08-31 23:50:00,M-103,74.54844615612328,5.0334835243443115,2.360097203763358,48.587871042463284
2026-09-01 00:00:00,M-104,67.92800906276838,3.705498449984888,1.8488870887391053,48.51547225058168
2026-09-01 00:10:00,M-104,79.5042151514019,4.934400115162465,1.5337143946327942,42.50890656881128
2026-09-01 00:20:00,M-104,78.76400267448362,5.163156620264123,1.5738752358244468,51.02194049725036
2026-09-01 00:30:00,M-102,69.66712964398612,5.453653144421571,1.5478673912165095,46.3801439884272
2026-09-01 00:40:00,M-101,68.8566487648457,5.07909495511377,2.1672349535222293,54.51204196502733
2026-09-01 00:50:00,M-101,58.9093340065386,5.3564530940102495,2.516922707775145,47.20461145836539
2026-09-01 01:00:00,M-102,64.59209614224316,4.219095102374389,1.802266965670673,41.972838254582186
2026-09-01 01:10:00,M-102,65.30265112521121,5.1744234165068725,2.220197354390224,37.24894730394143
2026-09-01 01:20:00,M-101,72.67595170493694,4.444223743188969,1.466795279652533,34.95154622461001
2026-09-01 01:30:00,M-104,70.36883147779321,4.6562634179533005,2.063112437212055,57.18756540768105
2026-09-01 01:40:00,M-103,65.2733225629238,5.115775503461263,2.233996915717994,44.79547452998686
2026-09-01 01:50:00,M-103,70.59417978767722,5.7743187945431,1.4931563286530962,50.37001933057154
2026-09-01 02:00:00,M-103,74.52668573823674,5.367043043561527,1.928640785857051,60.48260924221163
2026-09-01 02:10:00,M-104,74.63919674957793,5.208203948711703,2.250570999169948,44.06036968091476
2026-09-01 02:20:00,M-101,62.501648595705596,5.191211324739804,0.973180273469683,43.60765760933192
2026-09-01 02:30:00,M-102,71.35868259758085,4.8788669980579895,2.46740857159561,47.07486773351273
2026-09-01 02:40:00,M-101,65.08329611514195,4.955207463982292,2.123787781561867,48.20602890293995
2026-09-01 02:50:00,M-104,76.50864348570137,5.392319220461859,2.2508546767010698,61.212859451790926
2026-09-01 03:00:00,M-102,75.9207320817675,4.576587766699978,1.8555482522818325,58.96074415865879
2026-09-01 03:10:00,M-104,67.5098638683777,5.46687432262736,1.3970471314521258,52.34612791134723
2026-09-01 03:20:00,M-103,68.169773987998,5.025171819796516,2.1869220347109333,58.14589638297808
2026-09-01 03:30:00,M-103,69.69366474750846,5.571500683691305,1.9710933861042208,46.75246691202501
2026-09-01 03:40:00,M-104,60.73603302634331,5.632492055754438,2.0112404094013123,50.09415197031935
2026-09-01 03:50:00,M-102,73.67984086720288,4.4471121943724174,2.3806624448196336,45.88940448822913
2026-09-01 04:00:00,M-102,70.63577726829935,4.938288656547752,2.2667223558519094,38.967421321942524
2026-09-01 04:10:00,M-101,76.8508754128393,4.81501254042672,2.6724330959813645,56.427123192555165
2026-09-01 04:20:00,M-103,66.50795391018724,4.384272415717086,2.0538489801057245,51.72189113792903
2026-09-01 04:30:00,M-101,68.90438525875034,4.7353600257057655,1.7580756467731091,48.12651431396565
2026-09-01 04:40:00,M-101,64.46737370980442,6.298565130369403,1.9340541035819458,47.98272505481477
2026-09-01 04:50:00,M-104,66.97854718252873,5.4742794532955985,2.145482180388512,37.45649590365444
2026-09-01 05:00:00,M-104,66.0900900196589,6.0627795858725895,2.355549781647542,41.157672667930996
2026-09-01 05:10:00,M-101,76.97986839423223,5.573094298008251,1.4865381169964484,50.35307219079817
2026-09-01 05:20:00,M-103,68.50869075624304,4.866170577546186,2.002988165312709,44.29621132907846
2026-09-01 05:30:00,M-104,72.62087842372307,5.028202961496681,2.5633395799634293,46.47600871147757
2026-09-01 05:40:00,M-101,70.09618298069098,5.464796281108138,1.915926895149118,47.26740754654629
2026-09-01 05:50:00,M-101,65.65267366993594,5.396877791562867,2.3258541492041864,43.22271861688022
2026-09-01 06:00:00,M-101,71.15849788414178,4.94019609293125,2.172591134525602,41.22457175983165
2026-09-01 06:10:00,M-101,74.99551665931797,4.520503073239357,2.334551212283743,36.713496583522385
2026-09-01 06:20:00,M-101,65.96120303728324,6.6794925343249325,1.7165838104400237,46.974372046919214
2026-09-01 06:30:00,M-101,76.0455639536569,5.136482647445738,1.7181094154770467,52.33025983327199
2026-09-01 06:40:00,M-104,67.75139539261151,5.053417498067821,2.0070951622428006,36.49456100446035
2026-09-01 06:50:00,M-103,69.58508036963579,5.251000508757386,1.463722374465891,47.83166522430122
2026-09-01 07:00:00,M-101,74.65341561505024,5.090772134810037,1.9055907876859197,49.968002768840925
2026-09-01 07:10:00,M-102,68.68281921390256,5.255228008467467,2.0885068301304837,41.07293717389599
2026-09-01 07:20:00,M-104,72.18787429667933,5.779126278752389,2.6246224624324204,57.95499268083662
2026-09-01 07:30:00,M-104,70.42654585605953,5.143953184141109,2.1409513662444377,45.29999241673114
2026-09-01 07:40:00,M-101,72.6468400335191,4.676780302302507,2.2188299648055856,47.29118218080442
2026-09-01 07:50:00,M-104,60.09630447238251,5.127260292484626,2.407566546467502,46.87111349581415
2026-09-01 08:00:00,M-101,62.851590923959584,4.9910191983655405,1.6623698438867303,35.60457904186261
2026-09-01 08:10:00,M-103,75.0798350302342,5.840754521761084,1.942221068170155,55.06126450178831
2026-09-01 08:20:00,M-103,77.18590702824525,5.727003579131907,2.8488944071313624,41.31136862106534
2026-09-01 08:30:00,M-104,67.4475664823424,5.248386250193859,1.9723072221654219,46.344356392159845
2026-09-01 08:40:00,M-104,70.77985823914433,4.624568865331335,2.3907507620737727,52.18362700894597
2026-09-01 08:50:00,M-102,73.47359626451151,4.648348481452024,2.3373082570105876,58.22632398301174
2026-09-01 09:00:00,M-104,75.46608800829353,5.20680546771305,1.4826601999643088,40.44047402672213
2026-09-01 09:10:00,M-102,61.86161364164576,5.351345336194576,2.1086677469520767,44.874614900839006
2026-09-01 09:20:00,M-103,67.56979876510812,5.031419731303275,2.051361615271829,57.676930410050076
2026-09-01 09:30:00,M-103,70.33710310075062,4.983923687106745,2.115485575744152,51.245997154928126
2026-09-01 09:40:00,M-101,75.51570098618025,4.933240345069609,1.736060632073129,52.69819951336126
2026-09-01 09:50:00,M-103,84.49215241860747,5.189472717890224,1.6090781708307444,40.642077849566824
2026-09-01 10:00:00,M-102,70.85997136595141,4.127756941567121,1.833396499992702,45.34553329051409
2026-09-01 10:10:00,M-104,64.96511268948005,4.704403017053631,1.965771751020529,46.825151973336986
2026-09-01 10:20:00,M-101,74.0113403860065,4.917827119548693,2.4147445566601107,41.99473669859918
2026-09-01 10:30:00,M-102,78.60497894770356,5.743376437728364,2.6360587869039622,36.27801262028265
2026-09-01 10:40:00,M-104,72.54007060489751,4.833783861131982,2.4888092461781124,44.42651008865483
2026-09-01 10:50:00,M-101,67.46675727422854,5.2812106638240435,2.3010648237736455,57.48001739709101
2026-09-01 11:00:00,M-103,76.78996970740009,5.301944237918948,1.6484809081951437,48.41421425892347
2026-09-01 11:10:00,M-102,75.31772809249217,5.784062427547343,1.8568863387536765,57.620036395013635
2026-09-01 11:20:00,M-104,66.86959577902188,5.7681598331338675,2.0734741183445493,49.253146399606635
2026-09-01 11:30:00,M-101,73.90712808767171,5.174123664042288,1.7786463366733387,42.647045892884265
2026-09-01 11:40:00,M-101,76.98632783829436,4.986031866464751,2.2020219783847828,56.943333092622055
2026-09-01 11:50:00,M-103,77.90945021279447,4.901275103728439,2.2521701378890007,49.48628298467529
2026-09-01 12:00:00,M-104,71.66775512345272,5.091521549890399,2.187701521897914,54.73287182699178
2026-09-01 12:10:00,M-103,70.20960276910341,5.00468499055438,2.3587971115951536,40.521702802156
2026-09-01 12:20:00,M-103,78.13636911040632,5.449132334211205,1.6833930752004242,55.27129402730152
2026-09-01 12:30:00,M-104,65.94919748509557,5.389139417868342,2.3264900464322693,55.48222492880939
2026-09-01 12:40:00,M-104,74.19289645460503,5.466310536015257,1.7565240924579313,50.02837001049575
2026-09-01 12:50:00,M-104,65.14986686317785,5.766677670146276,1.6706724165749902,42.35154539933152
2026-09-01 13:00:00,M-102,77.326881361298,6.03829110463008,2.1862406469652336,47.67793819901172
2026-09-01 13:10:00,M-104,70.7097724219442,5.256098527033401,2.425555746769643,52.27903803066771
2026-09-01 13:20:00,M-101,78.34291617823735,5.694758697128044,2.1708047202316036,49.64199013955574
2026-09-01 13:30:00,M-103,74.45706378177763,5.041752917274604,2.0072814083203903,52.20757916675435
2026-09-01 13:40:00,M-102,65.88389884969035,5.733253142612357,2.1085538391355274,55.085721353570335
2026-09-01 13:50:00,M-104,79.12313866038622,5.67767912072913,2.047749421323548,43.46087342639655
2026-09-01 14:00:00,M-102,79.75622633213865,5.6537871864743465,1.605917186352612,39.914470653279025
2026-09-01 14:10:00,M-104,76.41143246299607,5.242331428536186,1.5650829492692797,47.73722839039431
2026-09-01 14:20:00,M-102,68.1920606748189,4.8992388262041,1.9724109421842908,45.69179788791092
2026-09-01 14:30:00,M-103,70.46993022821296,4.572462202960535,2.0279498925192563,53.50092489209305
2026-09-01 14:40:00,M-103,72.7271360870288,5.1819832566155055,2.003966332428707,40.478511272388346
2026-09-01 14:50:00,M-101,68.48144800334283,5.889855644012132,2.23663556477747,55.14267311924375
2026-09-01 15:00:00,M-101,80.46173286231603,5.060569794386168,1.924583149342481,57.47528476682736
2026-09-01 15:10:00,M-104,72.72163235863019,5.5533069634570245,2.1970427136666997,48.00213474983603
2026-09-01 15:20:00,M-103,58.48325976446321,5.579778130233519,1.9493946314357433,48.42515287906913
2026-09-01 15:30:00,M-102,73.69677906378111,5.072341200582772,2.638175636712763,42.62717449138893
2026-09-01 15:40:00,M-102,70.25921301591343,5.792355176883784,2.0282498043542563,44.20137370718153
2026-09-01 15:50:00,M-102,71.62536721940776,3.8911026649837734,2.819252914033987,45.14164323548022
2026-09-01 16:00:00,M-101,70.1569031710715,4.649762374567821,2.1232040568818027,58.10058047486552
2026-09-01 16:10:00,M-102,76.03523208303343,4.787965466638694,1.9252129902941246,47.49690449932458
2026-09-01 16:20:00,M-101,77.59843889276691,4.831128239709675,1.685193208309114,38.74478930351994
2026-09-01 16:30:00,M-101,73.41526581129327,5.351318328033653,1.4949889990798073,49.787480394784026
2026-09-01 16:40:00,M-104,70.3034440643092,5.330517011374256,1.652995200461345,53.784030872355935
2026-09-01 16:50:00,M-102,71.79331397595415,5.377295757478754,1.6921377917926037,47.82212041474884
2026-09-01 17:00:00,M-102,72.09799808288814,5.46823667235962,2.138187007144262,58.284494078088926
2026-09-01 17:10:00,M-103,67.98784980067582,4.772452943884458,1.8158421201289343,53.44256067086128
2026-09-01 17:20:00,M-104,74.89464324285618,4.651820769936707,2.0654244683940743,40.656098890785024
2026-09-01 17:30:00,M-103,74.30021161930233,5.3783438569035384,2.44869242683184,44.139970313225184
2026-09-01 17:40:00,M-104,79.70220619888337,4.916395566859102,1.9692670769278013,49.58358396997226
2026-09-01 17:50:00,M-102,78.27674890144237,4.493286229584413,2.7277048444633816,36.33667533381375
2026-09-01 18:00:00,M-101,68.57162541204934,5.637104928043667,1.5884661568812808,50.3544971622943
2026-09-01 18:10:00,M-101,76.10149187254483,5.827795857926034,1.9472957580687753,35.668923009217465
2026-09-01 18:20:00,M-101,67.24523308452764,5.900722400364397,1.8112404767361574,55.16403418895157
2026-09-01 18:30:00,M-101,75.47966050470424,5.284153474663625,2.3277773121199528,54.35091579354196
2026-09-01 18:40:00,M-101,69.41692900619947,5.481669443187807,1.2160729293718577,51.5334695264055
2026-09-01 18:50:00,M-103,66.88373388312208,5.81644070051286,1.494909648787766,43.26885144953382
2026-09-01 19:00:00,M-104,73.40022671348703,4.9113628944894545,1.962428612142163,49.19141977229477
2026-09-01 19:10:00,M-102,58.6271643592293,5.699804957824342,2.542982202353323,44.40635758739746
2026-09-01 19:20:00,M-103,63.24512212797386,5.323928305364444,2.0790446419130575,40.78429305784954
2026-09-01 19:30:00,M-104,71.11254058112858,5.611170243554167,1.5269583910075182,45.62879891760012
2026-09-01 19:40:00,M-101,72.41220883317422,5.283741859394171,1.5809916925584195,52.88785875544467
2026-09-01 19:50:00,M-104,70.15340614920906,5.783315519386601,2.5855463959957334,48.306699349822324
2026-09-01 20:00:00,M-104,64.102818506412,5.300585693143692,1.7826028204213158,58.15496946894096
2026-09-01 20:10:00,M-101,67.91054078930748,4.532209423239662,1.6699628196425826,53.360463776361925
2026-09-01 20:20:00,M-101,73.95604663618697,5.853366984541625,2.517080396220801,52.61083569733933
2026-09-01 20:30:00,M-101,74.90890885314181,4.773611166562549,2.3538839519554466,36.737514153880774
2026-09-01 20:40:00,M-102,71.91888441202029,5.763876194609762,2.4459208751433783,46.00389028891305
2026-09-01 20:50:00,M-101,77.78416890518494,5.159390703351855,1.6674853419069642,40.5493931269606
2026-09-01 21:00:00,M-102,73.98698511729617,5.729204943338968,1.466213025644974,46.71897984263267
2026-09-01 21:10:00,M-101,68.26272173020894,5.7106458766900445,2.046608271276947,43.1470671325379
2026-09-01 21:20:00,M-102,70.59748973294191,5.393564338441918,2.1172941465757824,45.35676532859443
2026-09-01 21:30:00,M-104,64.98566921396073,5.428840892932209,2.127610631296691,55.428139126616955
2026-09-01 21:40:00,M-103,71.45930504804292,5.390182877736655,2.5173643774736507,51.32674950304084
2026-09-01 21:50:00,M-104,77.56050309610669,4.293778859673515,1.393181518497113,55.04980100287145
2026-09-01 22:00:00,M-104,75.42645042355484,5.253248598504191,2.3008932679542182,36.795218236888104
2026-09-01 22:10:00,M-101,79.0100466295956,4.697771120767648,1.6161812345484388,48.40582287630964
2026-09-01 22:20:00,M-102,70.48557378100503,5.277034214685549,2.2995073623012945,54.76693486977621
2026-09-01 22:30:00,M-103,78.73049897257128,4.685675854127553,1.833765153417518,58.54407140421009
2026-09-01 22:40:00,M-101,71.03347886776015,4.666771626448266,1.715109871438321,37.16338127215255
2026-09-01 22:50:00,M-101,79.35792541284947,5.922220525789256,1.7865340525677793,45.53961454687181
2026-09-01 23:00:00,M-101,71.89071626278938,5.681251324655886,1.4940364297282032,55.23958671803334
2026-09-01 23:10:00,M-104,75.53615686902138,5.198135836775131,2.0141501289417136,46.654051810319885
2026-09-01 23:20:00,M-102,79.37556182154928,5.283145892612061,1.72956431326884,41.627076280811934
2026-09-01 23:30:00,M-102,71.03286185709398,5.088437788415646,2.2752043808150972,37.150005750527946
2026-09-01 23:40:00,M-103,73.09194493772087,5.456444369190786,2.2240196283615212,41.35908925735783
2026-09-01 23:50:00,M-102,78.4443171260315,4.895775535053038,2.590854968515977,36.177688320053896
2026-09-02 00:00:00,M-102,71.33498418034968,5.647183118290581,2.128214619239377,48.40922319783818
2026-09-02 00:10:00,M-101,65.39553858746919,5.08611092154365,2.1822372184780257,54.27417130045062
2026-09-02 00:20:00,M-101,82.71503527292455,5.011068851875947,2.490034934139735,39.173176687639774
2026-09-02 00:30:00,M-104,69.65117767831431,5.209770858318179,1.7803180563906562,49.80410818847737
2026-09-02 00:40:00,M-101,72.79378025468772,4.933983926533475,1.4791096255119385,53.91689720612107
2026-09-02 00:50:00,M-101,77.78003334725564,5.347907057273417,2.070032920694938,47.981041712061554
2026-09-02 01:00:00,M-101,68.957530481344,4.95818683480897,1.5020782857749586,36.72513993557928
2026-09-02 01:10:00,M-101,66.96066043388934,5.410835621268476,2.8588785355238864,50.70348088263752
2026-09-02 01:20:00,M-104,73.26868648387416,5.747202942510165,2.50942440222763,47.61747138664871
2026-09-02 01:30:00,M-101,63.03461801043805,4.876305240936322,2.7573917166555533,46.90446745979401
2026-09-02 01:40:00,M-103,70.5604696156604,5.141241044217173,2.0218564418320955,44.17213927967675
2026-09-02 01:50:00,M-103,73.22519332157702,5.40759882086594,2.192700757795559,48.607511983918286
2026-09-02 02:00:00,M-103,70.65024051587417,5.003864190258367,1.8391835988165746,51.56872535912872
2026-09-02 02:10:00,M-103,64.28274528407127,5.408944252372,2.309023681955363,64.73453694035095
2026-09-02 02:20:00,M-101,79.97088978102006,5.449929487293283,1.5745598757821302,48.78632447871043
2026-09-02 02:30:00,M-103,72.51769076974588,5.6874677993324365,1.1099173836838276,58.57798812008871
2026-09-02 02:40:00,M-101,79.1557605888087,4.92730447926179,1.7232512831790017,50.504285583988135
2026-09-02 02:50:00,M-104,70.69981874909777,4.775751141896286,1.4905842835339396,47.303301706465724
2026-09-02 03:00:00,M-103,67.59994009154619,5.061590174696315,2.5172743576558374,49.03983269397905
2026-09-02 03:10:00,M-102,73.3459046012758,4.764511447203805,2.6354871092781105,39.44784541215243
2026-09-02 03:20:00,M-103,70.9210643683589,5.454024191821373,1.5089748246554113,50.14102189526427
2026-09-02 03:30:00,M-103,66.11119271004321,4.6772119149206155,2.452100462632434,34.05554454625039
2026-09-02 03:40:00,M-101,79.34892129393748,6.24985738821371,2.3329847442252696,41.96133549478028
2026-09-02 03:50:00,M-103,68.88864888553002,5.783167537708188,1.4505781603483934,48.76890165193667
2026-09-02 04:00:00,M-102,62.79866807602215,5.205659096320142,1.8634063641739336,56.35787591225191
2026-09-02 04:10:00,M-101,78.64083026978666,5.5903275218490895,1.7969426972564182,58.01437077898876
2026-09-02 04:20:00,M-101,69.47850992093689,4.463439161060144,2.26179838951952,46.34417394251346
2026-09-02 04:30:00,M-104,68.96088053692188,6.335517999129801,1.5699272271832452,49.090021236713085
2026-09-02 04:40:00,M-104,63.17306206485013,4.93440342450978,1.965394581019181,54.890537287074196
2026-09-02 04:50:00,M-103,80.70470743298495,5.145776163745288,1.7599229236176337,38.69354499464957
2026-09-02 05:00:00,M-104,65.55259706395157,4.364830020765203,2.1656694141848,50.833232537208524
2026-09-02 05:10:00,M-104,72.29224740352825,5.418829287133403,1.9241227889092247,42.204749928439334
2026-09-02 05:20:00,M-104,76.5631016127022,4.702145129315301,1.8126640036208617,46.79722468726297
2026-09-02 05:30:00,M-101,74.10858466501548,5.245745092704714,1.9253461985287728,44.78683724653979
2026-09-02 05:40:00,M-101,71.70172844003905,4.955076505183958,2.712614991494039,51.04750688933703
2026-09-02 05:50:00,M-101,63.49167070856292,4.715015229281345,1.8540851273582137,51.85212571806363
2026-09-02 06:00:00,M-104,67.95137582116358,4.838037324206822,1.6356481736006745,54.23755074178178
2026-09-02 06:10:00,M-101,72.9390016902126,5.301604615338484,2.204201749204588,50.43739179925114
2026-09-02 06:20:00,M-104,68.06412965006501,4.623329062209029,1.9497663657019653,49.201576389782275
2026-09-02 06:30:00,M-101,73.01679729999384,4.86303474803939,1.5046681241967346,60.978166603070214
2026-09-02 06:40:00,M-101,75.40871704407571,5.498473021569016,2.781023717320863,37.32948650861976
2026-09-02 06:50:00,M-102,76.81251442900052,6.371115943693441,1.8766323690446733,59.869269020904675
2026-09-02 07:00:00,M-103,65.86910321093659,5.414914968798852,1.867745691113527,45.97124663792122
2026-09-02 07:10:00,M-104,82.98323027489477,4.787232261020221,2.055942373167834,51.99624110457814
2026-09-02 07:20:00,M-102,75.83739672277065,5.03479862346746,2.605540869223094,45.720382235844795
2026-09-02 07:30:00,M-101,71.99142923165468,5.214215052768661,1.4120891357183516,43.08220859313862
2026-09-02 07:40:00,M-104,77.4476829153832,5.042758772213932,2.096595047297189,51.3920403495596
2026-09-02 07:50:00,M-101,83.82703885999987,5.60637617503162,2.7305452566277695,55.2948981603011
2026-09-02 08:00:00,M-103,64.80639949471565,5.297863067356401,2.045055038258877,51.31105568477184
2026-09-02 08:10:00,M-102,70.87368678754324,5.608533573209442,1.5676331072437821,44.20518949321983
2026-09-02 08:20:00,M-103,60.10784170063336,5.058500294366067,1.7835611014637716,73.27945043970968
2026-09-02 08:30:00,M-102,72.96325766324013,5.7964750988745655,2.072408885414877,56.39001569606376
2026-09-02 08:40:00,M-101,73.8269712096257,5.125081487073304,2.4657813704739517,54.53339612945077
2026-09-02 08:50:00,M-103,71.80418942278621,4.762964558887904,1.8812324544543788,45.52925038480457
2026-09-02 09:00:00,M-103,68.72733214500845,6.179794171469,2.289328129101351,43.623839481976724
2026-09-02 09:10:00,M-101,61.75242741905838,4.378760013867497,1.497620910533589,46.041126469099424
2026-09-02 09:20:00,M-103,73.86766841705884,4.867567573612782,1.4946985706417308,55.56984581074738
2026-09-02 09:30:00,M-104,79.27717241957663,4.917837466676323,1.8310197589602677,41.065769640469206
2026-09-02 09:40:00,M-102,69.04490772133283,6.328737822875453,2.5033100526556415,40.52257317981978
2026-09-02 09:50:00,M-102,74.20029964511572,6.01308649786593,2.024106123829819,51.77683273352713
2026-09-02 10:00:00,M-102,64.15927843289975,5.872267664638989,2.1014339184483166,50.234375112494845
2026-09-02 10:10:00,M-104,74.28606531846258,5.051203601930651,2.0973278584507344,42.60780523476373
2026-09-02 10:20:00,M-102,70.03308851127672,6.291780101728799,2.3882227939053555,40.36157495109343
2026-09-02 10:30:00,M-101,68.18791024698542,5.365758401728438,1.786422757611751,58.065278953579025
2026-09-02 10:40:00,M-103,68.19818179391935,5.639768516636405,2.240899787970881,50.499030977096936
2026-09-02 10:50:00,M-104,70.03194208983496,5.280862921497794,1.7091910676507045,38.45524895390377
2026-09-02 11:00:00,M-102,73.91216657846267,5.177740042904537,2.694145429572266,38.94462124742394
2026-09-02 11:10:00,M-101,65.43918399402241,5.08669959673313,1.7198631134961586,45.469416192846715
2026-09-02 11:20:00,M-103,70.01442334216074,5.1056620029613775,1.6911637439224827,53.12989264898343
2026-09-02 11:30:00,M-103,71.79264111000427,5.473821241905136,2.1923844347208172,52.16506161475796
2026-09-02 11:40:00,M-104,66.5048038773407,5.365239909448925,2.0279259510013135,55.92174975900852
2026-09-02 11:50:00,M-104,80.98332600837509,5.185837883408342,2.114398342191327,37.56755134777442
2026-09-02 12:00:00,M-104,67.7325225996933,5.879285796714485,2.0795598284223114,49.566926828457596
2026-09-02 12:10:00,M-101,68.65281543183255,3.8649611190666713,1.6183627304173964,57.98137232624953
2026-09-02 12:20:00,M-101,67.1084602508875,5.429449261564538,2.5646756251778196,57.32961211333269
2026-09-02 12:30:00,M-104,80.99240043569058,5.522982417996541,2.3127397720611884,50.5123698698888
2026-09-02 12:40:00,M-102,74.76452614299741,5.716133290714827,2.4756324829434906,64.43612956057713
2026-09-02 12:50:00,M-103,67.31703996878178,5.170807851525987,1.8150841888113516,52.26499581491102
2026-09-02 13:00:00,M-103,77.53115779429984,5.293564030322781,2.14578324065031,55.2992264298894
2026-09-02 13:10:00,M-101,73.00349347144439,5.643676772491625,2.0690789617821417,48.311135431428546
2026-09-02 13:20:00,M-103,73.28626710555751,5.871024881926081,2.3948009191705277,42.53317295008999
2026-09-02 13:30:00,M-102,70.27761395623773,5.064758806669555,2.406086846140367,41.87353559454878
2026-09-02 13:40:00,M-103,68.25292006521514,5.320139102407402,2.0675677810353403,49.27130650356094
2026-09-02 13:50:00,M-101,73.68883049527301,5.955358283956941,1.4687171038548619,46.519485952048555
2026-09-02 14:00:00,M-101,69.27456385002205,4.244187815854517,2.622881660480691,35.61990031060563
2026-09-02 14:10:00,M-102,81.08377814787552,4.889494330083437,2.1945956017915487,40.81944490551981
2026-09-02 14:20:00,M-102,65.65354447378448,5.859626190371333,1.7870470355131003,45.77117498162135
2026-09-02 14:30:00,M-103,79.68078386427473,5.691642025123737,2.142289748393343,53.090955631560114
2026-09-02 14:40:00,M-103,71.443405756011,5.4351003449170125,1.471117258041617,47.88748279686548
2026-09-02 14:50:00,M-101,73.49542867010553,4.998131407100896,2.3693735736148653,47.4955505264964
2026-09-02 15:00:00,M-102,76.16578883314718,4.803181675456561,1.4850758895022964,41.091611610976784
2026-09-02 15:10:00,M-102,68.84875352497782,4.933952971340932,1.9227079277870212,48.162162560434695
2026-09-02 15:20:00,M-102,76.32124192349318,5.896603699368412,2.0855590573619422,57.23370719212191
2026-09-02 15:30:00,M-103,58.46228072309411,4.917200789880094,2.3635938991937326,49.0890257893099
2026-09-02 15:40:00,M-102,68.4000523338903,5.245640333907846,2.0372906367520307,37.44880492962697
2026-09-02 15:50:00,M-101,67.37968596329468,4.8608315598122145,2.2222370057643928,39.239340439868286
2026-09-02 16:00:00,M-101,65.7324699381412,5.5792483135445625,1.9901415820426565,52.12152214056207
2026-09-02 16:10:00,M-103,70.92522580960525,4.957573173844102,1.988734917169501,46.42979167344166
2026-09-02 16:20:00,M-104,73.92874984090848,5.156082749430514,2.029917037621904,47.4779383892754
2026-09-02 16:30:00,M-103,75.51329999249653,4.4424780401307284,1.933829727701669,43.7108607748967
2026-09-02 16:40:00,M-104,73.20438378600204,4.473984293707777,1.4097004149214976,51.52388548539939
2026-09-02 16:50:00,M-102,68.67153267553226,5.203452936994678,1.7310867772061802,45.893576007282554
2026-09-02 17:00:00,M-103,73.84508218912583,4.603679280161007,2.0856711943890947,46.69370744789977
2026-09-02 17:10:00,M-101,72.62142847425426,6.147288987700526,1.9128076487789485,42.04143625835812
2026-09-02 17:20:00,M-102,76.68028083968008,4.272314599549488,1.9454668212363326,54.451839086999385
2026-09-02 17:30:00,M-101,75.88468351465758,4.839921115601153,1.8868262156964497,46.45207045868505
2026-09-02 17:40:00,M-102,72.15238206960315,5.207515390270398,1.6977405625438637,52.25516233183832
2026-09-02 17:50:00,M-103,67.51373496919372,5.035690177991897,1.8274151886582972,39.64485905176188
2026-09-02 18:00:00,M-104,68.73524922083959,4.7031345445012365,1.8926088894639919,60.13718196865025
2026-09-02 18:10:00,M-102,69.25105320180984,4.76893247222713,2.0018000991896474,56.94161826959255
2026-09-02 18:20:00,M-104,70.42366833041872,4.754205665125343,2.137682420564399,34.631416312387515
2026-09-02 18:30:00,M-102,73.34025213794877,5.0709752373309716,1.9368073981899914,42.386437674553996
2026-09-02 18:40:00,M-101,75.57587195064029,6.078368090282841,1.6396206605076533,51.343440737069194
2026-09-02 18:50:00,M-101,71.74440653492312,5.235071783451194,1.510671286028426,38.76189940695697
2026-09-02 19:00:00,M-102,72.08062393950236,5.732305220224386,2.9091030225813284,47.07884142485672
2026-09-02 19:10:00,M-104,72.71653152500002,5.428139355622664,1.604564739407403,50.98642250183758
2026-09-02 19:20:00,M-103,69.4204734343383,5.701238079092,1.818481249557466,46.70691861614362
2026-09-02 19:30:00,M-103,67.37303871178521,3.9400160638328865,2.1809501058798775,51.771870924759675
2026-09-02 19:40:00,M-101,63.22281051344645,5.0629938904832965,2.1263012133479884,43.14669066778683
2026-09-02 19:50:00,M-103,68.52425320961564,5.788210940417821,2.1823029923965502,32.290729204823144
2026-09-02 20:00:00,M-101,74.36572726633894,4.9427188797628,1.8450490256637386,54.874807185155426
2026-09-02 20:10:00,M-103,68.48544280980217,5.993112924191326,2.0834953247238417,54.830702575217714
2026-09-02 20:20:00,M-102,70.8109648128703,5.8677505691954925,2.0214702824843025,65.52545649601834
2026-09-02 20:30:00,M-101,74.33215643706158,4.988891177742642,1.8907540213605494,32.5496943744598
2026-09-02 20:40:00,M-101,74.60344748211334,4.97357641642914,2.085893409619969,53.25582476542771
2026-09-02 20:50:00,M-102,66.6023357391698,4.743877370940489,2.3693779413627474,34.21922503341629
2026-09-02 21:00:00,M-101,76.98529678226821,4.916682595661291,1.9922299217976362,60.29545297172724
2026-09-02 21:10:00,M-103,77.63675044677743,4.645334921123988,1.994558496224749,51.415067835872065
2026-09-02 21:20:00,M-103,66.3507507139072,5.392965031194853,2.3738563622065945,41.33649806626623
2026-09-02 21:30:00,M-101,67.88081565179422,4.5447790779941055,2.3364761259365845,53.46155732221005
2026-09-02 21:40:00,M-103,77.95545341573096,5.4716798572856,2.554377754337219,44.12868494598145
2026-09-02 21:50:00,M-104,71.2657323937235,5.482635413605112,1.3853194179321482,50.10291269685888
2026-09-02 22:00:00,M-101,60.901110262740744,4.452458017667235,2.316791714109286,49.44172501346359
2026-09-02 22:10:00,M-102,65.00159247633657,5.897418372847753,2.210553015890763,60.20917695303106
2026-09-02 22:20:00,M-104,70.7531518741376,5.43112418248685,1.6900216607863572,60.70448137060559
2026-09-02 22:30:00,M-101,66.184786748577,5.537364109650191,2.0880557712995955,43.819142387085456
2026-09-02 22:40:00,M-102,69.93288114681779,4.858600659305752,2.367892611715299,55.406739325972254
2026-09-02 22:50:00,M-103,72.16198106841789,5.480070603312903,1.70979437713011,50.483881088992085
2026-09-02 23:00:00,M-102,79.31127302017364,5.70687705237493,2.1548968501579826,38.111225530951614
2026-09-02 23:10:00,M-104,70.54773041886105,5.155626220447895,2.304973786505856,43.12640133739474
2026-09-02 23:20:00,M-103,77.36270899786379,6.100865106661763,1.6251431531139793,64.35302269719736
2026-09-02 23:30:00,M-101,79.14380081018385,5.219829085710822,1.9502000076441983,50.504980807732586
2026-09-02 23:40:00,M-103,79.17154834676037,5.7133536102036135,2.105338931824844,54.998457056622655
2026-09-02 23:50:00,M-101,73.42377296692784,5.331853963266395,1.7213539730599658,46.51568981343107
2026-09-03 00:00:00,M-101,62.18355426080513,5.463484689785591,1.6922963803172588,44.22040659696461
2026-09-03 00:10:00,M-102,74.30412432701932,4.447900479564352,1.9527343893480291,48.19085155344132
2026-09-03 00:20:00,M-102,77.24199943906771,5.3669741821969135,2.280573900916292,46.13727161327648
2026-09-03 00:30:00,M-102,71.59466447282291,4.86926120443423,2.2253069004172383,37.54722948277881
2026-09-03 00:40:00,M-104,80.72291935037624,4.819120762400041,1.6985055447847803,40.97672179782178
2026-09-03 00:50:00,M-104,76.29916780733728,5.98484643300969,2.22825875979049,52.95519160088561
2026-09-03 01:00:00,M-102,74.84136688576392,5.103803388371944,1.707421078341722,45.33516517628313
2026-09-03 01:10:00,M-104,77.43190355602918,4.748514176061026,1.436440570702298,48.17993417419535
2026-09-03 01:20:00,M-103,73.66684925630439,5.038390767351006,1.8714997501334691,49.64446135348047
2026-09-03 01:30:00,M-103,59.53594750302323,4.614797396985139,2.3930392800550075,50.19135034173104
2026-09-03 01:40:00,M-104,69.50430524264817,5.845248010688322,2.2295861932494807,56.02605342920759
2026-09-03 01:50:00,M-104,77.98584013623926,4.886943665125068,1.999449867419382,40.309129294520275
2026-09-03 02:00:00,M-103,67.96204329950852,5.438184970274651,1.85415308074313,51.991769064805375
2026-09-03 02:10:00,M-101,70.88263747381531,5.810248021394647,1.863583252359249,53.285194554637535
2026-09-03 02:20:00,M-103,66.77581843048465,4.974931293453372,2.0380747170512787,54.900962453010536
2026-09-03 02:30:00,M-103,80.91961297600885,5.439410094522754,1.62604687995396,38.109576804095894
2026-09-03 02:40:00,M-104,80.40746228709008,4.736461275293006,1.878162429179546,49.78373452842899
2026-09-03 02:50:00,M-103,67.58065552429635,6.300596306101158,1.9245506885240808,60.012531624789624
2026-09-03 03:00:00,M-104,72.73649000194543,5.62137106057748,1.5271239395419758,47.30615636590364
2026-09-03 03:10:00,M-104,68.59752976117976,5.113327102557638,1.7065431121858488,51.38446291375004
2026-09-03 03:20:00,M-102,75.07472319515689,4.852224821099966,2.1436773770202335,53.46276916209629
2026-09-03 03:30:00,M-103,74.54841538621164,5.148701551222168,2.003329143979348,40.82171108921218
2026-09-03 03:40:00,M-101,76.05852785806633,5.047007324941816,1.891933373082316,60.83677310299982
2026-09-03 03:50:00,M-102,73.65959223853943,6.078825049299779,1.6810003968617127,51.496505578782326
2026-09-03 04:00:00,M-104,86.67703103194233,4.648509375003294,2.551897438956226,51.63651969935398
2026-09-03 04:10:00,M-104,66.86038117494631,5.260660640480592,1.7067072748622385,36.365808353926255
2026-09-03 04:20:00,M-101,63.44698322781743,5.19174787001483,2.088057482541608,53.56181358749319
2026-09-03 04:30:00,M-104,70.03454899649269,5.147165364844809,1.8292458191741716,51.54487238965396
2026-09-03 04:40:00,M-103,64.16005867219866,5.151122505277746,2.012697752423417,59.36933929405445
2026-09-03 04:50:00,M-102,64.53768864997004,5.147768135445783,2.1601634096791305,45.82114349986953
2026-09-03 05:00:00,M-104,66.99342672901017,5.592879729849445,1.52041019377724,41.086391692810906
2026-09-03 05:10:00,M-104,67.38905547284186,5.474043000921596,1.9976843145462793,43.224327036579666
2026-09-03 05:20:00,M-101,67.2269094902497,5.388510225117754,2.416755027142946,44.465152354948906
2026-09-03 05:30:00,M-103,74.59109475222706,3.834704787034629,2.616525662722201,40.16807437308039
2026-09-03 05:40:00,M-104,69.46905469457332,5.334907693373424,1.9544951093607041,57.03112016636195
2026-09-03 05:50:00,M-101,71.1024271256376,4.454962287923463,2.014588422525918,57.293885040521666
2026-09-03 06:00:00,M-104,76.47116387250468,5.490844073411122,2.7739665600105363,46.62945809201961
2026-09-03 06:10:00,M-101,68.16838737609287,5.863523815406731,2.397223498559719,45.250680545410646
2026-09-03 06:20:00,M-101,70.67727050647639,4.783192399335152,1.7839504007606735,35.291626606764815
2026-09-03 06:30:00,M-103,73.82879993046458,5.082198674945782,1.783355792189857,52.871728787125235
2026-09-03 06:40:00,M-104,62.29216099689889,4.930289932726152,2.3347923116255442,59.574080761780905
2026-09-03 06:50:00,M-103,60.07547245524709,5.755944299090561,1.6461370044839942,43.5396369791831
2026-09-03 07:00:00,M-101,73.73058664398862,5.242762548372433,2.3807043629685984,47.182508319565216
2026-09-03 07:10:00,M-102,74.46007140283449,5.97774822125485,2.117004987312853,51.04004022921011
2026-09-03 07:20:00,M-104,82.32110067426206,5.386189391326325,2.1812022674094753,60.07092852426934
2026-09-03 07:30:00,M-102,72.79047437933404,5.309102581286119,1.9101431687819814,49.39843355284566
2026-09-03 07:40:00,M-104,76.09869858629047,5.230693052171277,1.7795613185137567,49.36800941218563
2026-09-03 07:50:00,M-103,71.02263678207014,5.568096444665802,2.511697490803912,49.255229508118624
2026-09-03 08:00:00,M-103,73.48613610792543,4.418041210789596,1.9136419518062837,38.02477245167429
2026-09-03 08:10:00,M-103,80.33628420874767,5.238404779984229,1.8561727231991485,37.872465423190945
2026-09-03 08:20:00,M-103,61.38003590937182,5.168479100322416,1.971952026242067,42.34403381619589
2026-09-03 08:30:00,M-103,74.0680812878584,5.526438472220995,2.06755774645128,55.09023401826161
2026-09-03 08:40:00,M-102,82.67793365038683,5.115534277356684,1.6392112056481931,45.65250050617805
2026-09-03 08:50:00,M-103,73.41017109604671,4.732569504626799,1.802294977027581,44.29277165838395
2026-09-03 09:00:00,M-101,80.25286481616423,5.203307803713865,1.7836887741328797,44.169777770993626
2026-09-03 09:10:00,M-101,68.85393925235279,4.712721762009245,2.295848106612397,47.036401850691256
2026-09-03 09:20:00,M-102,71.83976252918143,4.333632004335632,1.6899131012000388,59.91475553871148
2026-09-03 09:30:00,M-104,72.16762351194294,5.527205116668472,1.3854812497846813,46.94161830012015
2026-09-03 09:40:00,M-101,60.91204460320615,5.460577707712602,1.3115169029828462,42.49591816237599
2026-09-03 09:50:00,M-104,66.159110860749,5.410190924797109,1.485366952863499,48.17671940357143
2026-09-03 10:00:00,M-102,66.51562460308007,5.786317789875615,2.476538370996839,60.28558524033076
2026-09-03 10:10:00,M-104,76.11033039016263,4.9007356493632335,2.0056723098194182,44.48022696745069
2026-09-03 10:20:00,M-104,76.36076552842027,4.555998635752935,2.175437180382521,39.732964940983386
2026-09-03 10:30:00,M-104,73.62018221353267,5.16848660043638,2.1877707044924652,44.49306111188708
2026-09-03 10:40:00,M-104,76.12051448427853,5.04362486513234,2.019664371437312,48.90134615443903
2026-09-03 10:50:00,M-102,71.17925293639114,4.820966927453469,1.9738265461720421,52.81768665577738
2026-09-03 11:00:00,M-101,78.00965834769772,5.164067880930492,2.365584250436349,55.04818505077572
2026-09-03 11:10:00,M-103,72.04394221316036,4.924777684207937,2.051098570009424,40.6799790822637
2026-09-03 11:20:00,M-104,72.28932023713378,4.373797622489426,2.489684117742195,41.34408265878651
2026-09-03 11:30:00,M-101,70.67203683368794,5.001470489142808,2.217290480851453,45.73716418428757
2026-09-03 11:40:00,M-101,75.42225238818214,4.688631174983264,1.7837713042816403,52.791451172878276
2026-09-03 11:50:00,M-102,69.89400591693544,5.304241632224915,1.8260030916455223,39.17994471643421
2026-09-03 12:00:00,M-101,76.88215688599034,4.904784358791705,1.7453873177410022,43.74871162707612
2026-09-03 12:10:00,M-102,66.33925429641997,5.700234163363474,2.4261418076827503,43.850793894116364
2026-09-03 12:20:00,M-104,66.50541872635903,5.92173973027054,1.8582321664690564,54.592241987550594
2026-09-03 12:30:00,M-104,75.43713377563252,5.505721617855358,1.7205345211201286,51.69782532465106
2026-09-03 12:40:00,M-103,71.55727892708494,4.502038218107506,2.111922314394387,54.326028527349436
2026-09-03 12:50:00,M-103,69.73054291923435,5.8773381994955685,1.965991512769624,57.37074581963138
2026-09-03 13:00:00,M-103,76.4502886623773,5.909074202668195,2.1030989794013073,45.86044933437643
2026-09-03 13:10:00,M-101,68.96369292956958,5.208455730088573,2.6614348663628453,39.68815691602423
2026-09-03 13:20:00,M-104,70.99899372849815,5.79531677215099,2.319574782075101,39.73325467507086
2026-09-03 13:30:00,M-102,78.9961397503558,4.951746187878995,2.0094536940056673,35.13324704458812
2026-09-03 13:40:00,M-103,79.69571172905326,4.360189329317685,1.507051815527897,44.78863219233665
2026-09-03 13:50:00,M-102,79.86199105135164,4.857872002620283,1.8250131259769775,45.31044169617783
2026-09-03 14:00:00,M-102,70.58937111533044,5.9781853897201405,2.248866135890856,53.51287384763533
2026-09-03 14:10:00,M-103,78.15351452492236,4.529014034374837,1.5901356361183643,48.11839952023623
2026-09-03 14:20:00,M-104,67.2552358611566,5.199784576869173,2.7493396037156237,44.56770088960176
2026-09-03 14:30:00,M-103,67.4654856263897,5.2153647520030955,2.0050457969224422,47.1880089168759
2026-09-03 14:40:00,M-102,60.24772073687819,4.969161590214485,2.01709693762332,40.72718561399665
2026-09-03 14:50:00,M-103,80.36434100949265,5.000415280073298,1.7666741824647079,55.177845995259005
2026-09-03 15:00:00,M-102,67.68010075461962,5.232512110406291,2.1738582148715015,42.49859106033344
2026-09-03 15:10:00,M-102,71.3673371012647,4.947026946129373,1.5946993677172188,40.020481096448734
2026-09-03 15:20:00,M-103,67.44837829035858,4.560073676274431,2.75771240618551,53.72517376695229
2026-09-03 15:30:00,M-101,75.47582624165071,5.296764374324555,2.461072956628204,52.01914945854696
2026-09-03 15:40:00,M-103,70.1218316964133,5.683014962100238,2.344503755818966,35.93420235008692
2026-09-03 15:50:00,M-101,65.47591554783526,5.59130763339404,1.5133498479735668,53.985011442971555
2026-09-03 16:00:00,M-102,74.2083128209303,4.835619039674585,2.0718946446602127,42.808851526341606
2026-09-03 16:10:00,M-102,64.83134987594886,4.636947438080046,2.4231802393049016,45.38126830705256
2026-09-03 16:20:00,M-101,67.81297137342254,5.072115453030349,2.2075868897752087,49.30914075385756
2026-09-03 16:30:00,M-102,61.465554426869595,5.905506179408049,1.6492618133781787,52.10637417831775
2026-09-03 16:40:00,M-101,64.88020943901196,5.4905191355317955,1.7724671856419707,51.118354222812684
2026-09-03 16:50:00,M-101,72.89264584860238,5.516784104557406,1.8418223516979033,47.65127168365798
2026-09-03 17:00:00,M-102,62.177319809485375,5.600435628303472,1.7887967579289874,45.027496697588624
2026-09-03 17:10:00,M-104,64.59427137689143,5.389344953133364,2.5350725924986075,50.885544854958134
2026-09-03 17:20:00,M-101,71.98815541933595,5.254273846426111,1.3276454014118604,47.171285138590406
2026-09-03 17:30:00,M-103,69.28196551953474,5.498038103491586,2.229571698880593,60.63748121388147
2026-09-03 17:40:00,M-103,81.96018317979654,4.9542252531018915,1.5476938187750422,52.10486306978931
2026-09-03 17:50:00,M-102,81.16948273012187,4.563491644885156,1.6635619793921264,41.536090625067516
2026-09-03 18:00:00,M-104,67.66038768624423,5.525348620580946,1.296593321595949,44.65680034038444
2026-09-03 18:10:00,M-102,74.78568809201741,5.756982147587151,1.807830949094397,48.337345240818806
2026-09-03 18:20:00,M-104,75.74641278439725,4.696795627289786,2.528756078038725,57.096018505493184
2026-09-03 18:30:00,M-101,69.01260570987799,5.569864667087155,2.092688484862672,57.87773506378495
2026-09-03 18:40:00,M-101,64.52229231750898,5.956344571024686,1.5805734585503162,45.22705695744105
2026-09-03 18:50:00,M-101,71.93850775345972,5.198989209209295,2.3560016860327595,41.464560483873896
2026-09-03 19:00:00,M-101,71.13577162592945,4.831899016866214,2.43095649224904,40.569516511556685
2026-09-03 19:10:00,M-103,69.8211775151469,5.25535840308704,2.03641626836368,49.76700130051046
2026-09-03 19:20:00,M-103,74.21158434082243,4.952259714309685,2.7121622053534065,64.12649016452245
2026-09-03 19:30:00,M-102,68.246351964972,4.92247145051962,2.287547443618615,51.773658729785716
2026-09-03 19:40:00,M-104,66.24001226210429,5.394932830272194,2.238928377552406,36.84261231321195
2026-09-03 19:50:00,M-101,72.54541485174916,4.4783217362365475,1.7188174524917985,42.91797127727799
2026-09-03 20:00:00,M-101,73.92985046284439,4.550231984878498,2.2195894699674694,43.63260058708561
2026-09-03 20:10:00,M-104,66.11677528049974,5.208680896168274,2.075876947161573,42.245982359195644
2026-09-03 20:20:00,M-104,76.6404530549554,5.189961157489406,2.1819401509348593,45.28474322546046
2026-09-03 20:30:00,M-102,63.14759431111961,5.354599559667971,1.7603950333005343,50.58576402713959
2026-09-03 20:40:00,M-104,69.10943270642179,6.043851424817525,2.0448346095256453,52.77386818525853
2026-09-03 20:50:00,M-101,70.70995731901195,5.24703131623412,1.7140984749247647,55.64234443641651
2026-09-03 21:00:00,M-101,68.81888143674036,5.469177467650658,1.2485037650118889,51.669418011330244
2026-09-03 21:10:00,M-101,69.17469763224403,4.761010178973415,2.3494065990024344,34.32094831769811
2026-09-03 21:20:00,M-101,81.35537241154057,5.545571948582442,1.474163856408669,40.598867887280804
2026-09-03 21:30:00,M-101,67.7455795548055,4.963124110700195,2.0375152626738458,46.89334174198566
2026-09-03 21:40:00,M-102,84.20610861235957,5.232139374661492,2.1165507453071637,49.030958990372355
2026-09-03 21:50:00,M-101,74.18563389865525,5.151018118718877,2.1142970555520693,54.0299285191338
2026-09-03 22:00:00,M-102,72.46027568655995,5.664838405711314,1.9009223242406124,48.302289233517406
2026-09-03 22:10:00,M-101,74.38120176693833,4.6105105505312505,2.0949240163479907,48.35495077704572
2026-09-03 22:20:00,M-103,84.64963874625977,4.172542614423232,2.1648384744248066,49.66458154197341
2026-09-03 22:30:00,M-103,67.03203498034276,5.103955286310434,2.2572376855131946,46.21484782853159
2026-09-03 22:40:00,M-103,66.39791040531806,5.410839065607306,2.606704468784492,48.60819597914468
2026-09-03 22:50:00,M-103,68.22566901714039,5.268521219113375,2.081967953024372,55.88082525308226
2026-09-03 23:00:00,M-102,72.1607157348228,5.75449190683626,2.0224170957561958,47.41262370851198
2026-09-03 23:10:00,M-102,63.371144375937135,5.396817703380851,1.682644862127467,47.78851091251002
2026-09-03 23:20:00,M-104,72.11169619659304,4.9462682506630635,2.152581213364768,47.764902166629675
2026-09-03 23:30:00,M-101,80.46773566706835,4.153560930637144,2.233584086099199,57.084416696538185
2026-09-03 23:40:00,M-103,72.75703695312389,5.093209494612152,1.9326938855014304,40.2436267121939
2026-09-03 23:50:00,M-102,70.53657270512362,5.662581551016009,2.190614376464413,60.43092826353837
2026-09-04 00:00:00,M-101,68.90919775658186,5.023578497799798,1.8976193322577304,39.76532701839141
2026-09-04 00:10:00,M-101,76.49255852275782,5.212744118654994,2.2348474282311233,43.420458170705686
2026-09-04 00:20:00,M-102,67.87083613380976,5.389612114438019,2.3194108099104103,53.213167888007234
2026-09-04 00:30:00,M-103,81.23197960299623,4.743118431587583,2.31451975335567,55.2122168683157
2026-09-04 00:40:00,M-104,81.66679873857179,5.480456153487468,2.0412455141494554,38.175506881010584
2026-09-04 00:50:00,M-101,73.28375399330893,5.936704805500768,1.636011146934032,40.3510869572704
2026-09-04 01:00:00,M-104,71.94242455961677,5.122233991647967,1.7858304315753628,49.94489966630294
2026-09-04 01:10:00,M-103,77.1532990412078,4.691921010175465,2.208305063359655,64.41093571434658
2026-09-04 01:20:00,M-103,77.47399251113663,5.170029537840112,2.8570843070090794,56.72383946699077
2026-09-04 01:30:00,M-104,67.97004134470292,4.1990271511260095,1.8807477299637714,46.26332065257733
2026-09-04 01:40:00,M-103,69.36722433431649,5.351606468789478,2.159543187435849,31.06609603346971
2026-09-04 01:50:00,M-101,65.38826282658353,5.40352346994186,1.805381604882209,48.57149914094811
2026-09-04 02:00:00,M-104,74.04532469167029,5.954036332230503,1.6591115345128147,50.53607762552588
2026-09-04 02:10:00,M-103,75.33313941728446,5.112702343345019,1.763289447747923,45.32113401242037
2026-09-04 02:20:00,M-104,65.25037181069364,5.383818402165912,1.271134808154065,42.04493206617383
2026-09-04 02:30:00,M-101,69.7240054759192,4.812420353926345,2.4737022720177126,49.11415682224972
2026-09-04 02:40:00,M-103,65.26373041209325,5.039607795763715,1.2194544114798853,41.40417164274228
2026-09-04 02:50:00,M-101,67.50600094878081,4.513666553502011,1.9076601193597784,61.10714062566107
2026-09-04 03:00:00,M-103,74.7550853011315,5.112344670422544,1.587655236627481,58.61721358273672
2026-09-04 03:10:00,M-102,68.3325896666086,5.062610880916646,1.6904669246232285,52.60538842114933
2026-09-04 03:20:00,M-103,70.49587021983851,5.334639894740003,2.4817829309085337,48.62797398383522
2026-09-04 03:30:00,M-104,63.86344136026342,4.919381403850313,2.0703734465109873,43.378851393705084
2026-09-04 03:40:00,M-103,72.93495104862332,5.237505407938792,1.6621113442864048,47.854489712763694
2026-09-04 03:50:00,M-101,71.77863340077676,5.0499789749765505,1.7936690036262213,59.47507994645093
2026-09-04 04:00:00,M-101,68.35520374983419,5.050825275265219,1.73208157284527,54.0805784090564
2026-09-04 04:10:00,M-103,71.05492851158763,5.236163046683364,1.9847590147723917,49.42584594933522
2026-09-04 04:20:00,M-104,72.90147440251722,5.218235324042655,2.0605120896756923,54.467820339173166
2026-09-04 04:30:00,M-102,67.92565925545328,5.542528317573238,2.6634511706299957,51.8192746436658
2026-09-04 04:40:00,M-104,64.61868727999111,5.145710634641574,1.3292947319008026,50.773942779208106
2026-09-04 04:50:00,M-102,81.02787216343407,5.0425515928946485,1.9878156898347166,54.86394281294075
2026-09-04 05:00:00,M-101,68.83363647644863,5.118636649710749,1.8895513076129173,51.619193513773304
2026-09-04 05:10:00,M-104,71.51619948406555,4.878401147421553,2.331291984700874,54.00986029072365
2026-09-04 05:20:00,M-102,77.05419867510157,5.038040007894998,2.124186341362438,49.12970934744156
2026-09-04 05:30:00,M-103,89.64527593785242,6.114021420882954,2.206626772840231,46.22111923766928
2026-09-04 05:40:00,M-101,65.77756775055568,4.78929455768686,2.1207801651052787,44.16285984741896
2026-09-04 05:50:00,M-103,74.24913606863255,5.074604649754311,1.6738031061507612,43.32883276170329
2026-09-04 06:00:00,M-101,68.46223857352948,5.025630101528639,2.4239429237725547,36.76380690290927
2026-09-04 06:10:00,M-104,69.30604847711645,5.08877277449002,2.279476716615484,41.616420372318345
2026-09-04 06:20:00,M-104,68.39893989496605,5.0509423110047225,2.32043542710366,41.414025292924734
2026-09-04 06:30:00,M-101,66.37172516099707,5.32565804554945,2.4424175596775077,44.44858362811175
2026-09-04 06:40:00,M-101,71.7935431910767,4.430421204373693,2.146186285228186,58.93570947446804
2026-09-04 06:50:00,M-101,64.62748656475883,5.666727162639402,2.5183473414411224,46.89706631112356
2026-09-04 07:00:00,M-104,76.73403783255935,5.484662259838989,2.1321738501253242,49.69236822919017
2026-09-04 07:10:00,M-102,72.27501468016688,4.640707786271589,1.923329494191387,49.91323751158349
2026-09-04 07:20:00,M-103,74.1121748645072,4.178915227171419,1.9976886313308224,59.11306638989657
2026-09-04 07:30:00,M-103,69.66905694026889,4.7603175342363695,1.9916546811523592,43.97090182308296
2026-09-04 07:40:00,M-104,70.16398032894126,5.090800092357795,1.81821303726831,46.44234543819357
2026-09-04 07:50:00,M-103,73.43781952583664,6.361131354410849,2.5711610969295773,47.256604397580716
2026-09-04 08:00:00,M-101,66.17974683797087,5.444465634238423,2.1037033779262835,55.95574399042338
2026-09-04 08:10:00,M-102,70.21004782793332,4.386584657868344,2.033158466541517,57.40873985628119
2026-09-04 08:20:00,M-103,67.70193243060773,4.889655022794575,2.135895989224252,51.32208673785761
2026-09-04 08:30:00,M-102,67.54715594704493,5.176054403677158,3.0429490808580013,56.63036561843316
2026-09-04 08:40:00,M-101,61.45080879687179,5.314157599434144,1.6038965339901192,49.24362697528292
2026-09-04 08:50:00,M-103,78.6966329474,4.60836301286031,1.7042365208993036,46.791777266682246
2026-09-04 09:00:00,M-104,68.56730623423115,5.139254397410323,1.5168001438935512,56.25106860609935
2026-09-04 09:10:00,M-102,77.81688027581775,4.877062388075257,1.9185902665475798,51.413323726636584
2026-09-04 09:20:00,M-101,77.34396160697146,4.703308646828957,2.0859314551645762,42.851285338646925
2026-09-04 09:30:00,M-102,65.57000146741753,5.316818041014529,1.837137118580623,54.981946566870455
2026-09-04 09:40:00,M-103,66.55794382163577,5.54824472804927,1.8110956206468805,46.54055158285804
2026-09-04 09:50:00,M-103,84.80251479677842,5.578468574632729,2.049841703319846,45.68423534093057
2026-09-04 10:00:00,M-104,80.75462970963572,5.458473858010245,1.824262261309606,54.251030577397984
2026-09-04 10:10:00,M-101,71.84240743335948,4.9761837100868815,2.1085615395139934,47.378175014085606
2026-09-04 10:20:00,M-101,73.28686553208675,5.521547392658578,2.3899820213599114,50.72270975228203
2026-09-04 10:30:00,M-104,68.84576798526406,5.33907449714693,2.236960664430282,52.6335770884956
2026-09-04 10:40:00,M-104,74.1617635710017,5.260273847328406,2.308354671507821,42.51939844509331
2026-09-04 10:50:00,M-101,68.41409049638764,4.924738095234191,2.380071444027352,50.693953952775416
2026-09-04 11:00:00,M-102,61.838231178508074,4.976405742696312,2.098989856041546,57.44631173683137
2026-09-04 11:10:00,M-102,65.39222106744475,5.2332491212560495,1.9444756408849146,41.30472999382273
2026-09-04 11:20:00,M-104,72.10546373925294,6.297943510143476,1.7297114251908816,51.14936222181859
2026-09-04 11:30:00,M-102,66.34466382248706,5.335559116041126,1.8630876427274976,42.193725857937984
2026-09-04 11:40:00,M-101,71.66361267543233,4.924965173987371,1.8167100635630868,55.149783786882786
2026-09-04 11:50:00,M-103,66.62669480283569,4.825424749763751,2.256085314317319,55.0833390862484
2026-09-04 12:00:00,M-103,68.08823038749003,4.978705024304709,2.1213738941079687,45.51974361825631
2026-09-04 12:10:00,M-102,76.26582653206596,6.17978205139708,2.2438652519500053,63.467400565336035
2026-09-04 12:20:00,M-104,73.23740273820053,5.020334509324317,1.593882100364947,55.74637716396099
2026-09-04 12:30:00,M-104,71.95167789343327,5.608091740574628,2.5011123194843776,52.94850289595318
2026-09-04 12:40:00,M-104,76.39481986535326,5.03083228953789,1.8505568699726331,52.55427627274295
2026-09-04 12:50:00,M-104,74.40304296673673,5.317533043575833,1.6149941752738681,54.88748836444357
2026-09-04 13:00:00,M-104,79.23281645625684,5.5562853733039255,1.8462737823123656,41.03050314929088
2026-09-04 13:10:00,M-102,69.7007036884243,4.9426437175855344,2.869318097405628,49.36225318922717
2026-09-04 13:20:00,M-103,69.85182510736246,4.911499755631254,1.8642990967279514,50.68233269764129
2026-09-04 13:30:00,M-103,65.49445366804328,5.946491362504899,1.886216234985176,45.19904755688208
2026-09-04 13:40:00,M-102,69.8550964131379,5.643066802703109,1.9327633617796134,51.253566886107755
2026-09-04 13:50:00,M-104,76.82384947151223,5.555802543410828,1.9479828657989906,56.621860103038046
2026-09-04 14:00:00,M-102,78.49993686131067,5.554274331905312,1.726483376969561,45.047616385638655
2026-09-04 14:10:00,M-103,76.80152584043334,5.40680896973998,2.0501245791221456,47.619029897400864
2026-09-04 14:20:00,M-101,63.029040667252815,6.107999115928779,2.3764582178694154,42.25590292902239
2026-09-04 14:30:00,M-102,77.41572606330367,5.219758735844721,2.1100012604175475,35.49107693132446
2026-09-04 14:40:00,M-104,62.80740688363964,5.459768065240414,1.6110921453850051,53.45252526364358
2026-09-04 14:50:00,M-103,76.49058662061174,4.547089182132694,1.879478933273202,47.81986343612527
2026-09-04 15:00:00,M-103,70.16107736714473,4.828767691033942,1.8069654099644297,48.33305592006951
2026-09-04 15:10:00,M-103,75.51266656966928,4.659631450074232,2.01852881388218,41.092584672785314
2026-09-04 15:20:00,M-103,65.33775826052717,5.773328612582267,2.465658085046811,46.701475296746665
2026-09-04 15:30:00,M-104,77.85583816353073,4.051356931590663,1.947891021392691,55.676156524274866
2026-09-04 15:40:00,M-101,64.67512626947556,5.018960489761275,1.9691457958953633,48.00574935745622
2026-09-04 15:50:00,M-103,68.65772544573412,3.85283202880272,2.6221756865868002,48.20428630638789
2026-09-04 16:00:00,M-102,67.00952686115482,4.82592044703315,2.306672097085081,49.45269794504396
2026-09-04 16:10:00,M-101,63.2285757358875,4.97907297262066,2.200928448737287,39.345325101154806
2026-09-04 16:20:00,M-103,72.47263783794234,5.82319199220732,2.6853460653556214,52.3744432487165
2026-09-04 16:30:00,M-101,81.03044558918481,5.378482572649656,2.1714339391779047,39.21361319558919
2026-09-04 16:40:00,M-102,85.33452611160004,4.825086314501966,1.3047155003078672,41.422690931046816
2026-09-04 16:50:00,M-103,72.48577893543124,5.679683673879322,2.2914330152581264,40.65549661694985
2026-09-04 17:00:00,M-102,77.58340637533762,5.208024514538391,1.4427970400084726,46.77342523358618
2026-09-04 17:10:00,M-104,73.16047318964269,5.216905086418263,2.158201879003857,45.532831075234995
2026-08-01 16:40:00,M-103,73.95232424964445,4.879913547872734,1.78858954008383,44.3990192721678
2026-08-02 17:40:00,M-102,76.41166531161704,4.619076001228049,1.2435932637499016,55.287754715671944
2026-08-07 22:40:00,M-102,69.35511145967992,4.848935253375503,1.6717163069042877,39.476300356754614
